id,attachment_count,attachments_json,tag_count,tags_json
1,0,[],0,[]
2,1,"[""C:\\Users\\Ethan\\CoreFiles\\ProjectsFile\\AcademicResearch-auto-workflow\\workspace\\references\\attachments\\能源价格与房地产市场波动——来自中国地级市层面的经验证据.pdf""]",0,[]
3,0,[],0,[]
4,0,[],0,[]
5,0,[],0,[]
6,1,"[""C:\\Users\\Ethan\\CoreFiles\\ProjectsFile\\AcademicResearch-auto-workflow\\workspace\\references\\attachments\\中国房地产企业间系统性风险溢出效应分析——基于尾部风险网络模型.pdf""]",0,[]
7,0,[],0,[]
8,0,[],0,[]
9,0,[],0,[]
10,0,[],0,[]
11,0,[],0,[]
12,0,[],0,[]
13,0,[],0,[]
14,0,[],0,[]
15,0,[],0,[]
16,0,[],0,[]
17,0,[],0,[]
18,0,[],0,[]
19,0,[],0,[]
20,0,[],0,[]
21,0,[],0,[]
22,0,[],0,[]
23,0,[],0,[]
24,0,[],0,[]
25,0,[],0,[]
26,0,[],0,[]
27,0,[],0,[]
28,0,[],0,[]
29,1,"[""C:\\Users\\Ethan\\CoreFiles\\ProjectsFile\\AcademicResearch-auto-workflow\\workspace\\references\\attachments\\银行资产负债结构对金融风险传染的影响.pdf""]",0,[]
30,0,[],0,[]
31,0,[],0,[]
32,0,[],0,[]
33,0,[],0,[]
34,0,[],0,[]
35,0,[],0,[]
36,0,[],0,[]
37,1,"[""C:\\Users\\Ethan\\CoreFiles\\ProjectsFile\\AcademicResearch-auto-workflow\\workspace\\references\\attachments\\基于新闻大数据与机器学习的中国银行业系统性风险研究.pdf""]",0,[]
38,0,[],0,[]
39,0,[],0,[]
40,0,[],0,[]
41,0,[],0,[]
42,0,[],0,[]
43,1,"[""C:\\Users\\Ethan\\CoreFiles\\ProjectsFile\\AcademicResearch-auto-workflow\\workspace\\references\\attachments\\金融强监管、影子银行与银行系统性风险.pdf""]",0,[]
44,0,[],0,[]
45,0,[],0,[]
46,0,[],0,[]
47,0,[],0,[]
48,0,[],0,[]
49,0,[],0,[]
50,0,[],0,[]
51,1,"[""C:\\Users\\Ethan\\CoreFiles\\ProjectsFile\\AcademicResearch-auto-workflow\\workspace\\references\\attachments\\系统性风险、抛售博弈与宏观审慎政策.pdf""]",0,[]
52,1,"[""C:\\Users\\Ethan\\CoreFiles\\ProjectsFile\\AcademicResearch-auto-workflow\\workspace\\references\\attachments\\金融稳定沟通与银行系统性风险.pdf""]",0,[]
53,0,[],0,[]
54,0,[],0,[]
55,0,[],0,[]
56,1,"[""C:\\Users\\Ethan\\CoreFiles\\ProjectsFile\\AcademicResearch-auto-workflow\\workspace\\references\\attachments\\银行系统性风险多渠道形成机制及测度研究.pdf""]",0,[]
57,0,[],0,[]
58,0,[],0,[]
59,0,[],0,[]
60,0,[],0,[]
61,1,"[""C:\\Users\\Ethan\\CoreFiles\\ProjectsFile\\AcademicResearch-auto-workflow\\workspace\\references\\attachments\\外部冲击下系统性金融风险的生成机制.pdf""]",0,[]
62,0,[],0,[]
63,1,"[""C:\\Users\\Ethan\\CoreFiles\\ProjectsFile\\AcademicResearch-auto-workflow\\workspace\\references\\attachments\\新常态下中国银行业的改革与创新.pdf""]",0,[]
64,1,"[""C:\\Users\\Ethan\\CoreFiles\\ProjectsFile\\AcademicResearch-auto-workflow\\workspace\\references\\attachments\\后危机时代英美银行监管体系变革.pdf""]",0,[]
65,1,"[""C:\\Users\\Ethan\\CoreFiles\\ProjectsFile\\AcademicResearch-auto-workflow\\workspace\\references\\attachments\\基于网络理论的投资多元化与银行系统性风险研究.pdf""]",0,[]
66,1,"[""C:\\Users\\Ethan\\CoreFiles\\ProjectsFile\\AcademicResearch-auto-workflow\\workspace\\references\\attachments\\房地产市场距调控目标仍有距离.pdf""]",0,[]
67,1,"[""C:\\Users\\Ethan\\CoreFiles\\ProjectsFile\\AcademicResearch-auto-workflow\\workspace\\references\\attachments\\竞争失衡与系统优化：中国商业银行的市场结构研究.pdf""]",0,[]
68,1,"[""C:\\Users\\Ethan\\CoreFiles\\ProjectsFile\\AcademicResearch-auto-workflow\\workspace\\references\\attachments\\浙江省城市化水平对房地产价格波动的影响分析——基于VAR模型的实证研究.pdf""]",0,[]
69,1,"[""C:\\Users\\Ethan\\CoreFiles\\ProjectsFile\\AcademicResearch-auto-workflow\\workspace\\references\\attachments\\我国商业银行的系统重要性度量.pdf""]",0,[]
70,1,"[""C:\\Users\\Ethan\\CoreFiles\\ProjectsFile\\AcademicResearch-auto-workflow\\workspace\\references\\attachments\\地方政府隐性债务与银行体系系统性风险——基于地方融资平台视角的研究.pdf""]",0,[]
71,1,"[""C:\\Users\\Ethan\\CoreFiles\\ProjectsFile\\AcademicResearch-auto-workflow\\workspace\\references\\attachments\\规模大的银行风险真的高吗_——基于中国上市商业银行的实证分析.pdf""]",0,[]
72,0,[],0,[]
73,1,"[""C:\\Users\\Ethan\\CoreFiles\\ProjectsFile\\AcademicResearch-auto-workflow\\workspace\\references\\attachments\\银行网络中的风险传染机制研究.pdf""]",0,[]
74,1,"[""C:\\Users\\Ethan\\CoreFiles\\ProjectsFile\\AcademicResearch-auto-workflow\\workspace\\references\\attachments\\银行间网络连接倾向异质性与风险传染.pdf""]",0,[]
75,0,[],0,[]
76,1,"[""C:\\Users\\Ethan\\CoreFiles\\ProjectsFile\\AcademicResearch-auto-workflow\\workspace\\references\\attachments\\从深圳房地产市场波动看我国房地产市场走势.pdf""]",0,[]
77,1,"[""C:\\Users\\Ethan\\CoreFiles\\ProjectsFile\\AcademicResearch-auto-workflow\\workspace\\references\\attachments\\浅谈商业银行房地产贷款信用风险及防范.pdf""]",0,[]
78,1,"[""C:\\Users\\Ethan\\CoreFiles\\ProjectsFile\\AcademicResearch-auto-workflow\\workspace\\references\\attachments\\新形势下影响我国房地产经济周期波动因素的反思.pdf""]",0,[]
79,1,"[""C:\\Users\\Ethan\\CoreFiles\\ProjectsFile\\AcademicResearch-auto-workflow\\workspace\\references\\attachments\\数字金融对银行系统性风险的影响.pdf""]",0,[]
80,1,"[""C:\\Users\\Ethan\\CoreFiles\\ProjectsFile\\AcademicResearch-auto-workflow\\workspace\\references\\attachments\\经营同质化背景下表外业务对银行系统性风险的影响.pdf""]",0,[]
81,1,"[""C:\\Users\\Ethan\\CoreFiles\\ProjectsFile\\AcademicResearch-auto-workflow\\workspace\\references\\attachments\\A股市场系统性风险的预警指标体系研究(摘要).pdf""]",0,[]
82,1,"[""C:\\Users\\Ethan\\CoreFiles\\ProjectsFile\\AcademicResearch-auto-workflow\\workspace\\references\\attachments\\基于VAR模型的黑龙江省房地产价格波动的影响因素分析.pdf""]",0,[]
83,1,"[""C:\\Users\\Ethan\\CoreFiles\\ProjectsFile\\AcademicResearch-auto-workflow\\workspace\\references\\attachments\\西安市房地产泡沫测度及其对策研究.pdf""]",0,[]
84,1,"[""C:\\Users\\Ethan\\CoreFiles\\ProjectsFile\\AcademicResearch-auto-workflow\\workspace\\references\\attachments\\少子老龄化与房价波动研究综述.pdf""]",0,[]
85,0,[],0,[]
86,1,"[""C:\\Users\\Ethan\\CoreFiles\\ProjectsFile\\AcademicResearch-auto-workflow\\workspace\\references\\attachments\\系统性金融风险的识别与防范.pdf""]",0,[]
87,1,"[""C:\\Users\\Ethan\\CoreFiles\\ProjectsFile\\AcademicResearch-auto-workflow\\workspace\\references\\attachments\\外资撤离对我国银行业的影响——以房地产市场为传导渠道.pdf""]",0,[]
88,1,"[""C:\\Users\\Ethan\\CoreFiles\\ProjectsFile\\AcademicResearch-auto-workflow\\workspace\\references\\attachments\\绿色信贷与商业银行系统性风险：诱发机制及化解路径.pdf""]",0,[]
89,0,[],0,[]
90,1,"[""C:\\Users\\Ethan\\CoreFiles\\ProjectsFile\\AcademicResearch-auto-workflow\\workspace\\references\\attachments\\银行信贷与房地产价格非理性波动的检验.pdf""]",0,[]
91,1,"[""C:\\Users\\Ethan\\CoreFiles\\ProjectsFile\\AcademicResearch-auto-workflow\\workspace\\references\\attachments\\银行间风险传染与系统性风险研究.pdf""]",0,[]
92,1,"[""C:\\Users\\Ethan\\CoreFiles\\ProjectsFile\\AcademicResearch-auto-workflow\\workspace\\references\\attachments\\银行业系统性风险度量与监管研究.pdf""]",0,[]
93,1,"[""C:\\Users\\Ethan\\CoreFiles\\ProjectsFile\\AcademicResearch-auto-workflow\\workspace\\references\\attachments\\对建立我国宏观审慎监管框架的思考.pdf""]",0,[]
94,0,[],0,[]
95,1,"[""C:\\Users\\Ethan\\CoreFiles\\ProjectsFile\\AcademicResearch-auto-workflow\\workspace\\references\\attachments\\影子银行业务对商业银行系统性风险的影响研究.pdf""]",0,[]
96,1,"[""C:\\Users\\Ethan\\CoreFiles\\ProjectsFile\\AcademicResearch-auto-workflow\\workspace\\references\\attachments\\银行应认真审视房地产业的经营风险.pdf""]",0,[]
97,1,"[""C:\\Users\\Ethan\\CoreFiles\\ProjectsFile\\AcademicResearch-auto-workflow\\workspace\\references\\attachments\\数量型和价格型货币政策对系统性金融风险的动态影响研究.pdf""]",0,[]
98,1,"[""C:\\Users\\Ethan\\CoreFiles\\ProjectsFile\\AcademicResearch-auto-workflow\\workspace\\references\\attachments\\中国房地产价格波动对宏观经济的影响研究.pdf""]",0,[]
99,1,"[""C:\\Users\\Ethan\\CoreFiles\\ProjectsFile\\AcademicResearch-auto-workflow\\workspace\\references\\attachments\\金融体制改革_形势  任务  取向.pdf""]",0,[]
100,1,"[""C:\\Users\\Ethan\\CoreFiles\\ProjectsFile\\AcademicResearch-auto-workflow\\workspace\\references\\attachments\\银行信贷扩张与房地产价格波动关联性研究.pdf""]",0,[]
101,1,"[""C:\\Users\\Ethan\\CoreFiles\\ProjectsFile\\AcademicResearch-auto-workflow\\workspace\\references\\attachments\\我国影子银行与房地产金融风险研究——基于中央银行金融稳定的视角.pdf""]",0,[]
102,1,"[""C:\\Users\\Ethan\\CoreFiles\\ProjectsFile\\AcademicResearch-auto-workflow\\workspace\\references\\attachments\\房地产周期理论与实证研究.pdf""]",0,[]
103,1,"[""C:\\Users\\Ethan\\CoreFiles\\ProjectsFile\\AcademicResearch-auto-workflow\\workspace\\references\\attachments\\保持经济金融发展良好势头.pdf""]",0,[]
104,1,"[""C:\\Users\\Ethan\\CoreFiles\\ProjectsFile\\AcademicResearch-auto-workflow\\workspace\\references\\attachments\\商业银行同业业务对银行系统性风险的影响研究.pdf""]",0,[]
105,1,"[""C:\\Users\\Ethan\\CoreFiles\\ProjectsFile\\AcademicResearch-auto-workflow\\workspace\\references\\attachments\\中美影子银行运作机制的综述研究.pdf""]",0,[]
106,1,"[""C:\\Users\\Ethan\\CoreFiles\\ProjectsFile\\AcademicResearch-auto-workflow\\workspace\\references\\attachments\\基于Structural-GARCH模型的中国银行业系统性风险研究.pdf""]",0,[]
107,1,"[""C:\\Users\\Ethan\\CoreFiles\\ProjectsFile\\AcademicResearch-auto-workflow\\workspace\\references\\attachments\\期待房地产经纪行业从市场波动中走向成熟.pdf""]",0,[]
108,1,"[""C:\\Users\\Ethan\\CoreFiles\\ProjectsFile\\AcademicResearch-auto-workflow\\workspace\\references\\attachments\\我国房地产价格波动与银行信贷增长关系的协整检验与误差修正模型.pdf""]",0,[]
109,1,"[""C:\\Users\\Ethan\\CoreFiles\\ProjectsFile\\AcademicResearch-auto-workflow\\workspace\\references\\attachments\\浅析房地产周期波动.pdf""]",0,[]
110,1,"[""C:\\Users\\Ethan\\CoreFiles\\ProjectsFile\\AcademicResearch-auto-workflow\\workspace\\references\\attachments\\利率对我国房价调控效应的实证研究.pdf""]",0,[]
111,1,"[""C:\\Users\\Ethan\\CoreFiles\\ProjectsFile\\AcademicResearch-auto-workflow\\workspace\\references\\attachments\\2009年以来我国房地产市场反复波动的原因及相应的对策研究.pdf""]",0,[]
112,1,"[""C:\\Users\\Ethan\\CoreFiles\\ProjectsFile\\AcademicResearch-auto-workflow\\workspace\\references\\attachments\\新时代背景下基于风险传染视角的银行系统性风险生成与防范对策分析.pdf""]",0,[]
113,1,"[""C:\\Users\\Ethan\\CoreFiles\\ProjectsFile\\AcademicResearch-auto-workflow\\workspace\\references\\attachments\\人口结构变化对房地产周期性波动的影响.pdf""]",0,[]
114,1,"[""C:\\Users\\Ethan\\CoreFiles\\ProjectsFile\\AcademicResearch-auto-workflow\\workspace\\references\\attachments\\金融科技对上市商业银行系统性风险的影响.pdf""]",0,[]
115,1,"[""C:\\Users\\Ethan\\CoreFiles\\ProjectsFile\\AcademicResearch-auto-workflow\\workspace\\references\\attachments\\中国房地产系统性风险分析.pdf""]",0,[]
116,1,"[""C:\\Users\\Ethan\\CoreFiles\\ProjectsFile\\AcademicResearch-auto-workflow\\workspace\\references\\attachments\\房地产价格波动影响及广义价格水平指数的构建.pdf""]",0,[]
117,1,"[""C:\\Users\\Ethan\\CoreFiles\\ProjectsFile\\AcademicResearch-auto-workflow\\workspace\\references\\attachments\\美日中小银行发展对我国的启示.pdf""]",0,[]
118,1,"[""C:\\Users\\Ethan\\CoreFiles\\ProjectsFile\\AcademicResearch-auto-workflow\\workspace\\references\\attachments\\不良资产证券化的国际借鉴.pdf""]",0,[]
119,1,"[""C:\\Users\\Ethan\\CoreFiles\\ProjectsFile\\AcademicResearch-auto-workflow\\workspace\\references\\attachments\\浅析金融科技浪潮下商业银行的发展现状.pdf""]",0,[]
120,1,"[""C:\\Users\\Ethan\\CoreFiles\\ProjectsFile\\AcademicResearch-auto-workflow\\workspace\\references\\attachments\\金融杠杆与房地产价格：影响机制及其效应研究.pdf""]",0,[]
121,0,[],0,[]
122,1,"[""C:\\Users\\Ethan\\CoreFiles\\ProjectsFile\\AcademicResearch-auto-workflow\\workspace\\references\\attachments\\外生冲击与房地产真实价格波动——对1998～2003年中国31省(市、区)的实证研究.pdf""]",0,[]
123,1,"[""C:\\Users\\Ethan\\CoreFiles\\ProjectsFile\\AcademicResearch-auto-workflow\\workspace\\references\\attachments\\信贷证券化减少我国银行系统性风险了吗_.pdf""]",0,[]
124,1,"[""C:\\Users\\Ethan\\CoreFiles\\ProjectsFile\\AcademicResearch-auto-workflow\\workspace\\references\\attachments\\人口结构对房地产价格的影响——基于动态面板和门限模型的实证研究.pdf""]",0,[]
125,1,"[""C:\\Users\\Ethan\\CoreFiles\\ProjectsFile\\AcademicResearch-auto-workflow\\workspace\\references\\attachments\\后危机时代构建宏观审慎监管的思考.pdf""]",0,[]
126,1,"[""C:\\Users\\Ethan\\CoreFiles\\ProjectsFile\\AcademicResearch-auto-workflow\\workspace\\references\\attachments\\基于复杂网络杠杆率对商业银行系统性风险影响研究.pdf""]",0,[]
127,1,"[""C:\\Users\\Ethan\\CoreFiles\\ProjectsFile\\AcademicResearch-auto-workflow\\workspace\\references\\attachments\\ESG评级对商业银行系统性风险的影响——基于中国29家A股上市银行的研究.pdf""]",0,[]
128,0,[],0,[]
129,1,"[""C:\\Users\\Ethan\\CoreFiles\\ProjectsFile\\AcademicResearch-auto-workflow\\workspace\\references\\attachments\\我国商业银行非系统性风险实证研究.pdf""]",0,[]
130,1,"[""C:\\Users\\Ethan\\CoreFiles\\ProjectsFile\\AcademicResearch-auto-workflow\\workspace\\references\\attachments\\房地产调控政策对银行信贷影响实证研究.pdf""]",0,[]
131,1,"[""C:\\Users\\Ethan\\CoreFiles\\ProjectsFile\\AcademicResearch-auto-workflow\\workspace\\references\\attachments\\国家审计与金融体系效能提升.pdf""]",0,[]
132,1,"[""C:\\Users\\Ethan\\CoreFiles\\ProjectsFile\\AcademicResearch-auto-workflow\\workspace\\references\\attachments\\中国房地产金融风险影响因素相关性分析.pdf""]",0,[]
133,1,"[""C:\\Users\\Ethan\\CoreFiles\\ProjectsFile\\AcademicResearch-auto-workflow\\workspace\\references\\attachments\\建设银行如何应对商业房地产金融风险.pdf""]",0,[]
134,1,"[""C:\\Users\\Ethan\\CoreFiles\\ProjectsFile\\AcademicResearch-auto-workflow\\workspace\\references\\attachments\\我国金融市场间风险传染与系统性风险溢出效应——基于银行、证券、保险市场的E-CoVaR模型分析.pdf""]",0,[]
135,1,"[""C:\\Users\\Ethan\\CoreFiles\\ProjectsFile\\AcademicResearch-auto-workflow\\workspace\\references\\attachments\\基于一线城市房地产泡沫下我国银行业的风险与防范.pdf""]",0,[]
136,1,"[""C:\\Users\\Ethan\\CoreFiles\\ProjectsFile\\AcademicResearch-auto-workflow\\workspace\\references\\attachments\\中国系统性金融风险的防范对策.pdf""]",0,[]
137,1,"[""C:\\Users\\Ethan\\CoreFiles\\ProjectsFile\\AcademicResearch-auto-workflow\\workspace\\references\\attachments\\试论我国房地产周期波动与当前宏观调控政策取向.pdf""]",0,[]
138,1,"[""C:\\Users\\Ethan\\CoreFiles\\ProjectsFile\\AcademicResearch-auto-workflow\\workspace\\references\\attachments\\影子银行与银行系统性金融风险传递的理论与实证研究.pdf""]",0,[]
139,1,"[""C:\\Users\\Ethan\\CoreFiles\\ProjectsFile\\AcademicResearch-auto-workflow\\workspace\\references\\attachments\\中国房地产市场价格波动及风险溢出效应研究.pdf""]",0,[]
140,1,"[""C:\\Users\\Ethan\\CoreFiles\\ProjectsFile\\AcademicResearch-auto-workflow\\workspace\\references\\attachments\\我国房地产业对房地产金融风险的影响分析.pdf""]",0,[]
141,1,"[""C:\\Users\\Ethan\\CoreFiles\\ProjectsFile\\AcademicResearch-auto-workflow\\workspace\\references\\attachments\\大连商品住宅将规定最高限价.pdf""]",0,[]
142,1,"[""C:\\Users\\Ethan\\CoreFiles\\ProjectsFile\\AcademicResearch-auto-workflow\\workspace\\references\\attachments\\论商业银行转型升级策略的三个维度——兼论中国商业银行的系统性风险诱因及体制形成机理.pdf""]",0,[]
143,0,[],0,[]
144,1,"[""C:\\Users\\Ethan\\CoreFiles\\ProjectsFile\\AcademicResearch-auto-workflow\\workspace\\references\\attachments\\影子银行对中国银行业系统性风险的影响实证——基于Credit-to-GDP Gaps指标.pdf""]",0,[]
145,1,"[""C:\\Users\\Ethan\\CoreFiles\\ProjectsFile\\AcademicResearch-auto-workflow\\workspace\\references\\attachments\\浅析系统性重要银行不能倒闭.pdf""]",0,[]
146,1,"[""C:\\Users\\Ethan\\CoreFiles\\ProjectsFile\\AcademicResearch-auto-workflow\\workspace\\references\\attachments\\数字金融时代银行系统性风险控制策略.pdf""]",0,[]
147,0,[],0,[]
148,1,"[""C:\\Users\\Ethan\\CoreFiles\\ProjectsFile\\AcademicResearch-auto-workflow\\workspace\\references\\attachments\\新时期银行监管工作需要处理好十大关系.pdf""]",0,[]
149,0,[],0,[]
150,1,"[""C:\\Users\\Ethan\\CoreFiles\\ProjectsFile\\AcademicResearch-auto-workflow\\workspace\\references\\attachments\\现阶段我国房地产经济波动的影响因素及应对方式.pdf""]",0,[]
151,1,"[""C:\\Users\\Ethan\\CoreFiles\\ProjectsFile\\AcademicResearch-auto-workflow\\workspace\\references\\attachments\\对房地产行业股市波动性的实证研究——基于GARCH模型.pdf""]",0,[]
152,1,"[""C:\\Users\\Ethan\\CoreFiles\\ProjectsFile\\AcademicResearch-auto-workflow\\workspace\\references\\attachments\\房地产价格波动对银行风险的影响研究.pdf""]",0,[]
153,1,"[""C:\\Users\\Ethan\\CoreFiles\\ProjectsFile\\AcademicResearch-auto-workflow\\workspace\\references\\attachments\\银行与证券行业金融风险关联效应研究.pdf""]",0,[]
154,1,"[""C:\\Users\\Ethan\\CoreFiles\\ProjectsFile\\AcademicResearch-auto-workflow\\workspace\\references\\attachments\\中国银行业系统性风险的降低及其原因分析.pdf""]",0,[]
155,1,"[""C:\\Users\\Ethan\\CoreFiles\\ProjectsFile\\AcademicResearch-auto-workflow\\workspace\\references\\attachments\\房地产价格、货币政策与宏观经济波动.pdf""]",0,[]
156,1,"[""C:\\Users\\Ethan\\CoreFiles\\ProjectsFile\\AcademicResearch-auto-workflow\\workspace\\references\\attachments\\银行治理、股价非系统性波动与银行业系统性风险.pdf""]",0,[]
157,1,"[""C:\\Users\\Ethan\\CoreFiles\\ProjectsFile\\AcademicResearch-auto-workflow\\workspace\\references\\attachments\\信息技术发展对房地产经济波动的影响及对策.pdf""]",0,[]
158,1,"[""C:\\Users\\Ethan\\CoreFiles\\ProjectsFile\\AcademicResearch-auto-workflow\\workspace\\references\\attachments\\房地产价格波动与居民收入差距间的关系探讨.pdf""]",0,[]
159,1,"[""C:\\Users\\Ethan\\CoreFiles\\ProjectsFile\\AcademicResearch-auto-workflow\\workspace\\references\\attachments\\银行应积极参与房地产开发.pdf""]",0,[]
160,1,"[""C:\\Users\\Ethan\\CoreFiles\\ProjectsFile\\AcademicResearch-auto-workflow\\workspace\\references\\attachments\\资产价格波动与货币政策的相关性研究.pdf""]",0,[]
161,1,"[""C:\\Users\\Ethan\\CoreFiles\\ProjectsFile\\AcademicResearch-auto-workflow\\workspace\\references\\attachments\\银行体系系统性金融风险测度及预警研究.pdf""]",0,[]
162,1,"[""C:\\Users\\Ethan\\CoreFiles\\ProjectsFile\\AcademicResearch-auto-workflow\\workspace\\references\\attachments\\浙江省房地产市场周期波动研究1990-2013年.pdf""]",0,[]
163,1,"[""C:\\Users\\Ethan\\CoreFiles\\ProjectsFile\\AcademicResearch-auto-workflow\\workspace\\references\\attachments\\严监管背景下地方债务触发银行系统性风险的交替式“双渠道”研究.pdf""]",0,[]
164,0,[],0,[]
165,1,"[""C:\\Users\\Ethan\\CoreFiles\\ProjectsFile\\AcademicResearch-auto-workflow\\workspace\\references\\attachments\\异质性视角下的商业银行系统性风险溢出效应测度.pdf""]",0,[]
166,1,"[""C:\\Users\\Ethan\\CoreFiles\\ProjectsFile\\AcademicResearch-auto-workflow\\workspace\\references\\attachments\\商业银行风险传导.pdf""]",0,[]
167,1,"[""C:\\Users\\Ethan\\CoreFiles\\ProjectsFile\\AcademicResearch-auto-workflow\\workspace\\references\\attachments\\银行系统性风险的成因及防范研究.pdf""]",0,[]
168,1,"[""C:\\Users\\Ethan\\CoreFiles\\ProjectsFile\\AcademicResearch-auto-workflow\\workspace\\references\\attachments\\房地产周期波动因素分析.pdf""]",0,[]
169,1,"[""C:\\Users\\Ethan\\CoreFiles\\ProjectsFile\\AcademicResearch-auto-workflow\\workspace\\references\\attachments\\中国银行业投贷联动业务潜在非系统性风险控制研究.pdf""]",0,[]
170,1,"[""C:\\Users\\Ethan\\CoreFiles\\ProjectsFile\\AcademicResearch-auto-workflow\\workspace\\references\\attachments\\楼市博弈迷局中商业银行住房抵押贷款信用风险——基于VAR和t-Copula方法.pdf""]",0,[]
171,1,"[""C:\\Users\\Ethan\\CoreFiles\\ProjectsFile\\AcademicResearch-auto-workflow\\workspace\\references\\attachments\\杭州市房地产周期理论与实证研究.pdf""]",0,[]
172,0,[],0,[]
173,1,"[""C:\\Users\\Ethan\\CoreFiles\\ProjectsFile\\AcademicResearch-auto-workflow\\workspace\\references\\attachments\\银监会主席刘明康强调银行系统性风险正在积聚.pdf""]",0,[]
174,1,"[""C:\\Users\\Ethan\\CoreFiles\\ProjectsFile\\AcademicResearch-auto-workflow\\workspace\\references\\attachments\\货币的内生性及其影响.pdf""]",0,[]
175,1,"[""C:\\Users\\Ethan\\CoreFiles\\ProjectsFile\\AcademicResearch-auto-workflow\\workspace\\references\\attachments\\基于信贷网络的上市系统性重要银行清偿力风险研究.pdf""]",0,[]
176,1,"[""C:\\Users\\Ethan\\CoreFiles\\ProjectsFile\\AcademicResearch-auto-workflow\\workspace\\references\\attachments\\试论房地产经济波动的影响因素.pdf""]",0,[]
177,1,"[""C:\\Users\\Ethan\\CoreFiles\\ProjectsFile\\AcademicResearch-auto-workflow\\workspace\\references\\attachments\\金融危机传染的网络理论研究述评.pdf""]",0,[]
178,1,"[""C:\\Users\\Ethan\\CoreFiles\\ProjectsFile\\AcademicResearch-auto-workflow\\workspace\\references\\attachments\\我国房地产发展与宏观经济波动的关系研究.pdf""]",0,[]
179,1,"[""C:\\Users\\Ethan\\CoreFiles\\ProjectsFile\\AcademicResearch-auto-workflow\\workspace\\references\\attachments\\长沙市房地产的价格波动与预测研究.pdf""]",0,[]
180,1,"[""C:\\Users\\Ethan\\CoreFiles\\ProjectsFile\\AcademicResearch-auto-workflow\\workspace\\references\\attachments\\河北房地产周期与宏观经济波动关系分析.pdf""]",0,[]
181,1,"[""C:\\Users\\Ethan\\CoreFiles\\ProjectsFile\\AcademicResearch-auto-workflow\\workspace\\references\\attachments\\绿色金融对商业银行系统性风险溢出效应测度.pdf""]",0,[]
182,1,"[""C:\\Users\\Ethan\\CoreFiles\\ProjectsFile\\AcademicResearch-auto-workflow\\workspace\\references\\attachments\\基于实物期权理论的房地产项目开发时机决策研究.pdf""]",0,[]
183,1,"[""C:\\Users\\Ethan\\CoreFiles\\ProjectsFile\\AcademicResearch-auto-workflow\\workspace\\references\\attachments\\规避“灰犀牛”与“黑天鹅”,守住系统性风险底线.pdf""]",0,[]
184,1,"[""C:\\Users\\Ethan\\CoreFiles\\ProjectsFile\\AcademicResearch-auto-workflow\\workspace\\references\\attachments\\贵金属避险价值受关注.pdf""]",0,[]
185,1,"[""C:\\Users\\Ethan\\CoreFiles\\ProjectsFile\\AcademicResearch-auto-workflow\\workspace\\references\\attachments\\利率市场化对我国商业银行信贷风险的影响.pdf""]",0,[]
186,1,"[""C:\\Users\\Ethan\\CoreFiles\\ProjectsFile\\AcademicResearch-auto-workflow\\workspace\\references\\attachments\\我国房地产市场周期波动的经济因素分析.pdf""]",0,[]
187,1,"[""C:\\Users\\Ethan\\CoreFiles\\ProjectsFile\\AcademicResearch-auto-workflow\\workspace\\references\\attachments\\宏观审慎监管政策框架与治理机制.pdf""]",0,[]
188,1,"[""C:\\Users\\Ethan\\CoreFiles\\ProjectsFile\\AcademicResearch-auto-workflow\\workspace\\references\\attachments\\我国房地产价格波动背后的金融影响因素分析.pdf""]",0,[]
189,1,"[""C:\\Users\\Ethan\\CoreFiles\\ProjectsFile\\AcademicResearch-auto-workflow\\workspace\\references\\attachments\\基于文献计量的宏观审慎研究动态与特征.pdf""]",0,[]
190,1,"[""C:\\Users\\Ethan\\CoreFiles\\ProjectsFile\\AcademicResearch-auto-workflow\\workspace\\references\\attachments\\防范化解全球金融风险分析——透过双循环格局下的总体安全观.pdf""]",0,[]
191,1,"[""C:\\Users\\Ethan\\CoreFiles\\ProjectsFile\\AcademicResearch-auto-workflow\\workspace\\references\\attachments\\基于双支柱调控的银行异质性、系统性风险与宏观经济运行研究.pdf""]",0,[]
192,1,"[""C:\\Users\\Ethan\\CoreFiles\\ProjectsFile\\AcademicResearch-auto-workflow\\workspace\\references\\attachments\\关于我国银行风险预警问题的探讨.pdf""]",0,[]
193,1,"[""C:\\Users\\Ethan\\CoreFiles\\ProjectsFile\\AcademicResearch-auto-workflow\\workspace\\references\\attachments\\房地产市场与股票市场价格波动相关性研究.pdf""]",0,[]
194,1,"[""C:\\Users\\Ethan\\CoreFiles\\ProjectsFile\\AcademicResearch-auto-workflow\\workspace\\references\\attachments\\陕西省住宅价格波动研究与对策分析.pdf""]",0,[]
195,0,[],0,[]
196,1,"[""C:\\Users\\Ethan\\CoreFiles\\ProjectsFile\\AcademicResearch-auto-workflow\\workspace\\references\\attachments\\房地产业周期  波动规律再探——兼论房地产业的冷与热.pdf""]",0,[]
197,1,"[""C:\\Users\\Ethan\\CoreFiles\\ProjectsFile\\AcademicResearch-auto-workflow\\workspace\\references\\attachments\\金融市场系统性风险传导和溢出效应研究.pdf""]",0,[]
198,1,"[""C:\\Users\\Ethan\\CoreFiles\\ProjectsFile\\AcademicResearch-auto-workflow\\workspace\\references\\attachments\\金融学视域下新冠肺炎疫情对经济系统的影响分析.pdf""]",0,[]
199,1,"[""C:\\Users\\Ethan\\CoreFiles\\ProjectsFile\\AcademicResearch-auto-workflow\\workspace\\references\\attachments\\非利息收入占比对我国商业银行风险影响的研究.pdf""]",0,[]
200,1,"[""C:\\Users\\Ethan\\CoreFiles\\ProjectsFile\\AcademicResearch-auto-workflow\\workspace\\references\\attachments\\基于VAR模型的江苏省房地产价格与银行信贷的实证研究.pdf""]",0,[]
201,1,"[""C:\\Users\\Ethan\\CoreFiles\\ProjectsFile\\AcademicResearch-auto-workflow\\workspace\\references\\attachments\\中国银行股收益分布对房地产股收益波动的敏感性研究.pdf""]",0,[]
202,1,"[""C:\\Users\\Ethan\\CoreFiles\\ProjectsFile\\AcademicResearch-auto-workflow\\workspace\\references\\attachments\\房地产市场与股票市场波动周期对比.pdf""]",0,[]
203,1,"[""C:\\Users\\Ethan\\CoreFiles\\ProjectsFile\\AcademicResearch-auto-workflow\\workspace\\references\\attachments\\宏观审慎视角下我国影子银行宏观效应的实证分析.pdf""]",0,[]
204,1,"[""C:\\Users\\Ethan\\CoreFiles\\ProjectsFile\\AcademicResearch-auto-workflow\\workspace\\references\\attachments\\基于实物期权视角房地产市场价格波动影响因素分析.pdf""]",0,[]
205,1,"[""C:\\Users\\Ethan\\CoreFiles\\ProjectsFile\\AcademicResearch-auto-workflow\\workspace\\references\\attachments\\中国房地产市场的量价波动关系——基于联立方程模型的实证分析.pdf""]",0,[]
206,1,"[""C:\\Users\\Ethan\\CoreFiles\\ProjectsFile\\AcademicResearch-auto-workflow\\workspace\\references\\attachments\\特殊时期对房地产行业波动的影响研究.pdf""]",0,[]
207,1,"[""C:\\Users\\Ethan\\CoreFiles\\ProjectsFile\\AcademicResearch-auto-workflow\\workspace\\references\\attachments\\中国房地产调控政策绩效研究.pdf""]",0,[]
208,1,"[""C:\\Users\\Ethan\\CoreFiles\\ProjectsFile\\AcademicResearch-auto-workflow\\workspace\\references\\attachments\\防范我国房地产经济周期剧烈波动的对策研究.pdf""]",0,[]
209,1,"[""C:\\Users\\Ethan\\CoreFiles\\ProjectsFile\\AcademicResearch-auto-workflow\\workspace\\references\\attachments\\房地产企业入股银行的收益和风险分析.pdf""]",0,[]
210,1,"[""C:\\Users\\Ethan\\CoreFiles\\ProjectsFile\\AcademicResearch-auto-workflow\\workspace\\references\\attachments\\我国房地产企业融资风险分析及对策研究.pdf""]",0,[]
211,1,"[""C:\\Users\\Ethan\\CoreFiles\\ProjectsFile\\AcademicResearch-auto-workflow\\workspace\\references\\attachments\\银行信贷对我国房地产泡沫化成因的影响.pdf""]",0,[]
212,1,"[""C:\\Users\\Ethan\\CoreFiles\\ProjectsFile\\AcademicResearch-auto-workflow\\workspace\\references\\attachments\\完善影子银行统计需明确重点.pdf""]",0,[]
213,0,[],0,[]
214,0,[],0,[]
215,0,[],0,[]
216,1,"[""C:\\Users\\Ethan\\CoreFiles\\ProjectsFile\\AcademicResearch-auto-workflow\\workspace\\references\\attachments\\商业银行杠杆顺周期与金融稳定——基于我国26家上市商业银行的实证研究.pdf""]",0,[]
217,1,"[""C:\\Users\\Ethan\\CoreFiles\\ProjectsFile\\AcademicResearch-auto-workflow\\workspace\\references\\attachments\\系统性风险视角下的Basel Ⅲ对中国商业银行资本缺口影响.pdf""]",0,[]
218,1,"[""C:\\Users\\Ethan\\CoreFiles\\ProjectsFile\\AcademicResearch-auto-workflow\\workspace\\references\\attachments\\国外银行系统性风险研究综述.pdf""]",0,[]
219,1,"[""C:\\Users\\Ethan\\CoreFiles\\ProjectsFile\\AcademicResearch-auto-workflow\\workspace\\references\\attachments\\从《中国人民银行法》看人民银行县支行职能的变化.pdf""]",0,[]
220,1,"[""C:\\Users\\Ethan\\CoreFiles\\ProjectsFile\\AcademicResearch-auto-workflow\\workspace\\references\\attachments\\宏观审慎视角下我国商业银行系统性风险研究.pdf""]",0,[]
221,1,"[""C:\\Users\\Ethan\\CoreFiles\\ProjectsFile\\AcademicResearch-auto-workflow\\workspace\\references\\attachments\\存款保险制度、银行特征与系统性风险.pdf""]",0,[]
222,1,"[""C:\\Users\\Ethan\\CoreFiles\\ProjectsFile\\AcademicResearch-auto-workflow\\workspace\\references\\attachments\\我国房地产价格的变化趋势与周期波动.pdf""]",0,[]
223,0,[],0,[]
224,1,"[""C:\\Users\\Ethan\\CoreFiles\\ProjectsFile\\AcademicResearch-auto-workflow\\workspace\\references\\attachments\\基于贝叶斯空间自回归模型的中国上市银行系统性风险传导机制研究.pdf""]",0,[]
225,0,[],0,[]
226,1,"[""C:\\Users\\Ethan\\CoreFiles\\ProjectsFile\\AcademicResearch-auto-workflow\\workspace\\references\\attachments\\宏观波动、市场冲击与银行业系统性风险_基于中国92家银行的面板数据分析.pdf""]",0,[]
227,1,"[""C:\\Users\\Ethan\\CoreFiles\\ProjectsFile\\AcademicResearch-auto-workflow\\workspace\\references\\attachments\\金融风险防范化解法律问题研究.pdf""]",0,[]
228,0,[],0,[]
229,1,"[""C:\\Users\\Ethan\\CoreFiles\\ProjectsFile\\AcademicResearch-auto-workflow\\workspace\\references\\attachments\\我国资产价格与货币政策的相关性研究.pdf""]",0,[]
230,1,"[""C:\\Users\\Ethan\\CoreFiles\\ProjectsFile\\AcademicResearch-auto-workflow\\workspace\\references\\attachments\\双层金融网络的构建及系统重要性金融机构的识别.pdf""]",0,[]
231,1,"[""C:\\Users\\Ethan\\CoreFiles\\ProjectsFile\\AcademicResearch-auto-workflow\\workspace\\references\\attachments\\房地产价格波动对商业银行系统性风险的影响研究.pdf""]",0,[]
232,1,"[""C:\\Users\\Ethan\\CoreFiles\\ProjectsFile\\AcademicResearch-auto-workflow\\workspace\\references\\attachments\\商业银行对房地产企业信贷风险评估的研究.pdf""]",0,[]
233,1,"[""C:\\Users\\Ethan\\CoreFiles\\ProjectsFile\\AcademicResearch-auto-workflow\\workspace\\references\\attachments\\2019：防范系统性金融风险依然是重中之重.pdf""]",0,[]
234,1,"[""C:\\Users\\Ethan\\CoreFiles\\ProjectsFile\\AcademicResearch-auto-workflow\\workspace\\references\\attachments\\信贷增长逐步向常态回归  银行系统性风险仍需关注.pdf""]",0,[]
235,1,"[""C:\\Users\\Ethan\\CoreFiles\\ProjectsFile\\AcademicResearch-auto-workflow\\workspace\\references\\attachments\\中国房地产周期波动与政策研究.pdf""]",0,[]
236,1,"[""C:\\Users\\Ethan\\CoreFiles\\ProjectsFile\\AcademicResearch-auto-workflow\\workspace\\references\\attachments\\银行系统性风险度量——基于动态CoVaR方法的分析.pdf""]",0,[]
237,1,"[""C:\\Users\\Ethan\\CoreFiles\\ProjectsFile\\AcademicResearch-auto-workflow\\workspace\\references\\attachments\\房地产波动与宏观经济相互关系的实证研究.pdf""]",0,[]
238,1,"[""C:\\Users\\Ethan\\CoreFiles\\ProjectsFile\\AcademicResearch-auto-workflow\\workspace\\references\\attachments\\国家统计局回应房价“平均上涨1.5%”.pdf""]",0,[]
239,1,"[""C:\\Users\\Ethan\\CoreFiles\\ProjectsFile\\AcademicResearch-auto-workflow\\workspace\\references\\attachments\\银行间网络及风险传染研究述评与展望.pdf""]",0,[]
240,1,"[""C:\\Users\\Ethan\\CoreFiles\\ProjectsFile\\AcademicResearch-auto-workflow\\workspace\\references\\attachments\\中国房地产价格波动的区域差异分析.pdf""]",0,[]
241,1,"[""C:\\Users\\Ethan\\CoreFiles\\ProjectsFile\\AcademicResearch-auto-workflow\\workspace\\references\\attachments\\宏观审慎视角的中国影子银行风险研究.pdf""]",0,[]
242,1,"[""C:\\Users\\Ethan\\CoreFiles\\ProjectsFile\\AcademicResearch-auto-workflow\\workspace\\references\\attachments\\基于非线性关联网络的系统性金融风险研究.pdf""]",0,[]
243,1,"[""C:\\Users\\Ethan\\CoreFiles\\ProjectsFile\\AcademicResearch-auto-workflow\\workspace\\references\\attachments\\房地产价格波动及市场发展研究与展望.pdf""]",0,[]
244,1,"[""C:\\Users\\Ethan\\CoreFiles\\ProjectsFile\\AcademicResearch-auto-workflow\\workspace\\references\\attachments\\社会融资规模影响房地产价格波动的实证研究.pdf""]",0,[]
245,1,"[""C:\\Users\\Ethan\\CoreFiles\\ProjectsFile\\AcademicResearch-auto-workflow\\workspace\\references\\attachments\\预期因素对房价的作用机制研究——基于最优跨期模型的分析.pdf""]",0,[]
246,1,"[""C:\\Users\\Ethan\\CoreFiles\\ProjectsFile\\AcademicResearch-auto-workflow\\workspace\\references\\attachments\\从城投企业债务风险看地方政府债务约束.pdf""]",0,[]
247,0,[],0,[]
248,0,[],0,[]
249,1,"[""C:\\Users\\Ethan\\CoreFiles\\ProjectsFile\\AcademicResearch-auto-workflow\\workspace\\references\\attachments\\房产限购政策对银行系统性风险的影响.pdf""]",0,[]
250,1,"[""C:\\Users\\Ethan\\CoreFiles\\ProjectsFile\\AcademicResearch-auto-workflow\\workspace\\references\\attachments\\部门逆周期资本监管框架及对中国的启示.pdf""]",0,[]
251,1,"[""C:\\Users\\Ethan\\CoreFiles\\ProjectsFile\\AcademicResearch-auto-workflow\\workspace\\references\\attachments\\对发展和完善我国房地产信贷的思考.pdf""]",0,[]
252,1,"[""C:\\Users\\Ethan\\CoreFiles\\ProjectsFile\\AcademicResearch-auto-workflow\\workspace\\references\\attachments\\中国商业银行系统性风险监测分析.pdf""]",0,[]
253,1,"[""C:\\Users\\Ethan\\CoreFiles\\ProjectsFile\\AcademicResearch-auto-workflow\\workspace\\references\\attachments\\防范商业银行投资银行业务风险的监管框架与政策建议.pdf""]",0,[]
254,1,"[""C:\\Users\\Ethan\\CoreFiles\\ProjectsFile\\AcademicResearch-auto-workflow\\workspace\\references\\attachments\\信息科技助力“穿透式”金融监管研究.pdf""]",0,[]
255,1,"[""C:\\Users\\Ethan\\CoreFiles\\ProjectsFile\\AcademicResearch-auto-workflow\\workspace\\references\\attachments\\证券化与社会贷款规模扩张：机制、后果及解决办法.pdf""]",0,[]
256,1,"[""C:\\Users\\Ethan\\CoreFiles\\ProjectsFile\\AcademicResearch-auto-workflow\\workspace\\references\\attachments\\天津市房地产周期波动规律研究.pdf""]",0,[]
257,1,"[""C:\\Users\\Ethan\\CoreFiles\\ProjectsFile\\AcademicResearch-auto-workflow\\workspace\\references\\attachments\\跨境资本流动对银行系统性风险影响的实证研究.pdf""]",0,[]
258,1,"[""C:\\Users\\Ethan\\CoreFiles\\ProjectsFile\\AcademicResearch-auto-workflow\\workspace\\references\\attachments\\我国房地产价格影响因素的实证研究——基于2003—2008年数据.pdf""]",0,[]
259,0,[],0,[]
260,1,"[""C:\\Users\\Ethan\\CoreFiles\\ProjectsFile\\AcademicResearch-auto-workflow\\workspace\\references\\attachments\\银行系统性风险测度最新研究比较.pdf""]",0,[]
261,0,[],0,[]
262,1,"[""C:\\Users\\Ethan\\CoreFiles\\ProjectsFile\\AcademicResearch-auto-workflow\\workspace\\references\\attachments\\利率水平变动对商业银行系统性金融风险的影响.pdf""]",0,[]
263,1,"[""C:\\Users\\Ethan\\CoreFiles\\ProjectsFile\\AcademicResearch-auto-workflow\\workspace\\references\\attachments\\宏观经济感知与系统性风险：来自上市商业银行的证据.pdf""]",0,[]
264,1,"[""C:\\Users\\Ethan\\CoreFiles\\ProjectsFile\\AcademicResearch-auto-workflow\\workspace\\references\\attachments\\河南省银行业稳定和风险监测评估研究.pdf""]",0,[]
265,1,"[""C:\\Users\\Ethan\\CoreFiles\\ProjectsFile\\AcademicResearch-auto-workflow\\workspace\\references\\attachments\\基于宏观审慎视角的系统性金融风险研究.pdf""]",0,[]
266,1,"[""C:\\Users\\Ethan\\CoreFiles\\ProjectsFile\\AcademicResearch-auto-workflow\\workspace\\references\\attachments\\金融科技发展对我国银行系统性风险的影响研究.pdf""]",0,[]
267,1,"[""C:\\Users\\Ethan\\CoreFiles\\ProjectsFile\\AcademicResearch-auto-workflow\\workspace\\references\\attachments\\房地产价格波动的动态模型分析.pdf""]",0,[]
268,0,[],0,[]
269,1,"[""C:\\Users\\Ethan\\CoreFiles\\ProjectsFile\\AcademicResearch-auto-workflow\\workspace\\references\\attachments\\投资何处去_.pdf""]",0,[]
270,1,"[""C:\\Users\\Ethan\\CoreFiles\\ProjectsFile\\AcademicResearch-auto-workflow\\workspace\\references\\attachments\\贷款集中度对商业银行系统性风险溢出影响研究.pdf""]",0,[]
271,1,"[""C:\\Users\\Ethan\\CoreFiles\\ProjectsFile\\AcademicResearch-auto-workflow\\workspace\\references\\attachments\\二线城市及其周边城市带房价的关联性研究——以南京市和滁州市为例.pdf""]",0,[]
272,1,"[""C:\\Users\\Ethan\\CoreFiles\\ProjectsFile\\AcademicResearch-auto-workflow\\workspace\\references\\attachments\\对我国系统重要性银行的市场约束真的有效吗——基于9起监管事件的实证研究.pdf""]",0,[]
273,1,"[""C:\\Users\\Ethan\\CoreFiles\\ProjectsFile\\AcademicResearch-auto-workflow\\workspace\\references\\attachments\\银行股价是否反映了影子银行的潜在风险？——基于中国上市银行的实证研究.pdf""]",0,[]
274,1,"[""C:\\Users\\Ethan\\CoreFiles\\ProjectsFile\\AcademicResearch-auto-workflow\\workspace\\references\\attachments\\系统性风险与银行业监管_来自美国金融危机的启示和思考.pdf""]",0,[]
275,1,"[""C:\\Users\\Ethan\\CoreFiles\\ProjectsFile\\AcademicResearch-auto-workflow\\workspace\\references\\attachments\\货币流动性过剩与房地产价格波动的实证分析.pdf""]",0,[]
276,1,"[""C:\\Users\\Ethan\\CoreFiles\\ProjectsFile\\AcademicResearch-auto-workflow\\workspace\\references\\attachments\\互联网金融发展对商业银行系统性风险影响研究.pdf""]",0,[]
277,1,"[""C:\\Users\\Ethan\\CoreFiles\\ProjectsFile\\AcademicResearch-auto-workflow\\workspace\\references\\attachments\\中国上市商业银行系统性风险测度——基于SCCA方法的分析.pdf""]",0,[]
278,0,[],0,[]
279,1,"[""C:\\Users\\Ethan\\CoreFiles\\ProjectsFile\\AcademicResearch-auto-workflow\\workspace\\references\\attachments\\北京市房地产价格近期不会出现大波动.pdf""]",0,[]
280,1,"[""C:\\Users\\Ethan\\CoreFiles\\ProjectsFile\\AcademicResearch-auto-workflow\\workspace\\references\\attachments\\“一带一路”沿线西亚地区的银行系统性风险研究.pdf""]",0,[]
281,1,"[""C:\\Users\\Ethan\\CoreFiles\\ProjectsFile\\AcademicResearch-auto-workflow\\workspace\\references\\attachments\\基于经济周期因素的我国房地产价格波动对居民消费影响的实证研究.pdf""]",0,[]
282,1,"[""C:\\Users\\Ethan\\CoreFiles\\ProjectsFile\\AcademicResearch-auto-workflow\\workspace\\references\\attachments\\房地产价格波动与金融脆弱性_——基于中国的实证研究.pdf""]",0,[]
283,1,"[""C:\\Users\\Ethan\\CoreFiles\\ProjectsFile\\AcademicResearch-auto-workflow\\workspace\\references\\attachments\\中国房地产价格波动的宏观经济效应实证研究.pdf""]",0,[]
284,1,"[""C:\\Users\\Ethan\\CoreFiles\\ProjectsFile\\AcademicResearch-auto-workflow\\workspace\\references\\attachments\\银行系统性风险的随机微分方程建模与应用研究.pdf""]",0,[]
285,1,"[""C:\\Users\\Ethan\\CoreFiles\\ProjectsFile\\AcademicResearch-auto-workflow\\workspace\\references\\attachments\\商业银行系统风险—β系数的测算.pdf""]",0,[]
286,1,"[""C:\\Users\\Ethan\\CoreFiles\\ProjectsFile\\AcademicResearch-auto-workflow\\workspace\\references\\attachments\\资管新规、监管套利与系统性风险抑制——来自银行理财业务的证据.pdf""]",0,[]
287,0,[],0,[]
288,1,"[""C:\\Users\\Ethan\\CoreFiles\\ProjectsFile\\AcademicResearch-auto-workflow\\workspace\\references\\attachments\\信贷资产证券化、银行关联水平与系统性风险.pdf""]",0,[]
289,0,[],0,[]
290,1,"[""C:\\Users\\Ethan\\CoreFiles\\ProjectsFile\\AcademicResearch-auto-workflow\\workspace\\references\\attachments\\货币供应量与股票、房地产价格相互影响的实证研究.pdf""]",0,[]
291,1,"[""C:\\Users\\Ethan\\CoreFiles\\ProjectsFile\\AcademicResearch-auto-workflow\\workspace\\references\\attachments\\不同货币政策工具对系统性金融风险的影响研究.pdf""]",0,[]
292,1,"[""C:\\Users\\Ethan\\CoreFiles\\ProjectsFile\\AcademicResearch-auto-workflow\\workspace\\references\\attachments\\银行房地产业务授信风险的影响因素与应对策略探讨.pdf""]",0,[]
293,1,"[""C:\\Users\\Ethan\\CoreFiles\\ProjectsFile\\AcademicResearch-auto-workflow\\workspace\\references\\attachments\\房地产行业财务风险的防范对策分析.pdf""]",0,[]
294,1,"[""C:\\Users\\Ethan\\CoreFiles\\ProjectsFile\\AcademicResearch-auto-workflow\\workspace\\references\\attachments\\商业银行系统性风险的实证研究——基于MPA监管视角下影子银行的影响效应.pdf""]",0,[]
295,1,"[""C:\\Users\\Ethan\\CoreFiles\\ProjectsFile\\AcademicResearch-auto-workflow\\workspace\\references\\attachments\\存款保险与总损失吸收能力监管协调研究——基于存款保险基金计入TLAC的视角.pdf""]",0,[]
296,1,"[""C:\\Users\\Ethan\\CoreFiles\\ProjectsFile\\AcademicResearch-auto-workflow\\workspace\\references\\attachments\\影子银行规模对我国银行业系统性风险的影响研究.pdf""]",0,[]
297,1,"[""C:\\Users\\Ethan\\CoreFiles\\ProjectsFile\\AcademicResearch-auto-workflow\\workspace\\references\\attachments\\“是该停下脚步反思问题了”.pdf""]",0,[]
298,0,[],0,[]
299,1,"[""C:\\Users\\Ethan\\CoreFiles\\ProjectsFile\\AcademicResearch-auto-workflow\\workspace\\references\\attachments\\我国房地产价格波动对金融脆弱性的影响研究.pdf""]",0,[]
300,1,"[""C:\\Users\\Ethan\\CoreFiles\\ProjectsFile\\AcademicResearch-auto-workflow\\workspace\\references\\attachments\\利率市场化、外汇市场波动和商业银行系统性风险.pdf""]",0,[]
301,1,"[""C:\\Users\\Ethan\\CoreFiles\\ProjectsFile\\AcademicResearch-auto-workflow\\workspace\\references\\attachments\\新金融监管框架下农村中小银行风险治理的系统性重塑.pdf""]",0,[]
302,0,[],0,[]
303,1,"[""C:\\Users\\Ethan\\CoreFiles\\ProjectsFile\\AcademicResearch-auto-workflow\\workspace\\references\\attachments\\房地产资产、经济扰动和宏观经济波动.pdf""]",0,[]
304,1,"[""C:\\Users\\Ethan\\CoreFiles\\ProjectsFile\\AcademicResearch-auto-workflow\\workspace\\references\\attachments\\商业银行房地产抵押贷款风险防范研究.pdf""]",0,[]
305,1,"[""C:\\Users\\Ethan\\CoreFiles\\ProjectsFile\\AcademicResearch-auto-workflow\\workspace\\references\\attachments\\土地供给弹性与房价波动_影响机制及实证研究.pdf""]",0,[]
306,1,"[""C:\\Users\\Ethan\\CoreFiles\\ProjectsFile\\AcademicResearch-auto-workflow\\workspace\\references\\attachments\\货币政策、物价波动与房地产投资的联动关系——基于VAR模型的实证研究.pdf""]",0,[]
307,1,"[""C:\\Users\\Ethan\\CoreFiles\\ProjectsFile\\AcademicResearch-auto-workflow\\workspace\\references\\attachments\\论房地产信贷业务的风险控制——以大连地区商业银行为例.pdf""]",0,[]
308,1,"[""C:\\Users\\Ethan\\CoreFiles\\ProjectsFile\\AcademicResearch-auto-workflow\\workspace\\references\\attachments\\宏观审慎监管、银行同质化与商业银行系统性风险.pdf""]",0,[]
309,1,"[""C:\\Users\\Ethan\\CoreFiles\\ProjectsFile\\AcademicResearch-auto-workflow\\workspace\\references\\attachments\\宏观经济波动下三级财务预警指数体系的构建——以江浙沪房地产企业为例.pdf""]",0,[]
310,1,"[""C:\\Users\\Ethan\\CoreFiles\\ProjectsFile\\AcademicResearch-auto-workflow\\workspace\\references\\attachments\\韩国存款保险制度研究.pdf""]",0,[]
311,1,"[""C:\\Users\\Ethan\\CoreFiles\\ProjectsFile\\AcademicResearch-auto-workflow\\workspace\\references\\attachments\\经济周期波动中的房地产抵押贷款风险分析.pdf""]",0,[]
312,1,"[""C:\\Users\\Ethan\\CoreFiles\\ProjectsFile\\AcademicResearch-auto-workflow\\workspace\\references\\attachments\\数字经济能否降低银行系统性风险.pdf""]",0,[]
313,0,[],0,[]
314,1,"[""C:\\Users\\Ethan\\CoreFiles\\ProjectsFile\\AcademicResearch-auto-workflow\\workspace\\references\\attachments\\银行贷款与房地产价格波动.pdf""]",0,[]
315,1,"[""C:\\Users\\Ethan\\CoreFiles\\ProjectsFile\\AcademicResearch-auto-workflow\\workspace\\references\\attachments\\宏观审慎政策降低了银行系统性风险吗？——基于中国A股上市商业银行的经验证据.pdf""]",0,[]
316,1,"[""C:\\Users\\Ethan\\CoreFiles\\ProjectsFile\\AcademicResearch-auto-workflow\\workspace\\references\\attachments\\宏观审慎框架下系统重要性银行风险评价及其防范路径研究.pdf""]",0,[]
317,1,"[""C:\\Users\\Ethan\\CoreFiles\\ProjectsFile\\AcademicResearch-auto-workflow\\workspace\\references\\attachments\\资产证券化对银行风险承担的影响：一个文献综述.pdf""]",0,[]
318,1,"[""C:\\Users\\Ethan\\CoreFiles\\ProjectsFile\\AcademicResearch-auto-workflow\\workspace\\references\\attachments\\房地产价格波动经济因素总结.pdf""]",0,[]
319,1,"[""C:\\Users\\Ethan\\CoreFiles\\ProjectsFile\\AcademicResearch-auto-workflow\\workspace\\references\\attachments\\商业银行理财产品市场系统性风险实证研究.pdf""]",0,[]
320,1,"[""C:\\Users\\Ethan\\CoreFiles\\ProjectsFile\\AcademicResearch-auto-workflow\\workspace\\references\\attachments\\中国房地产价格波动对贸易差额影响的实证研究.pdf""]",0,[]
321,1,"[""C:\\Users\\Ethan\\CoreFiles\\ProjectsFile\\AcademicResearch-auto-workflow\\workspace\\references\\attachments\\我国房地产行业价格影响因素及波动趋势分析.pdf""]",0,[]
322,1,"[""C:\\Users\\Ethan\\CoreFiles\\ProjectsFile\\AcademicResearch-auto-workflow\\workspace\\references\\attachments\\银行流动性创造降低系统性风险的机制研究.pdf""]",0,[]
323,1,"[""C:\\Users\\Ethan\\CoreFiles\\ProjectsFile\\AcademicResearch-auto-workflow\\workspace\\references\\attachments\\互联网金融对商业银行系统性风险的影响——基于沪深股市上市商业银行的证据.pdf""]",0,[]
324,1,"[""C:\\Users\\Ethan\\CoreFiles\\ProjectsFile\\AcademicResearch-auto-workflow\\workspace\\references\\attachments\\开放条件下银行系统性风险生成机制研究.pdf""]",0,[]
325,0,[],0,[]
326,1,"[""C:\\Users\\Ethan\\CoreFiles\\ProjectsFile\\AcademicResearch-auto-workflow\\workspace\\references\\attachments\\金融科技行业发展对我国商业银行风险影响的测度.pdf""]",0,[]
327,1,"[""C:\\Users\\Ethan\\CoreFiles\\ProjectsFile\\AcademicResearch-auto-workflow\\workspace\\references\\attachments\\中国房地产金融风险预警系统研究.pdf""]",0,[]
328,0,[],0,[]
329,1,"[""C:\\Users\\Ethan\\CoreFiles\\ProjectsFile\\AcademicResearch-auto-workflow\\workspace\\references\\attachments\\我国房地产业发展问题研究述评.pdf""]",0,[]
330,1,"[""C:\\Users\\Ethan\\CoreFiles\\ProjectsFile\\AcademicResearch-auto-workflow\\workspace\\references\\attachments\\完善宏观审慎政策框架  央行需有更大权限.pdf""]",0,[]
331,1,"[""C:\\Users\\Ethan\\CoreFiles\\ProjectsFile\\AcademicResearch-auto-workflow\\workspace\\references\\attachments\\房地产价格波动、对外直接投资与金融发展的区域关系研究.pdf""]",0,[]
332,0,[],0,[]
333,1,"[""C:\\Users\\Ethan\\CoreFiles\\ProjectsFile\\AcademicResearch-auto-workflow\\workspace\\references\\attachments\\房地产周期波动与次贷危机及其对我国的启示.pdf""]",0,[]
334,1,"[""C:\\Users\\Ethan\\CoreFiles\\ProjectsFile\\AcademicResearch-auto-workflow\\workspace\\references\\attachments\\基于网络动态模拟的银行间市场系统性风险研究.pdf""]",0,[]
335,1,"[""C:\\Users\\Ethan\\CoreFiles\\ProjectsFile\\AcademicResearch-auto-workflow\\workspace\\references\\attachments\\金融科技对系统性金融风险扩散的影响机制研究.pdf""]",0,[]
336,1,"[""C:\\Users\\Ethan\\CoreFiles\\ProjectsFile\\AcademicResearch-auto-workflow\\workspace\\references\\attachments\\宏观审慎监管下系统性风险生成机制及我国防范策略研究.pdf""]",0,[]
337,1,"[""C:\\Users\\Ethan\\CoreFiles\\ProjectsFile\\AcademicResearch-auto-workflow\\workspace\\references\\attachments\\房地产价格与通货膨胀关系的实证研究.pdf""]",0,[]
338,1,"[""C:\\Users\\Ethan\\CoreFiles\\ProjectsFile\\AcademicResearch-auto-workflow\\workspace\\references\\attachments\\现金流波动对企业投资的影响——中国房地产上市公司经验分析.pdf""]",0,[]
339,1,"[""C:\\Users\\Ethan\\CoreFiles\\ProjectsFile\\AcademicResearch-auto-workflow\\workspace\\references\\attachments\\流动性冲击与资产价格波动研究——基于中国数据的实证检验.pdf""]",0,[]
340,1,"[""C:\\Users\\Ethan\\CoreFiles\\ProjectsFile\\AcademicResearch-auto-workflow\\workspace\\references\\attachments\\论我国影子银行的发展与监管.pdf""]",0,[]
341,1,"[""C:\\Users\\Ethan\\CoreFiles\\ProjectsFile\\AcademicResearch-auto-workflow\\workspace\\references\\attachments\\“十一五”以来我国城市住房价格变化与房地产政策的相关性研究.pdf""]",0,[]
342,1,"[""C:\\Users\\Ethan\\CoreFiles\\ProjectsFile\\AcademicResearch-auto-workflow\\workspace\\references\\attachments\\金融行政处罚对银行风险的影响研究.pdf""]",0,[]
343,1,"[""C:\\Users\\Ethan\\CoreFiles\\ProjectsFile\\AcademicResearch-auto-workflow\\workspace\\references\\attachments\\非核心负债业务、流动性渠道和银行业系统性风险：理论模型与经验分析.pdf""]",0,[]
344,1,"[""C:\\Users\\Ethan\\CoreFiles\\ProjectsFile\\AcademicResearch-auto-workflow\\workspace\\references\\attachments\\我国上市商业银行长期边际期望损失测量.pdf""]",0,[]
345,1,"[""C:\\Users\\Ethan\\CoreFiles\\ProjectsFile\\AcademicResearch-auto-workflow\\workspace\\references\\attachments\\基于实物期权模型的房地产开发决策研究.pdf""]",0,[]
346,1,"[""C:\\Users\\Ethan\\CoreFiles\\ProjectsFile\\AcademicResearch-auto-workflow\\workspace\\references\\attachments\\房价波动与房地产金融风险的关系研究——基于格兰杰因果检验.pdf""]",0,[]
347,1,"[""C:\\Users\\Ethan\\CoreFiles\\ProjectsFile\\AcademicResearch-auto-workflow\\workspace\\references\\attachments\\银行信贷、利率调整对房地产价格的影响分析.pdf""]",0,[]
348,0,[],0,[]
349,1,"[""C:\\Users\\Ethan\\CoreFiles\\ProjectsFile\\AcademicResearch-auto-workflow\\workspace\\references\\attachments\\内蒙古金融风险防控与经济发展关键点研究.pdf""]",0,[]
350,1,"[""C:\\Users\\Ethan\\CoreFiles\\ProjectsFile\\AcademicResearch-auto-workflow\\workspace\\references\\attachments\\沈阳市房地产市场波动状况分析.pdf""]",0,[]
351,0,[],0,[]
352,1,"[""C:\\Users\\Ethan\\CoreFiles\\ProjectsFile\\AcademicResearch-auto-workflow\\workspace\\references\\attachments\\2021央行“功”作.pdf""]",0,[]
353,1,"[""C:\\Users\\Ethan\\CoreFiles\\ProjectsFile\\AcademicResearch-auto-workflow\\workspace\\references\\attachments\\我国银行间市场双边风险传染效应及风险防范研究.pdf""]",0,[]
354,1,"[""C:\\Users\\Ethan\\CoreFiles\\ProjectsFile\\AcademicResearch-auto-workflow\\workspace\\references\\attachments\\中国银行业系统性风险的涵义、度量及影响因素——基于1996-2014年的数据.pdf""]",0,[]
355,1,"[""C:\\Users\\Ethan\\CoreFiles\\ProjectsFile\\AcademicResearch-auto-workflow\\workspace\\references\\attachments\\我跟周骏教授研究金融风险.pdf""]",0,[]
356,1,"[""C:\\Users\\Ethan\\CoreFiles\\ProjectsFile\\AcademicResearch-auto-workflow\\workspace\\references\\attachments\\利率市场化背景下中央银行的职能调整.pdf""]",0,[]
357,1,"[""C:\\Users\\Ethan\\CoreFiles\\ProjectsFile\\AcademicResearch-auto-workflow\\workspace\\references\\attachments\\影子银行监管制度研究.pdf""]",0,[]
358,1,"[""C:\\Users\\Ethan\\CoreFiles\\ProjectsFile\\AcademicResearch-auto-workflow\\workspace\\references\\attachments\\金融经济周期理论研究述评.pdf""]",0,[]
359,1,"[""C:\\Users\\Ethan\\CoreFiles\\ProjectsFile\\AcademicResearch-auto-workflow\\workspace\\references\\attachments\\房价预期对土地城镇化的影响机制研究.pdf""]",0,[]
360,1,"[""C:\\Users\\Ethan\\CoreFiles\\ProjectsFile\\AcademicResearch-auto-workflow\\workspace\\references\\attachments\\中国股票市场与房地产市场收益率相关性的实证研究.pdf""]",0,[]
361,1,"[""C:\\Users\\Ethan\\CoreFiles\\ProjectsFile\\AcademicResearch-auto-workflow\\workspace\\references\\attachments\\西安市房地产价格指数波动性分析.pdf""]",0,[]
362,1,"[""C:\\Users\\Ethan\\CoreFiles\\ProjectsFile\\AcademicResearch-auto-workflow\\workspace\\references\\attachments\\非利息收入降低了银行的系统性风险吗_——基于规模异质的视角.pdf""]",0,[]
363,1,"[""C:\\Users\\Ethan\\CoreFiles\\ProjectsFile\\AcademicResearch-auto-workflow\\workspace\\references\\attachments\\CAPM在上海股市的适用性分析.pdf""]",0,[]
364,1,"[""C:\\Users\\Ethan\\CoreFiles\\ProjectsFile\\AcademicResearch-auto-workflow\\workspace\\references\\attachments\\宏观审慎视角下银行业系统性风险与影响因素研究.pdf""]",0,[]
365,1,"[""C:\\Users\\Ethan\\CoreFiles\\ProjectsFile\\AcademicResearch-auto-workflow\\workspace\\references\\attachments\\不动产信托产品在我国的发展及影响研究.pdf""]",0,[]
366,1,"[""C:\\Users\\Ethan\\CoreFiles\\ProjectsFile\\AcademicResearch-auto-workflow\\workspace\\references\\attachments\\基于信息溢出网络的银行系统性风险监测和预警研究.pdf""]",0,[]
367,1,"[""C:\\Users\\Ethan\\CoreFiles\\ProjectsFile\\AcademicResearch-auto-workflow\\workspace\\references\\attachments\\房地产市场对银行收益的系统性影响研究——以美国、中国香港、中国大陆市场为例.pdf""]",0,[]
368,1,"[""C:\\Users\\Ethan\\CoreFiles\\ProjectsFile\\AcademicResearch-auto-workflow\\workspace\\references\\attachments\\我国房地产市场波动的溢出效应研究.pdf""]",0,[]
369,1,"[""C:\\Users\\Ethan\\CoreFiles\\ProjectsFile\\AcademicResearch-auto-workflow\\workspace\\references\\attachments\\我国新一轮商业银行风险及其防范.pdf""]",0,[]
370,0,[],0,[]
371,0,[],0,[]
372,1,"[""C:\\Users\\Ethan\\CoreFiles\\ProjectsFile\\AcademicResearch-auto-workflow\\workspace\\references\\attachments\\中国一线城市房地产市场辐射效应研究.pdf""]",0,[]
373,1,"[""C:\\Users\\Ethan\\CoreFiles\\ProjectsFile\\AcademicResearch-auto-workflow\\workspace\\references\\attachments\\新形势下“稳金融”的若干思考.pdf""]",0,[]
374,1,"[""C:\\Users\\Ethan\\CoreFiles\\ProjectsFile\\AcademicResearch-auto-workflow\\workspace\\references\\attachments\\系统性金融风险中我国大型商业银行的“贡献”度衡量.pdf""]",0,[]
375,1,"[""C:\\Users\\Ethan\\CoreFiles\\ProjectsFile\\AcademicResearch-auto-workflow\\workspace\\references\\attachments\\从紧货币政策与房地产价格波动关系研究.pdf""]",0,[]
376,1,"[""C:\\Users\\Ethan\\CoreFiles\\ProjectsFile\\AcademicResearch-auto-workflow\\workspace\\references\\attachments\\房地产价格波动中的人口因素分析.pdf""]",0,[]
377,1,"[""C:\\Users\\Ethan\\CoreFiles\\ProjectsFile\\AcademicResearch-auto-workflow\\workspace\\references\\attachments\\房地产价格波动与区域经济间的关系——以山西省为例.pdf""]",0,[]
378,1,"[""C:\\Users\\Ethan\\CoreFiles\\ProjectsFile\\AcademicResearch-auto-workflow\\workspace\\references\\attachments\\银行地理上的分散对系统性风险的影响.pdf""]",0,[]
379,1,"[""C:\\Users\\Ethan\\CoreFiles\\ProjectsFile\\AcademicResearch-auto-workflow\\workspace\\references\\attachments\\我国上市商业银行从事影子银行业务的系统性风险研究.pdf""]",0,[]
380,1,"[""C:\\Users\\Ethan\\CoreFiles\\ProjectsFile\\AcademicResearch-auto-workflow\\workspace\\references\\attachments\\不确定性下的房地产价格波动与货币政策反应_一个文献综述.pdf""]",0,[]
381,1,"[""C:\\Users\\Ethan\\CoreFiles\\ProjectsFile\\AcademicResearch-auto-workflow\\workspace\\references\\attachments\\中国城市房地产价格走势与波动的驱动因素探析——来自全国31个省份与70个大中城市的经验证据.pdf""]",0,[]
382,1,"[""C:\\Users\\Ethan\\CoreFiles\\ProjectsFile\\AcademicResearch-auto-workflow\\workspace\\references\\attachments\\我国商业银行系统性风险传染仿真研究.pdf""]",0,[]
383,1,"[""C:\\Users\\Ethan\\CoreFiles\\ProjectsFile\\AcademicResearch-auto-workflow\\workspace\\references\\attachments\\基于非对称信息博弈下的系统性金融风险防范措施研究.pdf""]",0,[]
384,1,"[""C:\\Users\\Ethan\\CoreFiles\\ProjectsFile\\AcademicResearch-auto-workflow\\workspace\\references\\attachments\\开放与宏观审慎监管框架条件下商业银行外汇业务监管体系研究.pdf""]",0,[]
385,0,[],0,[]
386,1,"[""C:\\Users\\Ethan\\CoreFiles\\ProjectsFile\\AcademicResearch-auto-workflow\\workspace\\references\\attachments\\地方法人银行违约风险及其对系统性风险的影响.pdf""]",0,[]
387,1,"[""C:\\Users\\Ethan\\CoreFiles\\ProjectsFile\\AcademicResearch-auto-workflow\\workspace\\references\\attachments\\基于CoVaR模型的我国大型国有商业银行系统性金融风险评估及防范对策.pdf""]",0,[]
388,1,"[""C:\\Users\\Ethan\\CoreFiles\\ProjectsFile\\AcademicResearch-auto-workflow\\workspace\\references\\attachments\\基于CoVaR方法的我国银行业系统性风险测度.pdf""]",0,[]
389,1,"[""C:\\Users\\Ethan\\CoreFiles\\ProjectsFile\\AcademicResearch-auto-workflow\\workspace\\references\\attachments\\美国影子银行体系分析.pdf""]",0,[]
390,1,"[""C:\\Users\\Ethan\\CoreFiles\\ProjectsFile\\AcademicResearch-auto-workflow\\workspace\\references\\attachments\\货币政策应该对房价波动做出反应吗——基于中国房地产市场衰退情境的模拟分析.pdf""]",0,[]
391,1,"[""C:\\Users\\Ethan\\CoreFiles\\ProjectsFile\\AcademicResearch-auto-workflow\\workspace\\references\\attachments\\资产价格波动对银行脆弱性的影响研究.pdf""]",0,[]
392,0,[],0,[]
393,1,"[""C:\\Users\\Ethan\\CoreFiles\\ProjectsFile\\AcademicResearch-auto-workflow\\workspace\\references\\attachments\\信贷资产证券化对商业银行流动性风险影响研究.pdf""]",0,[]
394,1,"[""C:\\Users\\Ethan\\CoreFiles\\ProjectsFile\\AcademicResearch-auto-workflow\\workspace\\references\\attachments\\对我国贷款不良水平的测算.pdf""]",0,[]
395,1,"[""C:\\Users\\Ethan\\CoreFiles\\ProjectsFile\\AcademicResearch-auto-workflow\\workspace\\references\\attachments\\如何打破房地产顺周期波动怪圈.pdf""]",0,[]
396,0,[],0,[]
397,1,"[""C:\\Users\\Ethan\\CoreFiles\\ProjectsFile\\AcademicResearch-auto-workflow\\workspace\\references\\attachments\\我国商业银行系统性风险溢出效应及监管效果研究.pdf""]",0,[]
398,1,"[""C:\\Users\\Ethan\\CoreFiles\\ProjectsFile\\AcademicResearch-auto-workflow\\workspace\\references\\attachments\\中国内地与香港银行业系统性风险测度.pdf""]",0,[]
399,1,"[""C:\\Users\\Ethan\\CoreFiles\\ProjectsFile\\AcademicResearch-auto-workflow\\workspace\\references\\attachments\\银行业风险对金融安全及经济稳定影响研究.pdf""]",0,[]
400,1,"[""C:\\Users\\Ethan\\CoreFiles\\ProjectsFile\\AcademicResearch-auto-workflow\\workspace\\references\\attachments\\中国房地产业周期研究.pdf""]",0,[]
401,1,"[""C:\\Users\\Ethan\\CoreFiles\\ProjectsFile\\AcademicResearch-auto-workflow\\workspace\\references\\attachments\\房地产与商业银行博弈分析的研究综述.pdf""]",0,[]
402,1,"[""C:\\Users\\Ethan\\CoreFiles\\ProjectsFile\\AcademicResearch-auto-workflow\\workspace\\references\\attachments\\基于R-vine Copula的银行系统性风险研究.pdf""]",0,[]
403,1,"[""C:\\Users\\Ethan\\CoreFiles\\ProjectsFile\\AcademicResearch-auto-workflow\\workspace\\references\\attachments\\房地产价格波动的政策影响因素分析.pdf""]",0,[]
404,1,"[""C:\\Users\\Ethan\\CoreFiles\\ProjectsFile\\AcademicResearch-auto-workflow\\workspace\\references\\attachments\\我国影子银行对银行业系统性风险影响研究.pdf""]",0,[]
405,0,[],0,[]
406,1,"[""C:\\Users\\Ethan\\CoreFiles\\ProjectsFile\\AcademicResearch-auto-workflow\\workspace\\references\\attachments\\论银行转型在构建新发展格局中的基础作用.pdf""]",0,[]
407,1,"[""C:\\Users\\Ethan\\CoreFiles\\ProjectsFile\\AcademicResearch-auto-workflow\\workspace\\references\\attachments\\热钱、房地产价格波动与金融体系稳定——基于SVAR模型的实证分析.pdf""]",0,[]
408,1,"[""C:\\Users\\Ethan\\CoreFiles\\ProjectsFile\\AcademicResearch-auto-workflow\\workspace\\references\\attachments\\房价波动对我国金融市场风险的影响研究.pdf""]",0,[]
409,1,"[""C:\\Users\\Ethan\\CoreFiles\\ProjectsFile\\AcademicResearch-auto-workflow\\workspace\\references\\attachments\\主动适应形势变化  大力提高履职能力  推动天津分行辖区人民银行工作再上新台阶.pdf""]",0,[]
410,1,"[""C:\\Users\\Ethan\\CoreFiles\\ProjectsFile\\AcademicResearch-auto-workflow\\workspace\\references\\attachments\\金融衍生工具与银行系统性风险.pdf""]",0,[]
411,0,[],0,[]
412,1,"[""C:\\Users\\Ethan\\CoreFiles\\ProjectsFile\\AcademicResearch-auto-workflow\\workspace\\references\\attachments\\后危机时代的金融监管体制立法研究——基于宏观审慎监管的革新.pdf""]",0,[]
413,1,"[""C:\\Users\\Ethan\\CoreFiles\\ProjectsFile\\AcademicResearch-auto-workflow\\workspace\\references\\attachments\\减少政府援助_以SIFIs监管为分析框架.pdf""]",0,[]
414,1,"[""C:\\Users\\Ethan\\CoreFiles\\ProjectsFile\\AcademicResearch-auto-workflow\\workspace\\references\\attachments\\从银行业视角看宏观审慎政策的微观影响.pdf""]",0,[]
415,1,"[""C:\\Users\\Ethan\\CoreFiles\\ProjectsFile\\AcademicResearch-auto-workflow\\workspace\\references\\attachments\\湖北地区银行业系统性风险的识别与测量——基于夏普市场模型.pdf""]",0,[]
416,1,"[""C:\\Users\\Ethan\\CoreFiles\\ProjectsFile\\AcademicResearch-auto-workflow\\workspace\\references\\attachments\\我国影子银行系统性风险溢出效应研究.pdf""]",0,[]
417,1,"[""C:\\Users\\Ethan\\CoreFiles\\ProjectsFile\\AcademicResearch-auto-workflow\\workspace\\references\\attachments\\城市土地公开出让市场波动及其影响因素研究.pdf""]",0,[]
418,1,"[""C:\\Users\\Ethan\\CoreFiles\\ProjectsFile\\AcademicResearch-auto-workflow\\workspace\\references\\attachments\\房地产价格波动的影响因素研究——基于中国30个省市的面板数据模型.pdf""]",0,[]
419,1,"[""C:\\Users\\Ethan\\CoreFiles\\ProjectsFile\\AcademicResearch-auto-workflow\\workspace\\references\\attachments\\基层央行处置挤兑事件的职能作用及调控选择——对两起存款挤兑事件成功化解的实证研究.pdf""]",0,[]
420,0,[],0,[]
421,1,"[""C:\\Users\\Ethan\\CoreFiles\\ProjectsFile\\AcademicResearch-auto-workflow\\workspace\\references\\attachments\\论金融危机管理中最后贷款人制度的“三性”.pdf""]",0,[]
422,1,"[""C:\\Users\\Ethan\\CoreFiles\\ProjectsFile\\AcademicResearch-auto-workflow\\workspace\\references\\attachments\\大额支付系统中系统性风险传染规律研究.pdf""]",0,[]
423,1,"[""C:\\Users\\Ethan\\CoreFiles\\ProjectsFile\\AcademicResearch-auto-workflow\\workspace\\references\\attachments\\我国资产价格财富效应的比较研究.pdf""]",0,[]
424,1,"[""C:\\Users\\Ethan\\CoreFiles\\ProjectsFile\\AcademicResearch-auto-workflow\\workspace\\references\\attachments\\系统性金融风险度量研究.pdf""]",0,[]
425,1,"[""C:\\Users\\Ethan\\CoreFiles\\ProjectsFile\\AcademicResearch-auto-workflow\\workspace\\references\\attachments\\利率对房地产价格的影响分析.pdf""]",0,[]
426,1,"[""C:\\Users\\Ethan\\CoreFiles\\ProjectsFile\\AcademicResearch-auto-workflow\\workspace\\references\\attachments\\福州市商品房房价与地价因果关系及影响因素研究.pdf""]",0,[]
427,1,"[""C:\\Users\\Ethan\\CoreFiles\\ProjectsFile\\AcademicResearch-auto-workflow\\workspace\\references\\attachments\\金融审计制度的演变与发展.pdf""]",0,[]
428,1,"[""C:\\Users\\Ethan\\CoreFiles\\ProjectsFile\\AcademicResearch-auto-workflow\\workspace\\references\\attachments\\房地产业的需求波动分析及景气指数的构建.pdf""]",0,[]
429,1,"[""C:\\Users\\Ethan\\CoreFiles\\ProjectsFile\\AcademicResearch-auto-workflow\\workspace\\references\\attachments\\宏观流动性、资产价格波动与货币政策新框架选择——基于中国房地产市场的实证分析.pdf""]",0,[]
430,1,"[""C:\\Users\\Ethan\\CoreFiles\\ProjectsFile\\AcademicResearch-auto-workflow\\workspace\\references\\attachments\\基于因子分析模型的我国银行系统性风险贡献度量研究.pdf""]",0,[]
431,0,[],0,[]
432,1,"[""C:\\Users\\Ethan\\CoreFiles\\ProjectsFile\\AcademicResearch-auto-workflow\\workspace\\references\\attachments\\银行信贷对房地产泡沫生成的影响分析.pdf""]",0,[]
433,1,"[""C:\\Users\\Ethan\\CoreFiles\\ProjectsFile\\AcademicResearch-auto-workflow\\workspace\\references\\attachments\\房地产价格和商业银行房地产信贷风险的关系研究.pdf""]",0,[]
434,1,"[""C:\\Users\\Ethan\\CoreFiles\\ProjectsFile\\AcademicResearch-auto-workflow\\workspace\\references\\attachments\\浅析房地产价格波动的影响因素.pdf""]",0,[]
435,0,[],0,[]
436,1,"[""C:\\Users\\Ethan\\CoreFiles\\ProjectsFile\\AcademicResearch-auto-workflow\\workspace\\references\\attachments\\系统性关联、个体尾部风险与影子银行.pdf""]",0,[]
437,1,"[""C:\\Users\\Ethan\\CoreFiles\\ProjectsFile\\AcademicResearch-auto-workflow\\workspace\\references\\attachments\\房地产投资泡沫与宏观经济变量的关系.pdf""]",0,[]
438,1,"[""C:\\Users\\Ethan\\CoreFiles\\ProjectsFile\\AcademicResearch-auto-workflow\\workspace\\references\\attachments\\影响房地产经济波动的因素有哪些？.pdf""]",0,[]
439,1,"[""C:\\Users\\Ethan\\CoreFiles\\ProjectsFile\\AcademicResearch-auto-workflow\\workspace\\references\\attachments\\财政政策与房地产市场波动：基于符号约束VAR模型的实证研究.pdf""]",0,[]
440,1,"[""C:\\Users\\Ethan\\CoreFiles\\ProjectsFile\\AcademicResearch-auto-workflow\\workspace\\references\\attachments\\银行业年报观察_房地产风险仍待化解.pdf""]",0,[]
441,1,"[""C:\\Users\\Ethan\\CoreFiles\\ProjectsFile\\AcademicResearch-auto-workflow\\workspace\\references\\attachments\\我国银行体系面临的金融压力及其对房地产市场的动态影响.pdf""]",0,[]
442,1,"[""C:\\Users\\Ethan\\CoreFiles\\ProjectsFile\\AcademicResearch-auto-workflow\\workspace\\references\\attachments\\银行体系的顺周期性和系统性风险.pdf""]",0,[]
443,1,"[""C:\\Users\\Ethan\\CoreFiles\\ProjectsFile\\AcademicResearch-auto-workflow\\workspace\\references\\attachments\\银行股系统性风险预测研究.pdf""]",0,[]
444,1,"[""C:\\Users\\Ethan\\CoreFiles\\ProjectsFile\\AcademicResearch-auto-workflow\\workspace\\references\\attachments\\关于房地产市场周期波动及企业经营策略的研究.pdf""]",0,[]
445,1,"[""C:\\Users\\Ethan\\CoreFiles\\ProjectsFile\\AcademicResearch-auto-workflow\\workspace\\references\\attachments\\房地产市场波动与房地产税稳控调节研究.pdf""]",0,[]
446,1,"[""C:\\Users\\Ethan\\CoreFiles\\ProjectsFile\\AcademicResearch-auto-workflow\\workspace\\references\\attachments\\多元化经营、业务相似性与银行系统性风险.pdf""]",0,[]
447,1,"[""C:\\Users\\Ethan\\CoreFiles\\ProjectsFile\\AcademicResearch-auto-workflow\\workspace\\references\\attachments\\流动性监管对银行风险承担的影响.pdf""]",0,[]
448,1,"[""C:\\Users\\Ethan\\CoreFiles\\ProjectsFile\\AcademicResearch-auto-workflow\\workspace\\references\\attachments\\新巴塞尔协议下我国银行业监管的法律问题研究.pdf""]",0,[]
449,1,"[""C:\\Users\\Ethan\\CoreFiles\\ProjectsFile\\AcademicResearch-auto-workflow\\workspace\\references\\attachments\\基于国际比较视角下的我国金融监管体系研究.pdf""]",0,[]
450,1,"[""C:\\Users\\Ethan\\CoreFiles\\ProjectsFile\\AcademicResearch-auto-workflow\\workspace\\references\\attachments\\建材存储商品价格波动对房地产企业的影响分析.pdf""]",0,[]
451,1,"[""C:\\Users\\Ethan\\CoreFiles\\ProjectsFile\\AcademicResearch-auto-workflow\\workspace\\references\\attachments\\我国上市银行的系统性风险及溢出效应.pdf""]",0,[]
452,1,"[""C:\\Users\\Ethan\\CoreFiles\\ProjectsFile\\AcademicResearch-auto-workflow\\workspace\\references\\attachments\\银行影子的发展及其运作模式探析.pdf""]",0,[]
453,1,"[""C:\\Users\\Ethan\\CoreFiles\\ProjectsFile\\AcademicResearch-auto-workflow\\workspace\\references\\attachments\\投资性房地产双重计量模式对企业利润波动的影响研究.pdf""]",0,[]
454,1,"[""C:\\Users\\Ethan\\CoreFiles\\ProjectsFile\\AcademicResearch-auto-workflow\\workspace\\references\\attachments\\我国房地产周期与宏观经济周期的实证研究.pdf""]",0,[]
455,1,"[""C:\\Users\\Ethan\\CoreFiles\\ProjectsFile\\AcademicResearch-auto-workflow\\workspace\\references\\attachments\\基于网络的系统性风险测度方法及其在中国银行业的应用.pdf""]",0,[]
456,1,"[""C:\\Users\\Ethan\\CoreFiles\\ProjectsFile\\AcademicResearch-auto-workflow\\workspace\\references\\attachments\\我国银行系统性风险传染的风险估测.pdf""]",0,[]
457,1,"[""C:\\Users\\Ethan\\CoreFiles\\ProjectsFile\\AcademicResearch-auto-workflow\\workspace\\references\\attachments\\房地产价格波动对我国银行系统性风险的影响.pdf""]",0,[]
458,1,"[""C:\\Users\\Ethan\\CoreFiles\\ProjectsFile\\AcademicResearch-auto-workflow\\workspace\\references\\attachments\\地中海饮食高依从性降低系统性红斑狼疮风险：英国生物银行队列研究及肝肾标志物的中介效应.pdf""]",0,[]
459,1,"[""C:\\Users\\Ethan\\CoreFiles\\ProjectsFile\\AcademicResearch-auto-workflow\\workspace\\references\\attachments\\基于分位数网络的中国金融机构关联性研究.pdf""]",0,[]
460,1,"[""C:\\Users\\Ethan\\CoreFiles\\ProjectsFile\\AcademicResearch-auto-workflow\\workspace\\references\\attachments\\房地产金融风险的对策研究.pdf""]",0,[]
461,1,"[""C:\\Users\\Ethan\\CoreFiles\\ProjectsFile\\AcademicResearch-auto-workflow\\workspace\\references\\attachments\\信息赋能、信息防险与信息调控——信息视野下的金融法变革路径.pdf""]",0,[]
462,1,"[""C:\\Users\\Ethan\\CoreFiles\\ProjectsFile\\AcademicResearch-auto-workflow\\workspace\\references\\attachments\\基于矩阵法的我国银行系统性风险传染效应检验.pdf""]",0,[]
463,1,"[""C:\\Users\\Ethan\\CoreFiles\\ProjectsFile\\AcademicResearch-auto-workflow\\workspace\\references\\attachments\\我国系统重要性金融机构的识别与影响因素分析.pdf""]",0,[]
464,1,"[""C:\\Users\\Ethan\\CoreFiles\\ProjectsFile\\AcademicResearch-auto-workflow\\workspace\\references\\attachments\\中国银行业系统性风险与监管研究.pdf""]",0,[]
465,1,"[""C:\\Users\\Ethan\\CoreFiles\\ProjectsFile\\AcademicResearch-auto-workflow\\workspace\\references\\attachments\\房地产借贷与中国宏观经济波动——基于信贷扩张视角的DSGE模拟研究.pdf""]",0,[]
466,1,"[""C:\\Users\\Ethan\\CoreFiles\\ProjectsFile\\AcademicResearch-auto-workflow\\workspace\\references\\attachments\\跨银行与企业部门的系统性风险研究.pdf""]",0,[]
467,0,[],0,[]
468,0,[],0,[]
469,1,"[""C:\\Users\\Ethan\\CoreFiles\\ProjectsFile\\AcademicResearch-auto-workflow\\workspace\\references\\attachments\\“双支柱”调控能否有效降低系统性金融风险.pdf""]",0,[]
470,1,"[""C:\\Users\\Ethan\\CoreFiles\\ProjectsFile\\AcademicResearch-auto-workflow\\workspace\\references\\attachments\\商业银行数量规模风险研究.pdf""]",0,[]
471,1,"[""C:\\Users\\Ethan\\CoreFiles\\ProjectsFile\\AcademicResearch-auto-workflow\\workspace\\references\\attachments\\上海证券交易所房地产板块和银行板块联动性实证分析.pdf""]",0,[]
472,0,[],0,[]
473,1,"[""C:\\Users\\Ethan\\CoreFiles\\ProjectsFile\\AcademicResearch-auto-workflow\\workspace\\references\\attachments\\房地产企业杠杆率、房价与系统性金融风险.pdf""]",0,[]
474,1,"[""C:\\Users\\Ethan\\CoreFiles\\ProjectsFile\\AcademicResearch-auto-workflow\\workspace\\references\\attachments\\房价波动对中国商业银行系统性风险的影响研究.pdf""]",0,[]
475,1,"[""C:\\Users\\Ethan\\CoreFiles\\ProjectsFile\\AcademicResearch-auto-workflow\\workspace\\references\\attachments\\国家宏观调控对房地产市场的影响.pdf""]",0,[]
476,1,"[""C:\\Users\\Ethan\\CoreFiles\\ProjectsFile\\AcademicResearch-auto-workflow\\workspace\\references\\attachments\\房地产价格波动与投机行为——对中国14城市的实证研究.pdf""]",0,[]
477,1,"[""C:\\Users\\Ethan\\CoreFiles\\ProjectsFile\\AcademicResearch-auto-workflow\\workspace\\references\\attachments\\恒大事件对我国银行系统性风险的影响.pdf""]",0,[]
478,0,[],0,[]
479,1,"[""C:\\Users\\Ethan\\CoreFiles\\ProjectsFile\\AcademicResearch-auto-workflow\\workspace\\references\\attachments\\我国房地产价格周期波动及其影响因素的实证研究.pdf""]",0,[]
480,1,"[""C:\\Users\\Ethan\\CoreFiles\\ProjectsFile\\AcademicResearch-auto-workflow\\workspace\\references\\attachments\\试析影响房地产经济波动的几点因素及其对策.pdf""]",0,[]
481,1,"[""C:\\Users\\Ethan\\CoreFiles\\ProjectsFile\\AcademicResearch-auto-workflow\\workspace\\references\\attachments\\房地产价格随机波动与房地产收益风险值(VaR)的研究.pdf""]",0,[]
482,1,"[""C:\\Users\\Ethan\\CoreFiles\\ProjectsFile\\AcademicResearch-auto-workflow\\workspace\\references\\attachments\\银行监控房地产金融风险的关键.pdf""]",0,[]
483,1,"[""C:\\Users\\Ethan\\CoreFiles\\ProjectsFile\\AcademicResearch-auto-workflow\\workspace\\references\\attachments\\近期欧美银行业风险事件的成因、影响及启示.pdf""]",0,[]
484,1,"[""C:\\Users\\Ethan\\CoreFiles\\ProjectsFile\\AcademicResearch-auto-workflow\\workspace\\references\\attachments\\房地产价格波动_特征、效应与调控.pdf""]",0,[]
485,1,"[""C:\\Users\\Ethan\\CoreFiles\\ProjectsFile\\AcademicResearch-auto-workflow\\workspace\\references\\attachments\\强监管、去杠杆背景下银行经营策略调整分析.pdf""]",0,[]
486,1,"[""C:\\Users\\Ethan\\CoreFiles\\ProjectsFile\\AcademicResearch-auto-workflow\\workspace\\references\\attachments\\对银行开发经营房地产业务的探讨.pdf""]",0,[]
487,1,"[""C:\\Users\\Ethan\\CoreFiles\\ProjectsFile\\AcademicResearch-auto-workflow\\workspace\\references\\attachments\\利率波动对房地产企业负债率的影响.pdf""]",0,[]
488,1,"[""C:\\Users\\Ethan\\CoreFiles\\ProjectsFile\\AcademicResearch-auto-workflow\\workspace\\references\\attachments\\银行利率变动对房地产市场的影响.pdf""]",0,[]
489,1,"[""C:\\Users\\Ethan\\CoreFiles\\ProjectsFile\\AcademicResearch-auto-workflow\\workspace\\references\\attachments\\关于商业银行系统性风险评估体系设计及重构研究.pdf""]",0,[]
490,1,"[""C:\\Users\\Ethan\\CoreFiles\\ProjectsFile\\AcademicResearch-auto-workflow\\workspace\\references\\attachments\\利率市场化背景下市场竞争对商业银行系统性风险的影响研究.pdf""]",0,[]
491,1,"[""C:\\Users\\Ethan\\CoreFiles\\ProjectsFile\\AcademicResearch-auto-workflow\\workspace\\references\\attachments\\中国影子银行的成因、结构及系统性风险.pdf""]",0,[]
492,1,"[""C:\\Users\\Ethan\\CoreFiles\\ProjectsFile\\AcademicResearch-auto-workflow\\workspace\\references\\attachments\\中美房地产周期波动特征的比较研究.pdf""]",0,[]
493,1,"[""C:\\Users\\Ethan\\CoreFiles\\ProjectsFile\\AcademicResearch-auto-workflow\\workspace\\references\\attachments\\中国商业银行竞争状况对系统性风险的影响研究.pdf""]",0,[]
494,1,"[""C:\\Users\\Ethan\\CoreFiles\\ProjectsFile\\AcademicResearch-auto-workflow\\workspace\\references\\attachments\\人民币汇率波动对中国房地产价格的影响机制分析.pdf""]",0,[]
495,1,"[""C:\\Users\\Ethan\\CoreFiles\\ProjectsFile\\AcademicResearch-auto-workflow\\workspace\\references\\attachments\\房地产企业有效应对市场波动的策略分析——以B集团为例.pdf""]",0,[]
496,1,"[""C:\\Users\\Ethan\\CoreFiles\\ProjectsFile\\AcademicResearch-auto-workflow\\workspace\\references\\attachments\\基于多层网络理论的银企系统性风险及系统重要性研究.pdf""]",0,[]
497,1,"[""C:\\Users\\Ethan\\CoreFiles\\ProjectsFile\\AcademicResearch-auto-workflow\\workspace\\references\\attachments\\我国金融机构系统性风险测度及演变特征分析.pdf""]",0,[]
498,1,"[""C:\\Users\\Ethan\\CoreFiles\\ProjectsFile\\AcademicResearch-auto-workflow\\workspace\\references\\attachments\\经济政策不确定性、房地产市场与宏观经济波动——基于GVAR模型的区域差异研究.pdf""]",0,[]
499,1,"[""C:\\Users\\Ethan\\CoreFiles\\ProjectsFile\\AcademicResearch-auto-workflow\\workspace\\references\\attachments\\房地产业转型期的银行风险及其控制.pdf""]",0,[]
500,1,"[""C:\\Users\\Ethan\\CoreFiles\\ProjectsFile\\AcademicResearch-auto-workflow\\workspace\\references\\attachments\\ESG投资对银行系统性风险的影响.pdf""]",0,[]
501,1,"[""C:\\Users\\Ethan\\CoreFiles\\ProjectsFile\\AcademicResearch-auto-workflow\\workspace\\references\\attachments\\考虑生产消费循环的金融风险传播模型研究.pdf""]",0,[]
502,1,"[""C:\\Users\\Ethan\\CoreFiles\\ProjectsFile\\AcademicResearch-auto-workflow\\workspace\\references\\attachments\\银行同业业务对系统性风险的影响研究.pdf""]",0,[]
503,1,"[""C:\\Users\\Ethan\\CoreFiles\\ProjectsFile\\AcademicResearch-auto-workflow\\workspace\\references\\attachments\\基于复杂网络的银行间市场网络流动性传导研究.pdf""]",0,[]
504,1,"[""C:\\Users\\Ethan\\CoreFiles\\ProjectsFile\\AcademicResearch-auto-workflow\\workspace\\references\\attachments\\房地产价格、居民消费与经济波动关系研究——基于35个大中城市数据的BEKK模型分析.pdf""]",0,[]
505,1,"[""C:\\Users\\Ethan\\CoreFiles\\ProjectsFile\\AcademicResearch-auto-workflow\\workspace\\references\\attachments\\中国金融70年_简要历程、辉煌成就和历史经验.pdf""]",0,[]
506,1,"[""C:\\Users\\Ethan\\CoreFiles\\ProjectsFile\\AcademicResearch-auto-workflow\\workspace\\references\\attachments\\我国房地产经济周期波动研究.pdf""]",0,[]
507,0,[],0,[]
508,1,"[""C:\\Users\\Ethan\\CoreFiles\\ProjectsFile\\AcademicResearch-auto-workflow\\workspace\\references\\attachments\\基于GARCH-CoVaR法的我国商业银行系统性风险测度研究.pdf""]",0,[]
509,1,"[""C:\\Users\\Ethan\\CoreFiles\\ProjectsFile\\AcademicResearch-auto-workflow\\workspace\\references\\attachments\\基于异质性面板数据的房地产泡沫测度研究.pdf""]",0,[]
510,1,"[""C:\\Users\\Ethan\\CoreFiles\\ProjectsFile\\AcademicResearch-auto-workflow\\workspace\\references\\attachments\\美国房地产发展历史与一点启示.pdf""]",0,[]
511,1,"[""C:\\Users\\Ethan\\CoreFiles\\ProjectsFile\\AcademicResearch-auto-workflow\\workspace\\references\\attachments\\波动期房地产品牌价值凸显.pdf""]",0,[]
512,1,"[""C:\\Users\\Ethan\\CoreFiles\\ProjectsFile\\AcademicResearch-auto-workflow\\workspace\\references\\attachments\\商业银行房地产信贷的风险与防范.pdf""]",0,[]
513,1,"[""C:\\Users\\Ethan\\CoreFiles\\ProjectsFile\\AcademicResearch-auto-workflow\\workspace\\references\\attachments\\银团贷款的系统性风险值得关注.pdf""]",0,[]
514,0,[],0,[]
515,1,"[""C:\\Users\\Ethan\\CoreFiles\\ProjectsFile\\AcademicResearch-auto-workflow\\workspace\\references\\attachments\\我国房价波动对系统性金融风险的影响机制研究.pdf""]",0,[]
516,1,"[""C:\\Users\\Ethan\\CoreFiles\\ProjectsFile\\AcademicResearch-auto-workflow\\workspace\\references\\attachments\\我国系统重要性银行识别研究.pdf""]",0,[]
517,1,"[""C:\\Users\\Ethan\\CoreFiles\\ProjectsFile\\AcademicResearch-auto-workflow\\workspace\\references\\attachments\\基于时域分析法的中国房地产市场和股票市场周期波动关系研究_1999—2009.pdf""]",0,[]
518,1,"[""C:\\Users\\Ethan\\CoreFiles\\ProjectsFile\\AcademicResearch-auto-workflow\\workspace\\references\\attachments\\我国信用债风险传染及其预警研究.pdf""]",0,[]
519,1,"[""C:\\Users\\Ethan\\CoreFiles\\ProjectsFile\\AcademicResearch-auto-workflow\\workspace\\references\\attachments\\美国中小银行救助机制对我国的启示——对包商银行事件的思考.pdf""]",0,[]
520,1,"[""C:\\Users\\Ethan\\CoreFiles\\ProjectsFile\\AcademicResearch-auto-workflow\\workspace\\references\\attachments\\利率调整对房地产价格波动的显著性分析.pdf""]",0,[]
521,1,"[""C:\\Users\\Ethan\\CoreFiles\\ProjectsFile\\AcademicResearch-auto-workflow\\workspace\\references\\attachments\\经济政策不确定性与银行系统性风险.pdf""]",0,[]
522,1,"[""C:\\Users\\Ethan\\CoreFiles\\ProjectsFile\\AcademicResearch-auto-workflow\\workspace\\references\\attachments\\房地产经济波动对宏观经济的影响.pdf""]",0,[]
523,1,"[""C:\\Users\\Ethan\\CoreFiles\\ProjectsFile\\AcademicResearch-auto-workflow\\workspace\\references\\attachments\\中国银行业系统性风险测度及监管启示.pdf""]",0,[]
524,1,"[""C:\\Users\\Ethan\\CoreFiles\\ProjectsFile\\AcademicResearch-auto-workflow\\workspace\\references\\attachments\\关于“入世”后我国银行参与国际竞争的几点意见.pdf""]",0,[]
525,1,"[""C:\\Users\\Ethan\\CoreFiles\\ProjectsFile\\AcademicResearch-auto-workflow\\workspace\\references\\attachments\\房地产市场对股票市场波动的响应机制研究.pdf""]",0,[]
526,1,"[""C:\\Users\\Ethan\\CoreFiles\\ProjectsFile\\AcademicResearch-auto-workflow\\workspace\\references\\attachments\\控制商业银行同业业务规模对系统性金融风险的影响研究——基于金融网络数据模型的实证检验.pdf""]",0,[]
527,1,"[""C:\\Users\\Ethan\\CoreFiles\\ProjectsFile\\AcademicResearch-auto-workflow\\workspace\\references\\attachments\\房地产市场调整对银行体系的影响分析与建议.pdf""]",0,[]
528,1,"[""C:\\Users\\Ethan\\CoreFiles\\ProjectsFile\\AcademicResearch-auto-workflow\\workspace\\references\\attachments\\资本充足率对银行系统性风险承担的影响.pdf""]",0,[]
529,1,"[""C:\\Users\\Ethan\\CoreFiles\\ProjectsFile\\AcademicResearch-auto-workflow\\workspace\\references\\attachments\\货币政策、杠杆周期与房地产市场价格波动.pdf""]",0,[]
530,1,"[""C:\\Users\\Ethan\\CoreFiles\\ProjectsFile\\AcademicResearch-auto-workflow\\workspace\\references\\attachments\\基于CoVaR溢出特征的系统性金融风险研究.pdf""]",0,[]
531,1,"[""C:\\Users\\Ethan\\CoreFiles\\ProjectsFile\\AcademicResearch-auto-workflow\\workspace\\references\\attachments\\基层央行开展金融稳定工作探讨.pdf""]",0,[]
532,1,"[""C:\\Users\\Ethan\\CoreFiles\\ProjectsFile\\AcademicResearch-auto-workflow\\workspace\\references\\attachments\\市场情绪、调控政策与我国房地产价格波动.pdf""]",0,[]
533,1,"[""C:\\Users\\Ethan\\CoreFiles\\ProjectsFile\\AcademicResearch-auto-workflow\\workspace\\references\\attachments\\最重要的还是加强风险管理和内控.pdf""]",0,[]
534,1,"[""C:\\Users\\Ethan\\CoreFiles\\ProjectsFile\\AcademicResearch-auto-workflow\\workspace\\references\\attachments\\中国房地产价格波动影响金融稳定的实证研究.pdf""]",0,[]
535,0,[],0,[]
536,1,"[""C:\\Users\\Ethan\\CoreFiles\\ProjectsFile\\AcademicResearch-auto-workflow\\workspace\\references\\attachments\\略谈房地产金融风险及其控制.pdf""]",0,[]
537,1,"[""C:\\Users\\Ethan\\CoreFiles\\ProjectsFile\\AcademicResearch-auto-workflow\\workspace\\references\\attachments\\浅析银行风险及控制.pdf""]",0,[]
538,0,[],0,[]
539,1,"[""C:\\Users\\Ethan\\CoreFiles\\ProjectsFile\\AcademicResearch-auto-workflow\\workspace\\references\\attachments\\房地产价格波动的收入分配效应研究.pdf""]",0,[]
540,1,"[""C:\\Users\\Ethan\\CoreFiles\\ProjectsFile\\AcademicResearch-auto-workflow\\workspace\\references\\attachments\\银行业系统性风险及宏观审慎监管研究.pdf""]",0,[]
541,1,"[""C:\\Users\\Ethan\\CoreFiles\\ProjectsFile\\AcademicResearch-auto-workflow\\workspace\\references\\attachments\\资产证券化对我国商业银行风险承担的影响研究.pdf""]",0,[]
542,1,"[""C:\\Users\\Ethan\\CoreFiles\\ProjectsFile\\AcademicResearch-auto-workflow\\workspace\\references\\attachments\\非金融企业影子银行化对系统性金融风险的传染效应.pdf""]",0,[]
543,1,"[""C:\\Users\\Ethan\\CoreFiles\\ProjectsFile\\AcademicResearch-auto-workflow\\workspace\\references\\attachments\\房地产价格波动的系统动力学研究.pdf""]",0,[]
544,1,"[""C:\\Users\\Ethan\\CoreFiles\\ProjectsFile\\AcademicResearch-auto-workflow\\workspace\\references\\attachments\\关于系统重要性金融机构的文献综述.pdf""]",0,[]
545,1,"[""C:\\Users\\Ethan\\CoreFiles\\ProjectsFile\\AcademicResearch-auto-workflow\\workspace\\references\\attachments\\基于CoVaR的我国系统重要性银行间风险相互传染度量.pdf""]",0,[]
546,1,"[""C:\\Users\\Ethan\\CoreFiles\\ProjectsFile\\AcademicResearch-auto-workflow\\workspace\\references\\attachments\\中国金融业系统性风险研究.pdf""]",0,[]
547,1,"[""C:\\Users\\Ethan\\CoreFiles\\ProjectsFile\\AcademicResearch-auto-workflow\\workspace\\references\\attachments\\资产价格变化与经济波动关系的研究.pdf""]",0,[]
548,1,"[""C:\\Users\\Ethan\\CoreFiles\\ProjectsFile\\AcademicResearch-auto-workflow\\workspace\\references\\attachments\\房地产投资与产出波动的一般均衡研究.pdf""]",0,[]
549,1,"[""C:\\Users\\Ethan\\CoreFiles\\ProjectsFile\\AcademicResearch-auto-workflow\\workspace\\references\\attachments\\银行的影子_风险分担还是风险传染.pdf""]",0,[]
550,1,"[""C:\\Users\\Ethan\\CoreFiles\\ProjectsFile\\AcademicResearch-auto-workflow\\workspace\\references\\attachments\\宏观审慎视角下金融控股公司穿透监管研究.pdf""]",0,[]
551,0,[],0,[]
552,1,"[""C:\\Users\\Ethan\\CoreFiles\\ProjectsFile\\AcademicResearch-auto-workflow\\workspace\\references\\attachments\\基于金融部门系统性风险的货币政策框架研究.pdf""]",0,[]
553,1,"[""C:\\Users\\Ethan\\CoreFiles\\ProjectsFile\\AcademicResearch-auto-workflow\\workspace\\references\\attachments\\我国系统性金融风险扩散效应及防范对策研究.pdf""]",0,[]
554,1,"[""C:\\Users\\Ethan\\CoreFiles\\ProjectsFile\\AcademicResearch-auto-workflow\\workspace\\references\\attachments\\房地产市场波动性的行为经济学解析.pdf""]",0,[]
555,1,"[""C:\\Users\\Ethan\\CoreFiles\\ProjectsFile\\AcademicResearch-auto-workflow\\workspace\\references\\attachments\\我国股市行业板块波动性特征研究.pdf""]",0,[]
556,1,"[""C:\\Users\\Ethan\\CoreFiles\\ProjectsFile\\AcademicResearch-auto-workflow\\workspace\\references\\attachments\\基于关联网络视角的金融风险传染与处置研究.pdf""]",0,[]
557,1,"[""C:\\Users\\Ethan\\CoreFiles\\ProjectsFile\\AcademicResearch-auto-workflow\\workspace\\references\\attachments\\我国系统性金融风险传导与政策影响研究.pdf""]",0,[]
558,1,"[""C:\\Users\\Ethan\\CoreFiles\\ProjectsFile\\AcademicResearch-auto-workflow\\workspace\\references\\attachments\\宏观审慎资本充足率要求与商业银行风险调整的实证研究.pdf""]",0,[]
559,1,"[""C:\\Users\\Ethan\\CoreFiles\\ProjectsFile\\AcademicResearch-auto-workflow\\workspace\\references\\attachments\\房价波动影响因素研究--基于2005-2015年数据的实证分析.pdf""]",0,[]
560,1,"[""C:\\Users\\Ethan\\CoreFiles\\ProjectsFile\\AcademicResearch-auto-workflow\\workspace\\references\\attachments\\浅谈当前经济形势下如何做好银行资产质量管理.pdf""]",0,[]
561,0,[],0,[]
562,1,"[""C:\\Users\\Ethan\\CoreFiles\\ProjectsFile\\AcademicResearch-auto-workflow\\workspace\\references\\attachments\\中国房地产周期波动_解释转移与相机政策.pdf""]",0,[]
563,1,"[""C:\\Users\\Ethan\\CoreFiles\\ProjectsFile\\AcademicResearch-auto-workflow\\workspace\\references\\attachments\\房地产投资与经济增长关系的动态波动性研究——以湘潭市为例.pdf""]",0,[]
564,1,"[""C:\\Users\\Ethan\\CoreFiles\\ProjectsFile\\AcademicResearch-auto-workflow\\workspace\\references\\attachments\\影子银行业务对商业银行系统性风险的影响.pdf""]",0,[]
565,1,"[""C:\\Users\\Ethan\\CoreFiles\\ProjectsFile\\AcademicResearch-auto-workflow\\workspace\\references\\attachments\\房地产市场在货币政策传导机制中的作用——基于SVAR模型的经验研究.pdf""]",0,[]
566,1,"[""C:\\Users\\Ethan\\CoreFiles\\ProjectsFile\\AcademicResearch-auto-workflow\\workspace\\references\\attachments\\中美贸易摩擦影响我国股市波动的实证研究——基于GARCH-VaR模型.pdf""]",0,[]
567,1,"[""C:\\Users\\Ethan\\CoreFiles\\ProjectsFile\\AcademicResearch-auto-workflow\\workspace\\references\\attachments\\金融开放下的银行系统性风险研究综述.pdf""]",0,[]
568,1,"[""C:\\Users\\Ethan\\CoreFiles\\ProjectsFile\\AcademicResearch-auto-workflow\\workspace\\references\\attachments\\短期国际资本流动对中国银行体系系统性风险的影响研究.pdf""]",0,[]
569,1,"[""C:\\Users\\Ethan\\CoreFiles\\ProjectsFile\\AcademicResearch-auto-workflow\\workspace\\references\\attachments\\金融网络视角下的中国上市银行机构系统性风险指标度量——基于改进后的多因子定价模型.pdf""]",0,[]
570,1,"[""C:\\Users\\Ethan\\CoreFiles\\ProjectsFile\\AcademicResearch-auto-workflow\\workspace\\references\\attachments\\我国影子银行体系监管研究.pdf""]",0,[]
571,1,"[""C:\\Users\\Ethan\\CoreFiles\\ProjectsFile\\AcademicResearch-auto-workflow\\workspace\\references\\attachments\\资产价格与通货膨胀的相关关系研究.pdf""]",0,[]
572,1,"[""C:\\Users\\Ethan\\CoreFiles\\ProjectsFile\\AcademicResearch-auto-workflow\\workspace\\references\\attachments\\国外房价影响因素研究综述.pdf""]",0,[]
573,1,"[""C:\\Users\\Ethan\\CoreFiles\\ProjectsFile\\AcademicResearch-auto-workflow\\workspace\\references\\attachments\\金融风险的成因、传导与防范_国内外研究述评.pdf""]",0,[]
574,1,"[""C:\\Users\\Ethan\\CoreFiles\\ProjectsFile\\AcademicResearch-auto-workflow\\workspace\\references\\attachments\\华东地区城市间房价时空扩散效应研究.pdf""]",0,[]
575,1,"[""C:\\Users\\Ethan\\CoreFiles\\ProjectsFile\\AcademicResearch-auto-workflow\\workspace\\references\\attachments\\硅谷银行破产的系统性金融风险启示.pdf""]",0,[]
576,0,[],0,[]
577,1,"[""C:\\Users\\Ethan\\CoreFiles\\ProjectsFile\\AcademicResearch-auto-workflow\\workspace\\references\\attachments\\国有控股银行综合系统性风险的实证分析——基于标准CAPM模型和市场模型分析.pdf""]",0,[]
578,1,"[""C:\\Users\\Ethan\\CoreFiles\\ProjectsFile\\AcademicResearch-auto-workflow\\workspace\\references\\attachments\\基于矩阵法测度中国商业银行系统性风险的溢出效应.pdf""]",0,[]
579,1,"[""C:\\Users\\Ethan\\CoreFiles\\ProjectsFile\\AcademicResearch-auto-workflow\\workspace\\references\\attachments\\中国房地产价格周期波动与成因研究.pdf""]",0,[]
580,1,"[""C:\\Users\\Ethan\\CoreFiles\\ProjectsFile\\AcademicResearch-auto-workflow\\workspace\\references\\attachments\\银行逆周期监管理论的科学性及实现的障碍分析.pdf""]",0,[]
581,1,"[""C:\\Users\\Ethan\\CoreFiles\\ProjectsFile\\AcademicResearch-auto-workflow\\workspace\\references\\attachments\\个人住房贷款系统性风险及商业银行的应对措施.pdf""]",0,[]
582,1,"[""C:\\Users\\Ethan\\CoreFiles\\ProjectsFile\\AcademicResearch-auto-workflow\\workspace\\references\\attachments\\汇率波动加剧了商业银行系统性风险吗？——基于央行外汇干预的门槛效应分析.pdf""]",0,[]
583,1,"[""C:\\Users\\Ethan\\CoreFiles\\ProjectsFile\\AcademicResearch-auto-workflow\\workspace\\references\\attachments\\银行网络对金融系统性联动风险的影响研究.pdf""]",0,[]
584,1,"[""C:\\Users\\Ethan\\CoreFiles\\ProjectsFile\\AcademicResearch-auto-workflow\\workspace\\references\\attachments\\中国银行业系统性风险的测量方法与实证研究.pdf""]",0,[]
585,0,[],0,[]
586,1,"[""C:\\Users\\Ethan\\CoreFiles\\ProjectsFile\\AcademicResearch-auto-workflow\\workspace\\references\\attachments\\金融科技对金融稳定的影响研究——基于商业银行风险视角.pdf""]",0,[]
587,1,"[""C:\\Users\\Ethan\\CoreFiles\\ProjectsFile\\AcademicResearch-auto-workflow\\workspace\\references\\attachments\\ESG评级对中国商业银行系统性风险的影响研究.pdf""]",0,[]
588,1,"[""C:\\Users\\Ethan\\CoreFiles\\ProjectsFile\\AcademicResearch-auto-workflow\\workspace\\references\\attachments\\我国房地产类上市公司经营效率与股价波动的实证分析.pdf""]",0,[]
589,0,[],0,[]
590,1,"[""C:\\Users\\Ethan\\CoreFiles\\ProjectsFile\\AcademicResearch-auto-workflow\\workspace\\references\\attachments\\我国房地产经济波动影响因素分析及对策.pdf""]",0,[]
591,1,"[""C:\\Users\\Ethan\\CoreFiles\\ProjectsFile\\AcademicResearch-auto-workflow\\workspace\\references\\attachments\\软预算约束竞争和信贷“公地悲剧”_国有银行系统性风险生成的制度解释.pdf""]",0,[]
592,0,[],0,[]
593,1,"[""C:\\Users\\Ethan\\CoreFiles\\ProjectsFile\\AcademicResearch-auto-workflow\\workspace\\references\\attachments\\中国影子银行的形态、风险及其规制对策.pdf""]",0,[]
594,1,"[""C:\\Users\\Ethan\\CoreFiles\\ProjectsFile\\AcademicResearch-auto-workflow\\workspace\\references\\attachments\\我国房地产价格波动规律及影响因素分析.pdf""]",0,[]
595,1,"[""C:\\Users\\Ethan\\CoreFiles\\ProjectsFile\\AcademicResearch-auto-workflow\\workspace\\references\\attachments\\系统重要性银行的动态识别研究.pdf""]",0,[]
596,1,"[""C:\\Users\\Ethan\\CoreFiles\\ProjectsFile\\AcademicResearch-auto-workflow\\workspace\\references\\attachments\\基于VAR模型的住宅价格影响因素实证研究.pdf""]",0,[]
597,1,"[""C:\\Users\\Ethan\\CoreFiles\\ProjectsFile\\AcademicResearch-auto-workflow\\workspace\\references\\attachments\\房地产业的发展趋势和银行业面临的风险挑战.pdf""]",0,[]
598,1,"[""C:\\Users\\Ethan\\CoreFiles\\ProjectsFile\\AcademicResearch-auto-workflow\\workspace\\references\\attachments\\近期利率变化对房地产业的影响.pdf""]",0,[]
599,1,"[""C:\\Users\\Ethan\\CoreFiles\\ProjectsFile\\AcademicResearch-auto-workflow\\workspace\\references\\attachments\\货币供给、房地产价格与金融稳定性——基于SVAR模型的实证研究.pdf""]",0,[]
600,1,"[""C:\\Users\\Ethan\\CoreFiles\\ProjectsFile\\AcademicResearch-auto-workflow\\workspace\\references\\attachments\\试论商业银行创新对系统性风险影响分析.pdf""]",0,[]
601,1,"[""C:\\Users\\Ethan\\CoreFiles\\ProjectsFile\\AcademicResearch-auto-workflow\\workspace\\references\\attachments\\中国房地产价格波动的宏观经济影响因素实证研究.pdf""]",0,[]
602,1,"[""C:\\Users\\Ethan\\CoreFiles\\ProjectsFile\\AcademicResearch-auto-workflow\\workspace\\references\\attachments\\以适度宽松的货币政策  推动经济持续回升向好.pdf""]",0,[]
603,1,"[""C:\\Users\\Ethan\\CoreFiles\\ProjectsFile\\AcademicResearch-auto-workflow\\workspace\\references\\attachments\\中国资产价格波动的财富效应研究.pdf""]",0,[]
604,1,"[""C:\\Users\\Ethan\\CoreFiles\\ProjectsFile\\AcademicResearch-auto-workflow\\workspace\\references\\attachments\\绿色信贷能否缓解银行系统性风险——基于中国22家上市银行的证据.pdf""]",0,[]
605,0,[],0,[]
606,1,"[""C:\\Users\\Ethan\\CoreFiles\\ProjectsFile\\AcademicResearch-auto-workflow\\workspace\\references\\attachments\\房产税对我国商业银行风险管理的影响探究.pdf""]",0,[]
607,1,"[""C:\\Users\\Ethan\\CoreFiles\\ProjectsFile\\AcademicResearch-auto-workflow\\workspace\\references\\attachments\\基于DCC-GARCH模型的中国上市银行系统性风险研究.pdf""]",0,[]
608,1,"[""C:\\Users\\Ethan\\CoreFiles\\ProjectsFile\\AcademicResearch-auto-workflow\\workspace\\references\\attachments\\银行贷款利率对房地产价格的影响分析.pdf""]",0,[]
609,1,"[""C:\\Users\\Ethan\\CoreFiles\\ProjectsFile\\AcademicResearch-auto-workflow\\workspace\\references\\attachments\\商业银行履行社会责任能降低系统性风险吗.pdf""]",0,[]
610,1,"[""C:\\Users\\Ethan\\CoreFiles\\ProjectsFile\\AcademicResearch-auto-workflow\\workspace\\references\\attachments\\我国房地产市场波动与宏观经济发展关系的实证研究.pdf""]",0,[]
611,1,"[""C:\\Users\\Ethan\\CoreFiles\\ProjectsFile\\AcademicResearch-auto-workflow\\workspace\\references\\attachments\\不确定性视角下地方政府行为与房地产价格波动研究.pdf""]",0,[]
612,1,"[""C:\\Users\\Ethan\\CoreFiles\\ProjectsFile\\AcademicResearch-auto-workflow\\workspace\\references\\attachments\\房地产价格波动与宏观经济关系综述.pdf""]",0,[]
613,1,"[""C:\\Users\\Ethan\\CoreFiles\\ProjectsFile\\AcademicResearch-auto-workflow\\workspace\\references\\attachments\\商业银行消费信贷对银行系统性风险的影响研究.pdf""]",0,[]
614,1,"[""C:\\Users\\Ethan\\CoreFiles\\ProjectsFile\\AcademicResearch-auto-workflow\\workspace\\references\\attachments\\国家政策对房地产经济波动的影响.pdf""]",0,[]
615,1,"[""C:\\Users\\Ethan\\CoreFiles\\ProjectsFile\\AcademicResearch-auto-workflow\\workspace\\references\\attachments\\宏观审慎监管框架下我国商业银行系统性风险研究.pdf""]",0,[]
616,1,"[""C:\\Users\\Ethan\\CoreFiles\\ProjectsFile\\AcademicResearch-auto-workflow\\workspace\\references\\attachments\\房地产股价波动对高技术板块的溢出效应研究——基于DGC-t-MSV模型.pdf""]",0,[]
617,1,"[""C:\\Users\\Ethan\\CoreFiles\\ProjectsFile\\AcademicResearch-auto-workflow\\workspace\\references\\attachments\\中国银行业监管问题与对策研究.pdf""]",0,[]
618,1,"[""C:\\Users\\Ethan\\CoreFiles\\ProjectsFile\\AcademicResearch-auto-workflow\\workspace\\references\\attachments\\商业银行的风险及其度量——以招商银行为研究对象.pdf""]",0,[]
619,1,"[""C:\\Users\\Ethan\\CoreFiles\\ProjectsFile\\AcademicResearch-auto-workflow\\workspace\\references\\attachments\\基于信贷网络的银企系统性风险研究.pdf""]",0,[]
620,1,"[""C:\\Users\\Ethan\\CoreFiles\\ProjectsFile\\AcademicResearch-auto-workflow\\workspace\\references\\attachments\\银行借贷与系统性风险防控——基于复杂网络模型的研究.pdf""]",0,[]
621,1,"[""C:\\Users\\Ethan\\CoreFiles\\ProjectsFile\\AcademicResearch-auto-workflow\\workspace\\references\\attachments\\实体经济波动对银行系统性风险承担的影响研究.pdf""]",0,[]
622,1,"[""C:\\Users\\Ethan\\CoreFiles\\ProjectsFile\\AcademicResearch-auto-workflow\\workspace\\references\\attachments\\金融加速器理论在我国的研究与应用.pdf""]",0,[]
623,1,"[""C:\\Users\\Ethan\\CoreFiles\\ProjectsFile\\AcademicResearch-auto-workflow\\workspace\\references\\attachments\\金融衍生工具对我国商业银行系统性风险的影响研究.pdf""]",0,[]
624,1,"[""C:\\Users\\Ethan\\CoreFiles\\ProjectsFile\\AcademicResearch-auto-workflow\\workspace\\references\\attachments\\我国影子银行的系统性风险与监管措施.pdf""]",0,[]
625,1,"[""C:\\Users\\Ethan\\CoreFiles\\ProjectsFile\\AcademicResearch-auto-workflow\\workspace\\references\\attachments\\中国房地产价格与宏观经济波动——基于PVAR模型的研究.pdf""]",0,[]
626,1,"[""C:\\Users\\Ethan\\CoreFiles\\ProjectsFile\\AcademicResearch-auto-workflow\\workspace\\references\\attachments\\我国房地产信贷风险探析.pdf""]",0,[]
627,1,"[""C:\\Users\\Ethan\\CoreFiles\\ProjectsFile\\AcademicResearch-auto-workflow\\workspace\\references\\attachments\\我国房地产信贷风险的成因及其化解思路.pdf""]",0,[]
628,1,"[""C:\\Users\\Ethan\\CoreFiles\\ProjectsFile\\AcademicResearch-auto-workflow\\workspace\\references\\attachments\\调查上海的房地产市场,分析经济对房价市场波动带来的影响(英文).pdf""]",0,[]
629,1,"[""C:\\Users\\Ethan\\CoreFiles\\ProjectsFile\\AcademicResearch-auto-workflow\\workspace\\references\\attachments\\中国宏观审慎监管有效性研究.pdf""]",0,[]
630,1,"[""C:\\Users\\Ethan\\CoreFiles\\ProjectsFile\\AcademicResearch-auto-workflow\\workspace\\references\\attachments\\运用H-P滤波法研究我国房地产周期波动与房地产政策相关性.pdf""]",0,[]
631,1,"[""C:\\Users\\Ethan\\CoreFiles\\ProjectsFile\\AcademicResearch-auto-workflow\\workspace\\references\\attachments\\我国房地产价格波动与金融风险研究.pdf""]",0,[]
632,1,"[""C:\\Users\\Ethan\\CoreFiles\\ProjectsFile\\AcademicResearch-auto-workflow\\workspace\\references\\attachments\\融合金融舆情的银行业系统性风险预警研究.pdf""]",0,[]
633,0,[],0,[]
634,1,"[""C:\\Users\\Ethan\\CoreFiles\\ProjectsFile\\AcademicResearch-auto-workflow\\workspace\\references\\attachments\\论金融稳定与中央银行职能.pdf""]",0,[]
635,1,"[""C:\\Users\\Ethan\\CoreFiles\\ProjectsFile\\AcademicResearch-auto-workflow\\workspace\\references\\attachments\\中国“影子银行”体系与监管.pdf""]",0,[]
636,1,"[""C:\\Users\\Ethan\\CoreFiles\\ProjectsFile\\AcademicResearch-auto-workflow\\workspace\\references\\attachments\\制度因素对中国商业银行风险的影响.pdf""]",0,[]
637,1,"[""C:\\Users\\Ethan\\CoreFiles\\ProjectsFile\\AcademicResearch-auto-workflow\\workspace\\references\\attachments\\影子银行监管问题研究.pdf""]",0,[]
638,0,[],0,[]
639,1,"[""C:\\Users\\Ethan\\CoreFiles\\ProjectsFile\\AcademicResearch-auto-workflow\\workspace\\references\\attachments\\股市波动对房地产经济的影响统计实证分析.pdf""]",0,[]
640,1,"[""C:\\Users\\Ethan\\CoreFiles\\ProjectsFile\\AcademicResearch-auto-workflow\\workspace\\references\\attachments\\中国股市的金融机构系统性风险传染研究.pdf""]",0,[]
641,1,"[""C:\\Users\\Ethan\\CoreFiles\\ProjectsFile\\AcademicResearch-auto-workflow\\workspace\\references\\attachments\\我国货币政策对房地产价格波动的影响研究.pdf""]",0,[]
642,0,[],0,[]
643,1,"[""C:\\Users\\Ethan\\CoreFiles\\ProjectsFile\\AcademicResearch-auto-workflow\\workspace\\references\\attachments\\银行资产选择同群效应背后的系统性风险隐忧——兼论经济政策不确定性的调节作用.pdf""]",0,[]
644,1,"[""C:\\Users\\Ethan\\CoreFiles\\ProjectsFile\\AcademicResearch-auto-workflow\\workspace\\references\\attachments\\房地产市场波动对宏观经济重要指标的影响_以上海为例.pdf""]",0,[]
645,1,"[""C:\\Users\\Ethan\\CoreFiles\\ProjectsFile\\AcademicResearch-auto-workflow\\workspace\\references\\attachments\\中国金融部门的系统性风险：评估、传导与诱因研究.pdf""]",0,[]
646,1,"[""C:\\Users\\Ethan\\CoreFiles\\ProjectsFile\\AcademicResearch-auto-workflow\\workspace\\references\\attachments\\我国上市商业银行的风险溢出效应研究.pdf""]",0,[]
647,1,"[""C:\\Users\\Ethan\\CoreFiles\\ProjectsFile\\AcademicResearch-auto-workflow\\workspace\\references\\attachments\\关于房地产价格波动经济影响的均衡研究.pdf""]",0,[]
648,1,"[""C:\\Users\\Ethan\\CoreFiles\\ProjectsFile\\AcademicResearch-auto-workflow\\workspace\\references\\attachments\\中国影子银行对金融系统性风险的影响及区域差异性研究.pdf""]",0,[]
649,1,"[""C:\\Users\\Ethan\\CoreFiles\\ProjectsFile\\AcademicResearch-auto-workflow\\workspace\\references\\attachments\\地方融资平台债务与银行风险——基于地方政府隐性担保的视角.pdf""]",0,[]
650,1,"[""C:\\Users\\Ethan\\CoreFiles\\ProjectsFile\\AcademicResearch-auto-workflow\\workspace\\references\\attachments\\房地产价格波动对商业银行稳健性影响的实证研究.pdf""]",0,[]
651,1,"[""C:\\Users\\Ethan\\CoreFiles\\ProjectsFile\\AcademicResearch-auto-workflow\\workspace\\references\\attachments\\银行系统性风险的主要影响因素分析.pdf""]",0,[]
652,1,"[""C:\\Users\\Ethan\\CoreFiles\\ProjectsFile\\AcademicResearch-auto-workflow\\workspace\\references\\attachments\\论中国系统重要性银行识别——市场模型法还是指标法.pdf""]",0,[]
653,1,"[""C:\\Users\\Ethan\\CoreFiles\\ProjectsFile\\AcademicResearch-auto-workflow\\workspace\\references\\attachments\\区制转换视角下我国住房资产的财富效应研究.pdf""]",0,[]
654,1,"[""C:\\Users\\Ethan\\CoreFiles\\ProjectsFile\\AcademicResearch-auto-workflow\\workspace\\references\\attachments\\西部后发地区城市商业银行系统性金融风险测度——基于综合指数法的分析.pdf""]",0,[]
655,1,"[""C:\\Users\\Ethan\\CoreFiles\\ProjectsFile\\AcademicResearch-auto-workflow\\workspace\\references\\attachments\\向松祚：化解金融风险要抛弃政府万能思想.pdf""]",0,[]
656,1,"[""C:\\Users\\Ethan\\CoreFiles\\ProjectsFile\\AcademicResearch-auto-workflow\\workspace\\references\\attachments\\公允价值计量的风险相关性研究.pdf""]",0,[]
657,1,"[""C:\\Users\\Ethan\\CoreFiles\\ProjectsFile\\AcademicResearch-auto-workflow\\workspace\\references\\attachments\\后危机时代银行业竞争与系统性风险——基于全球主要上市银行的实证分析.pdf""]",0,[]
658,0,[],0,[]
659,1,"[""C:\\Users\\Ethan\\CoreFiles\\ProjectsFile\\AcademicResearch-auto-workflow\\workspace\\references\\attachments\\核心城市房地产市场的联动和溢出特征研究——基于中国“北上广深”样本的经验考察.pdf""]",0,[]
660,1,"[""C:\\Users\\Ethan\\CoreFiles\\ProjectsFile\\AcademicResearch-auto-workflow\\workspace\\references\\attachments\\浦银理财曹江涛：以多元化投资降低单一资产的非系统性风险.pdf""]",0,[]
661,1,"[""C:\\Users\\Ethan\\CoreFiles\\ProjectsFile\\AcademicResearch-auto-workflow\\workspace\\references\\attachments\\大连市房地产开发资金来源与价格波动关系研究.pdf""]",0,[]
662,1,"[""C:\\Users\\Ethan\\CoreFiles\\ProjectsFile\\AcademicResearch-auto-workflow\\workspace\\references\\attachments\\经济政策不确定性与银行系统性风险——基于收入多元化的非线性中介效应.pdf""]",0,[]
663,1,"[""C:\\Users\\Ethan\\CoreFiles\\ProjectsFile\\AcademicResearch-auto-workflow\\workspace\\references\\attachments\\不确定性冲击与市场波动的联动关系——基于中国股票市场和房地产市场的视角.pdf""]",0,[]
664,1,"[""C:\\Users\\Ethan\\CoreFiles\\ProjectsFile\\AcademicResearch-auto-workflow\\workspace\\references\\attachments\\区域金融稳定与房地产市场的关系研究.pdf""]",0,[]
665,1,"[""C:\\Users\\Ethan\\CoreFiles\\ProjectsFile\\AcademicResearch-auto-workflow\\workspace\\references\\attachments\\基于系统整体性的商业银行系统重要性评估方法.pdf""]",0,[]
666,1,"[""C:\\Users\\Ethan\\CoreFiles\\ProjectsFile\\AcademicResearch-auto-workflow\\workspace\\references\\attachments\\人民币名义有效汇率波动与房地产价格的联动关系研究——基于拔靴滚动窗口因果关系检验.pdf""]",0,[]
667,1,"[""C:\\Users\\Ethan\\CoreFiles\\ProjectsFile\\AcademicResearch-auto-workflow\\workspace\\references\\attachments\\基于文本分析的银行业潜在风险研究.pdf""]",0,[]
668,1,"[""C:\\Users\\Ethan\\CoreFiles\\ProjectsFile\\AcademicResearch-auto-workflow\\workspace\\references\\attachments\\利率利差、资管新规与银行系统性风险承担.pdf""]",0,[]
669,1,"[""C:\\Users\\Ethan\\CoreFiles\\ProjectsFile\\AcademicResearch-auto-workflow\\workspace\\references\\attachments\\基于改进GM模型的合肥市房地产价格波动实证研究.pdf""]",0,[]
670,1,"[""C:\\Users\\Ethan\\CoreFiles\\ProjectsFile\\AcademicResearch-auto-workflow\\workspace\\references\\attachments\\市场经济波动的影响因素及对策——以房地产行业为例.pdf""]",0,[]
671,1,"[""C:\\Users\\Ethan\\CoreFiles\\ProjectsFile\\AcademicResearch-auto-workflow\\workspace\\references\\attachments\\同业投资对银行系统性风险影响的实证研究.pdf""]",0,[]
672,1,"[""C:\\Users\\Ethan\\CoreFiles\\ProjectsFile\\AcademicResearch-auto-workflow\\workspace\\references\\attachments\\金融监管需要防止系统性风险.pdf""]",0,[]
673,0,[],0,[]
674,1,"[""C:\\Users\\Ethan\\CoreFiles\\ProjectsFile\\AcademicResearch-auto-workflow\\workspace\\references\\attachments\\基于实物期权的房价波动与房地产政策、经济波动相关性研究.pdf""]",0,[]
675,0,[],0,[]
676,1,"[""C:\\Users\\Ethan\\CoreFiles\\ProjectsFile\\AcademicResearch-auto-workflow\\workspace\\references\\attachments\\珠三角一小时城市圈房地产价格影响因素对房价及其波动的影响程度研究.pdf""]",0,[]
677,1,"[""C:\\Users\\Ethan\\CoreFiles\\ProjectsFile\\AcademicResearch-auto-workflow\\workspace\\references\\attachments\\我国房地产周期及区域性差异研究.pdf""]",0,[]
678,1,"[""C:\\Users\\Ethan\\CoreFiles\\ProjectsFile\\AcademicResearch-auto-workflow\\workspace\\references\\attachments\\基于宏观审慎视角的房地产风险预警研究.pdf""]",0,[]
679,1,"[""C:\\Users\\Ethan\\CoreFiles\\ProjectsFile\\AcademicResearch-auto-workflow\\workspace\\references\\attachments\\汇率变动对商业银行风险承担的影响.pdf""]",0,[]
680,1,"[""C:\\Users\\Ethan\\CoreFiles\\ProjectsFile\\AcademicResearch-auto-workflow\\workspace\\references\\attachments\\跨国银行系统性风险监管研究.pdf""]",0,[]
681,1,"[""C:\\Users\\Ethan\\CoreFiles\\ProjectsFile\\AcademicResearch-auto-workflow\\workspace\\references\\attachments\\基于宏观压力测试的我国商业银行系统性风险的度量.pdf""]",0,[]
682,1,"[""C:\\Users\\Ethan\\CoreFiles\\ProjectsFile\\AcademicResearch-auto-workflow\\workspace\\references\\attachments\\厦门市房地价关系实证研究——基于2003—2010年经验数据.pdf""]",0,[]
683,1,"[""C:\\Users\\Ethan\\CoreFiles\\ProjectsFile\\AcademicResearch-auto-workflow\\workspace\\references\\attachments\\宏观审慎政策对影子银行系统性风险的影响研究.pdf""]",0,[]
684,1,"[""C:\\Users\\Ethan\\CoreFiles\\ProjectsFile\\AcademicResearch-auto-workflow\\workspace\\references\\attachments\\我国房地产价格波动的实证研究.pdf""]",0,[]
685,1,"[""C:\\Users\\Ethan\\CoreFiles\\ProjectsFile\\AcademicResearch-auto-workflow\\workspace\\references\\attachments\\房地产价格和股票价格关系的研究综述.pdf""]",0,[]
686,1,"[""C:\\Users\\Ethan\\CoreFiles\\ProjectsFile\\AcademicResearch-auto-workflow\\workspace\\references\\attachments\\资本市场开放对房地产股价波动的影响研究.pdf""]",0,[]
687,1,"[""C:\\Users\\Ethan\\CoreFiles\\ProjectsFile\\AcademicResearch-auto-workflow\\workspace\\references\\attachments\\从虚拟经济角度谈房地产价格泡沫——房地产价格波动与银行信贷支持的关系研究.pdf""]",0,[]
688,1,"[""C:\\Users\\Ethan\\CoreFiles\\ProjectsFile\\AcademicResearch-auto-workflow\\workspace\\references\\attachments\\金融资源错配、非金融企业影子银行化与系统性金融风险.pdf""]",0,[]
689,1,"[""C:\\Users\\Ethan\\CoreFiles\\ProjectsFile\\AcademicResearch-auto-workflow\\workspace\\references\\attachments\\房地产经纪机构应对市场波动的产能优化策略.pdf""]",0,[]
690,1,"[""C:\\Users\\Ethan\\CoreFiles\\ProjectsFile\\AcademicResearch-auto-workflow\\workspace\\references\\attachments\\外国政府对银行救助的博弈分析及对中国的启迪.pdf""]",0,[]
691,1,"[""C:\\Users\\Ethan\\CoreFiles\\ProjectsFile\\AcademicResearch-auto-workflow\\workspace\\references\\attachments\\我国金融机构系统性风险及溢出效应研究.pdf""]",0,[]
692,1,"[""C:\\Users\\Ethan\\CoreFiles\\ProjectsFile\\AcademicResearch-auto-workflow\\workspace\\references\\attachments\\银行同业业务发展现状及风险分析.pdf""]",0,[]
693,1,"[""C:\\Users\\Ethan\\CoreFiles\\ProjectsFile\\AcademicResearch-auto-workflow\\workspace\\references\\attachments\\2017年中国金融十件大事.pdf""]",0,[]
694,1,"[""C:\\Users\\Ethan\\CoreFiles\\ProjectsFile\\AcademicResearch-auto-workflow\\workspace\\references\\attachments\\我国房价波动对系统性金融风险的动态冲击影响——基于TVP-VAR模型的实证研究.pdf""]",0,[]
695,1,"[""C:\\Users\\Ethan\\CoreFiles\\ProjectsFile\\AcademicResearch-auto-workflow\\workspace\\references\\attachments\\基于主成分分析的长沙市房地产周期波动研究.pdf""]",0,[]
696,0,[],0,[]
697,1,"[""C:\\Users\\Ethan\\CoreFiles\\ProjectsFile\\AcademicResearch-auto-workflow\\workspace\\references\\attachments\\房地产开发对信贷资产组合风险的影响.pdf""]",0,[]
698,1,"[""C:\\Users\\Ethan\\CoreFiles\\ProjectsFile\\AcademicResearch-auto-workflow\\workspace\\references\\attachments\\中国房地产周期的波动特征及其与信贷周期的关联动态研究.pdf""]",0,[]
699,1,"[""C:\\Users\\Ethan\\CoreFiles\\ProjectsFile\\AcademicResearch-auto-workflow\\workspace\\references\\attachments\\我国利率波动对商品住宅库存影响的动态研究——基于供给侧改革下房地产去库存的分析.pdf""]",0,[]
700,1,"[""C:\\Users\\Ethan\\CoreFiles\\ProjectsFile\\AcademicResearch-auto-workflow\\workspace\\references\\attachments\\货币政策影响房价的区域差异性——基于省际面板数据的实证研究.pdf""]",0,[]
701,1,"[""C:\\Users\\Ethan\\CoreFiles\\ProjectsFile\\AcademicResearch-auto-workflow\\workspace\\references\\attachments\\中国房地产上市公司资本结构微观影响因素的实证研究.pdf""]",0,[]
702,0,[],0,[]
703,1,"[""C:\\Users\\Ethan\\CoreFiles\\ProjectsFile\\AcademicResearch-auto-workflow\\workspace\\references\\attachments\\双传染渠道下银行系统性风险的测度研究.pdf""]",0,[]
704,1,"[""C:\\Users\\Ethan\\CoreFiles\\ProjectsFile\\AcademicResearch-auto-workflow\\workspace\\references\\attachments\\房地产价格波动对宏观经济影响研究.pdf""]",0,[]
705,1,"[""C:\\Users\\Ethan\\CoreFiles\\ProjectsFile\\AcademicResearch-auto-workflow\\workspace\\references\\attachments\\商业银行金融科技与系统性风险.pdf""]",0,[]
706,1,"[""C:\\Users\\Ethan\\CoreFiles\\ProjectsFile\\AcademicResearch-auto-workflow\\workspace\\references\\attachments\\宏观经济继续下行  谨防系统性风险集聚——从中国信达和光大银行香港上市谈起.pdf""]",0,[]
707,1,"[""C:\\Users\\Ethan\\CoreFiles\\ProjectsFile\\AcademicResearch-auto-workflow\\workspace\\references\\attachments\\人民币汇率变动与房地产价格关系的实证研究.pdf""]",0,[]
708,1,"[""C:\\Users\\Ethan\\CoreFiles\\ProjectsFile\\AcademicResearch-auto-workflow\\workspace\\references\\attachments\\土耳其房地产价格与销售波动对通货膨胀的相关性研究.pdf""]",0,[]
709,1,"[""C:\\Users\\Ethan\\CoreFiles\\ProjectsFile\\AcademicResearch-auto-workflow\\workspace\\references\\attachments\\中国上市银行系统性风险估计_模型与应用.pdf""]",0,[]
710,1,"[""C:\\Users\\Ethan\\CoreFiles\\ProjectsFile\\AcademicResearch-auto-workflow\\workspace\\references\\attachments\\房地产经济波动的原因以及应对波动的措施.pdf""]",0,[]
711,1,"[""C:\\Users\\Ethan\\CoreFiles\\ProjectsFile\\AcademicResearch-auto-workflow\\workspace\\references\\attachments\\宏观金融波动与中国银行业系统性风险_金融周期视角.pdf""]",0,[]
712,1,"[""C:\\Users\\Ethan\\CoreFiles\\ProjectsFile\\AcademicResearch-auto-workflow\\workspace\\references\\attachments\\金融危机后我国上市商业银行系统性风险测算.pdf""]",0,[]
713,0,[],0,[]
714,1,"[""C:\\Users\\Ethan\\CoreFiles\\ProjectsFile\\AcademicResearch-auto-workflow\\workspace\\references\\attachments\\房地产价格波动及其宏观效应研究.pdf""]",0,[]
715,0,[],0,[]
716,1,"[""C:\\Users\\Ethan\\CoreFiles\\ProjectsFile\\AcademicResearch-auto-workflow\\workspace\\references\\attachments\\第三方支付对我国银行业系统性风险影响的实证研究.pdf""]",0,[]
717,1,"[""C:\\Users\\Ethan\\CoreFiles\\ProjectsFile\\AcademicResearch-auto-workflow\\workspace\\references\\attachments\\金融科技对商业银行系统性风险溢出的影响研究.pdf""]",0,[]
718,1,"[""C:\\Users\\Ethan\\CoreFiles\\ProjectsFile\\AcademicResearch-auto-workflow\\workspace\\references\\attachments\\商业银行杠杆率与系统性风险——来自我国商业银行的经验.pdf""]",0,[]
719,1,"[""C:\\Users\\Ethan\\CoreFiles\\ProjectsFile\\AcademicResearch-auto-workflow\\workspace\\references\\attachments\\我国影子银行面临的主要风险及防范对策.pdf""]",0,[]
720,1,"[""C:\\Users\\Ethan\\CoreFiles\\ProjectsFile\\AcademicResearch-auto-workflow\\workspace\\references\\attachments\\房地产市场波动、金融去杠杆对宏观经济稳定的影响.pdf""]",0,[]
721,1,"[""C:\\Users\\Ethan\\CoreFiles\\ProjectsFile\\AcademicResearch-auto-workflow\\workspace\\references\\attachments\\基于高维动态R-Vine Copula的股份制商业银行系统性金融风险计量研究.pdf""]",0,[]
722,1,"[""C:\\Users\\Ethan\\CoreFiles\\ProjectsFile\\AcademicResearch-auto-workflow\\workspace\\references\\attachments\\浅议银行利率上调对房地产市场的影响.pdf""]",0,[]
723,1,"[""C:\\Users\\Ethan\\CoreFiles\\ProjectsFile\\AcademicResearch-auto-workflow\\workspace\\references\\attachments\\人口结构转变对房地产价格波动的影响.pdf""]",0,[]
724,1,"[""C:\\Users\\Ethan\\CoreFiles\\ProjectsFile\\AcademicResearch-auto-workflow\\workspace\\references\\attachments\\利率调整与房地产价格波动的实证分析.pdf""]",0,[]
725,1,"[""C:\\Users\\Ethan\\CoreFiles\\ProjectsFile\\AcademicResearch-auto-workflow\\workspace\\references\\attachments\\中国银行体系系统性金融风险传染研究——基于24家A股银行的大数据与机器学习分析.pdf""]",0,[]
726,1,"[""C:\\Users\\Ethan\\CoreFiles\\ProjectsFile\\AcademicResearch-auto-workflow\\workspace\\references\\attachments\\房地产贷款风险来袭  多家银行撇清与恒大关联.pdf""]",0,[]
727,1,"[""C:\\Users\\Ethan\\CoreFiles\\ProjectsFile\\AcademicResearch-auto-workflow\\workspace\\references\\attachments\\关注房地产信贷业务风险.pdf""]",0,[]
728,1,"[""C:\\Users\\Ethan\\CoreFiles\\ProjectsFile\\AcademicResearch-auto-workflow\\workspace\\references\\attachments\\经济周期与股价波动关系的理论和实证研究.pdf""]",0,[]
729,1,"[""C:\\Users\\Ethan\\CoreFiles\\ProjectsFile\\AcademicResearch-auto-workflow\\workspace\\references\\attachments\\基于CiteSpace的国内房地产业研究现状分析.pdf""]",0,[]
730,1,"[""C:\\Users\\Ethan\\CoreFiles\\ProjectsFile\\AcademicResearch-auto-workflow\\workspace\\references\\attachments\\我国货币政策的房地产价格传导机制实证研究.pdf""]",0,[]
731,1,"[""C:\\Users\\Ethan\\CoreFiles\\ProjectsFile\\AcademicResearch-auto-workflow\\workspace\\references\\attachments\\重庆房地产周期波动实证研究.pdf""]",0,[]
732,1,"[""C:\\Users\\Ethan\\CoreFiles\\ProjectsFile\\AcademicResearch-auto-workflow\\workspace\\references\\attachments\\房地产价格与宏观经济波动的实证研究——文献综述.pdf""]",0,[]
733,1,"[""C:\\Users\\Ethan\\CoreFiles\\ProjectsFile\\AcademicResearch-auto-workflow\\workspace\\references\\attachments\\金融科技降低了商业银行系统性风险吗？.pdf""]",0,[]
734,1,"[""C:\\Users\\Ethan\\CoreFiles\\ProjectsFile\\AcademicResearch-auto-workflow\\workspace\\references\\attachments\\山西省银行信贷与房地产价格的关系研究.pdf""]",0,[]
735,1,"[""C:\\Users\\Ethan\\CoreFiles\\ProjectsFile\\AcademicResearch-auto-workflow\\workspace\\references\\attachments\\Z商业银行房地产开发贷款的风险管控研究.pdf""]",0,[]
736,1,"[""C:\\Users\\Ethan\\CoreFiles\\ProjectsFile\\AcademicResearch-auto-workflow\\workspace\\references\\attachments\\基于随机森林算法的房地产经济周期性波动预测.pdf""]",0,[]
737,1,"[""C:\\Users\\Ethan\\CoreFiles\\ProjectsFile\\AcademicResearch-auto-workflow\\workspace\\references\\attachments\\城市间房地产价格波动差异的动态分析.pdf""]",0,[]
738,1,"[""C:\\Users\\Ethan\\CoreFiles\\ProjectsFile\\AcademicResearch-auto-workflow\\workspace\\references\\attachments\\提高准备金率影响能有多大.pdf""]",0,[]
739,1,"[""C:\\Users\\Ethan\\CoreFiles\\ProjectsFile\\AcademicResearch-auto-workflow\\workspace\\references\\attachments\\房价对商业银行住房贷款风险收益率的影响研究.pdf""]",0,[]
740,1,"[""C:\\Users\\Ethan\\CoreFiles\\ProjectsFile\\AcademicResearch-auto-workflow\\workspace\\references\\attachments\\市场波动周期中  瑞安房地产的机遇与挑战.pdf""]",0,[]
741,1,"[""C:\\Users\\Ethan\\CoreFiles\\ProjectsFile\\AcademicResearch-auto-workflow\\workspace\\references\\attachments\\中国房地产市场波动研究——基于贝叶斯估计的两部门DSGE模型.pdf""]",0,[]
742,1,"[""C:\\Users\\Ethan\\CoreFiles\\ProjectsFile\\AcademicResearch-auto-workflow\\workspace\\references\\attachments\\房地产经济波动的影响因素及营销对策探讨.pdf""]",0,[]
743,1,"[""C:\\Users\\Ethan\\CoreFiles\\ProjectsFile\\AcademicResearch-auto-workflow\\workspace\\references\\attachments\\“双支柱”政策框架、跨境资本流动与银行系统性风险.pdf""]",0,[]
744,1,"[""C:\\Users\\Ethan\\CoreFiles\\ProjectsFile\\AcademicResearch-auto-workflow\\workspace\\references\\attachments\\房地产经济波动对宏观经济的影响分析.pdf""]",0,[]
745,1,"[""C:\\Users\\Ethan\\CoreFiles\\ProjectsFile\\AcademicResearch-auto-workflow\\workspace\\references\\attachments\\货币政策反应函数渠道对金融周期影响时变机制的实证研究.pdf""]",0,[]
746,1,"[""C:\\Users\\Ethan\\CoreFiles\\ProjectsFile\\AcademicResearch-auto-workflow\\workspace\\references\\attachments\\汇改后人民币汇率波动对我国房地产价格的影响研究.pdf""]",0,[]
747,1,"[""C:\\Users\\Ethan\\CoreFiles\\ProjectsFile\\AcademicResearch-auto-workflow\\workspace\\references\\attachments\\资管新规背景下银行系统性风险的溢出效应研究.pdf""]",0,[]
748,1,"[""C:\\Users\\Ethan\\CoreFiles\\ProjectsFile\\AcademicResearch-auto-workflow\\workspace\\references\\attachments\\房地产行业宏观风险分析.pdf""]",0,[]
749,0,[],0,[]
750,1,"[""C:\\Users\\Ethan\\CoreFiles\\ProjectsFile\\AcademicResearch-auto-workflow\\workspace\\references\\attachments\\我国银行体系系统性风险预测研究.pdf""]",0,[]
751,1,"[""C:\\Users\\Ethan\\CoreFiles\\ProjectsFile\\AcademicResearch-auto-workflow\\workspace\\references\\attachments\\中国银行法学研究会副秘书长吕琦：《金融稳定法》还需进一步明确处置主体.pdf""]",0,[]
752,1,"[""C:\\Users\\Ethan\\CoreFiles\\ProjectsFile\\AcademicResearch-auto-workflow\\workspace\\references\\attachments\\关于银行系统性风险理论文献综述.pdf""]",0,[]
753,1,"[""C:\\Users\\Ethan\\CoreFiles\\ProjectsFile\\AcademicResearch-auto-workflow\\workspace\\references\\attachments\\房地产经济波动对宏观经济的影响研究.pdf""]",0,[]
754,1,"[""C:\\Users\\Ethan\\CoreFiles\\ProjectsFile\\AcademicResearch-auto-workflow\\workspace\\references\\attachments\\房地产公司资金流动性对财务风险的影响.pdf""]",0,[]
755,1,"[""C:\\Users\\Ethan\\CoreFiles\\ProjectsFile\\AcademicResearch-auto-workflow\\workspace\\references\\attachments\\地方政府债务扩张与银行风险承担：理论模拟与经验证据.pdf""]",0,[]
756,1,"[""C:\\Users\\Ethan\\CoreFiles\\ProjectsFile\\AcademicResearch-auto-workflow\\workspace\\references\\attachments\\风景名胜区星级酒店房价波动规律及其成因研究——以普陀山祥生大酒店为例.pdf""]",0,[]
757,1,"[""C:\\Users\\Ethan\\CoreFiles\\ProjectsFile\\AcademicResearch-auto-workflow\\workspace\\references\\attachments\\基于夏普利值法的中国商业银行系统性风险溢出效应研究.pdf""]",0,[]
758,1,"[""C:\\Users\\Ethan\\CoreFiles\\ProjectsFile\\AcademicResearch-auto-workflow\\workspace\\references\\attachments\\分位数惩罚整合模型及其在商业银行系统性风险中的应用.pdf""]",0,[]
759,1,"[""C:\\Users\\Ethan\\CoreFiles\\ProjectsFile\\AcademicResearch-auto-workflow\\workspace\\references\\attachments\\房地产上市公司财务风险的影响因素研究.pdf""]",0,[]
760,1,"[""C:\\Users\\Ethan\\CoreFiles\\ProjectsFile\\AcademicResearch-auto-workflow\\workspace\\references\\attachments\\房地产经济波动视角下金融风险防范研究.pdf""]",0,[]
761,1,"[""C:\\Users\\Ethan\\CoreFiles\\ProjectsFile\\AcademicResearch-auto-workflow\\workspace\\references\\attachments\\我国房地产价格形成机理与波动研究.pdf""]",0,[]
762,1,"[""C:\\Users\\Ethan\\CoreFiles\\ProjectsFile\\AcademicResearch-auto-workflow\\workspace\\references\\attachments\\更高资本充足率要求能够有效防范金融风险吗_——基于双重差分法的再检验.pdf""]",0,[]
763,1,"[""C:\\Users\\Ethan\\CoreFiles\\ProjectsFile\\AcademicResearch-auto-workflow\\workspace\\references\\attachments\\商业银行内部审计风险研究.pdf""]",0,[]
764,1,"[""C:\\Users\\Ethan\\CoreFiles\\ProjectsFile\\AcademicResearch-auto-workflow\\workspace\\references\\attachments\\守住底线,寻求突围——下半年宏观经济展望.pdf""]",0,[]
765,1,"[""C:\\Users\\Ethan\\CoreFiles\\ProjectsFile\\AcademicResearch-auto-workflow\\workspace\\references\\attachments\\流动人口对房地产价格波动的影响研究.pdf""]",0,[]
766,0,[],0,[]
767,1,"[""C:\\Users\\Ethan\\CoreFiles\\ProjectsFile\\AcademicResearch-auto-workflow\\workspace\\references\\attachments\\独家专访中国农业银行首席经济学家向松祚  警惕系统性金融风险.pdf""]",0,[]
768,1,"[""C:\\Users\\Ethan\\CoreFiles\\ProjectsFile\\AcademicResearch-auto-workflow\\workspace\\references\\attachments\\我国住房价格对城镇居民消费的时变影响效应研究.pdf""]",0,[]
769,1,"[""C:\\Users\\Ethan\\CoreFiles\\ProjectsFile\\AcademicResearch-auto-workflow\\workspace\\references\\attachments\\地方金融监管对提高银行贷款质量的效应——来自中国省级面板数据的经验证据.pdf""]",0,[]
770,1,"[""C:\\Users\\Ethan\\CoreFiles\\ProjectsFile\\AcademicResearch-auto-workflow\\workspace\\references\\attachments\\基于因子分析的商业银行系统性风险研究.pdf""]",0,[]
771,1,"[""C:\\Users\\Ethan\\CoreFiles\\ProjectsFile\\AcademicResearch-auto-workflow\\workspace\\references\\attachments\\跨境资本流入对银行稳定性的影响研究.pdf""]",0,[]
772,1,"[""C:\\Users\\Ethan\\CoreFiles\\ProjectsFile\\AcademicResearch-auto-workflow\\workspace\\references\\attachments\\房地产业风险对金融业的影响及对策.pdf""]",0,[]
773,1,"[""C:\\Users\\Ethan\\CoreFiles\\ProjectsFile\\AcademicResearch-auto-workflow\\workspace\\references\\attachments\\以金融稳定为本的美国金融监管改革.pdf""]",0,[]
774,1,"[""C:\\Users\\Ethan\\CoreFiles\\ProjectsFile\\AcademicResearch-auto-workflow\\workspace\\references\\attachments\\流动性、资产价格波动与企业分红——来自房地产行业的数据.pdf""]",0,[]
775,1,"[""C:\\Users\\Ethan\\CoreFiles\\ProjectsFile\\AcademicResearch-auto-workflow\\workspace\\references\\attachments\\基于房地产市场周期波动的土地供应时机研究.pdf""]",0,[]
776,1,"[""C:\\Users\\Ethan\\CoreFiles\\ProjectsFile\\AcademicResearch-auto-workflow\\workspace\\references\\attachments\\浅议利率波动对房地产投资信托基金的影响.pdf""]",0,[]
777,1,"[""C:\\Users\\Ethan\\CoreFiles\\ProjectsFile\\AcademicResearch-auto-workflow\\workspace\\references\\attachments\\主观感知视角下金融科技对系统性风险的影响关系研究.pdf""]",0,[]
778,1,"[""C:\\Users\\Ethan\\CoreFiles\\ProjectsFile\\AcademicResearch-auto-workflow\\workspace\\references\\attachments\\基于综合指数法的后发地区城市商业银行系统性金融风险测度与分析——以西北四省城市商业银行为例.pdf""]",0,[]
779,1,"[""C:\\Users\\Ethan\\CoreFiles\\ProjectsFile\\AcademicResearch-auto-workflow\\workspace\\references\\attachments\\论房地产经济波动的影响因素及对策.pdf""]",0,[]
780,1,"[""C:\\Users\\Ethan\\CoreFiles\\ProjectsFile\\AcademicResearch-auto-workflow\\workspace\\references\\attachments\\房地产价格波动对供需状态的影响.pdf""]",0,[]
781,1,"[""C:\\Users\\Ethan\\CoreFiles\\ProjectsFile\\AcademicResearch-auto-workflow\\workspace\\references\\attachments\\监管处罚对银行系统性风险的影响研究.pdf""]",0,[]
782,1,"[""C:\\Users\\Ethan\\CoreFiles\\ProjectsFile\\AcademicResearch-auto-workflow\\workspace\\references\\attachments\\房地产价格变动加剧了经济波动吗_金融加速器的视角——兼论在坚决遏制房价上涨的前提下保持房地产市场平稳健康发展.pdf""]",0,[]
783,1,"[""C:\\Users\\Ethan\\CoreFiles\\ProjectsFile\\AcademicResearch-auto-workflow\\workspace\\references\\attachments\\房地产市场波动理论与实证研究.pdf""]",0,[]
784,1,"[""C:\\Users\\Ethan\\CoreFiles\\ProjectsFile\\AcademicResearch-auto-workflow\\workspace\\references\\attachments\\房地产经济波动及金融风险防范措施.pdf""]",0,[]
785,1,"[""C:\\Users\\Ethan\\CoreFiles\\ProjectsFile\\AcademicResearch-auto-workflow\\workspace\\references\\attachments\\汇率变化对重庆市房地产价格的影响.pdf""]",0,[]
786,0,[],0,[]
787,1,"[""C:\\Users\\Ethan\\CoreFiles\\ProjectsFile\\AcademicResearch-auto-workflow\\workspace\\references\\attachments\\房地产价格波动、经济周期与货币政策效应.pdf""]",0,[]
788,1,"[""C:\\Users\\Ethan\\CoreFiles\\ProjectsFile\\AcademicResearch-auto-workflow\\workspace\\references\\attachments\\基于CoVaR方法的国内商业银行系统性风险度量.pdf""]",0,[]
789,1,"[""C:\\Users\\Ethan\\CoreFiles\\ProjectsFile\\AcademicResearch-auto-workflow\\workspace\\references\\attachments\\房地产经济波动的成因及应对之道研究.pdf""]",0,[]
790,1,"[""C:\\Users\\Ethan\\CoreFiles\\ProjectsFile\\AcademicResearch-auto-workflow\\workspace\\references\\attachments\\非对称性利率政策对中国房价影响的实证分析.pdf""]",0,[]
791,1,"[""C:\\Users\\Ethan\\CoreFiles\\ProjectsFile\\AcademicResearch-auto-workflow\\workspace\\references\\attachments\\房地产市场波动、经济增长与货币政策反应——基于TVP-VAR模型的实证分析.pdf""]",0,[]
792,1,"[""C:\\Users\\Ethan\\CoreFiles\\ProjectsFile\\AcademicResearch-auto-workflow\\workspace\\references\\attachments\\美国防范银行系统性风险的做法及启示.pdf""]",0,[]
793,1,"[""C:\\Users\\Ethan\\CoreFiles\\ProjectsFile\\AcademicResearch-auto-workflow\\workspace\\references\\attachments\\美国硅谷银行破产  欧洲担忧系统性风险.pdf""]",0,[]
794,1,"[""C:\\Users\\Ethan\\CoreFiles\\ProjectsFile\\AcademicResearch-auto-workflow\\workspace\\references\\attachments\\房地产价格波动对地方财政收入的影响研究.pdf""]",0,[]
795,0,[],0,[]
796,1,"[""C:\\Users\\Ethan\\CoreFiles\\ProjectsFile\\AcademicResearch-auto-workflow\\workspace\\references\\attachments\\财政应积极防范影子银行宏观金融风险.pdf""]",0,[]
797,1,"[""C:\\Users\\Ethan\\CoreFiles\\ProjectsFile\\AcademicResearch-auto-workflow\\workspace\\references\\attachments\\基于回归模型的金融稳定性对房地产周期波动影响研究.pdf""]",0,[]
798,0,[],0,[]
799,1,"[""C:\\Users\\Ethan\\CoreFiles\\ProjectsFile\\AcademicResearch-auto-workflow\\workspace\\references\\attachments\\重庆市房价动态演变及其影响因素研究.pdf""]",0,[]
800,1,"[""C:\\Users\\Ethan\\CoreFiles\\ProjectsFile\\AcademicResearch-auto-workflow\\workspace\\references\\attachments\\气候状态变化对银行系统性风险的影响.pdf""]",0,[]
801,1,"[""C:\\Users\\Ethan\\CoreFiles\\ProjectsFile\\AcademicResearch-auto-workflow\\workspace\\references\\attachments\\数字经济与经济高质量发展——数字经济开放研究平台第二次学术研讨会会议综述.pdf""]",0,[]
802,1,"[""C:\\Users\\Ethan\\CoreFiles\\ProjectsFile\\AcademicResearch-auto-workflow\\workspace\\references\\attachments\\国际资本流动对房价波动风险的影响分析——基于山东省的实证研究(2002Q1-2010Q2).pdf""]",0,[]
803,1,"[""C:\\Users\\Ethan\\CoreFiles\\ProjectsFile\\AcademicResearch-auto-workflow\\workspace\\references\\attachments\\论银行房地产信贷风险防范.pdf""]",0,[]
804,1,"[""C:\\Users\\Ethan\\CoreFiles\\ProjectsFile\\AcademicResearch-auto-workflow\\workspace\\references\\attachments\\金融审计中系统性风险的因素分析.pdf""]",0,[]
805,1,"[""C:\\Users\\Ethan\\CoreFiles\\ProjectsFile\\AcademicResearch-auto-workflow\\workspace\\references\\attachments\\基于复杂性视角的金融科技对银行业系统性风险影响研究.pdf""]",0,[]
806,1,"[""C:\\Users\\Ethan\\CoreFiles\\ProjectsFile\\AcademicResearch-auto-workflow\\workspace\\references\\attachments\\房地产信托冲击与中国影子银行系统性风险.pdf""]",0,[]
807,1,"[""C:\\Users\\Ethan\\CoreFiles\\ProjectsFile\\AcademicResearch-auto-workflow\\workspace\\references\\attachments\\存贷款竞争对商业银行系统性风险的影响.pdf""]",0,[]
808,1,"[""C:\\Users\\Ethan\\CoreFiles\\ProjectsFile\\AcademicResearch-auto-workflow\\workspace\\references\\attachments\\流动性风险监管能够有效降低商业银行系统性风险贡献度吗——来自中国上市银行的经验证据.pdf""]",0,[]
809,1,"[""C:\\Users\\Ethan\\CoreFiles\\ProjectsFile\\AcademicResearch-auto-workflow\\workspace\\references\\attachments\\宏观审慎视角下我国上市银行系统性风险研究.pdf""]",0,[]
810,1,"[""C:\\Users\\Ethan\\CoreFiles\\ProjectsFile\\AcademicResearch-auto-workflow\\workspace\\references\\attachments\\货币供给、房地产价格与股票估值波动.pdf""]",0,[]
811,1,"[""C:\\Users\\Ethan\\CoreFiles\\ProjectsFile\\AcademicResearch-auto-workflow\\workspace\\references\\attachments\\房价波动中再议房地产抵押价值评估风险研究.pdf""]",0,[]
812,1,"[""C:\\Users\\Ethan\\CoreFiles\\ProjectsFile\\AcademicResearch-auto-workflow\\workspace\\references\\attachments\\防范系统性金融风险的审计程序研究.pdf""]",0,[]
813,1,"[""C:\\Users\\Ethan\\CoreFiles\\ProjectsFile\\AcademicResearch-auto-workflow\\workspace\\references\\attachments\\房地产企业融资发展研究——基于政策调控、境外融资与热钱波动的视角.pdf""]",0,[]
814,1,"[""C:\\Users\\Ethan\\CoreFiles\\ProjectsFile\\AcademicResearch-auto-workflow\\workspace\\references\\attachments\\关于商业银行系统性风险测度研究的文献综述.pdf""]",0,[]
815,1,"[""C:\\Users\\Ethan\\CoreFiles\\ProjectsFile\\AcademicResearch-auto-workflow\\workspace\\references\\attachments\\我国银行系统性风险生成与测试的研究.pdf""]",0,[]
816,1,"[""C:\\Users\\Ethan\\CoreFiles\\ProjectsFile\\AcademicResearch-auto-workflow\\workspace\\references\\attachments\\银行必须直面房市风险.pdf""]",0,[]
817,1,"[""C:\\Users\\Ethan\\CoreFiles\\ProjectsFile\\AcademicResearch-auto-workflow\\workspace\\references\\attachments\\住房价格波动对居民消费影响的实证研究.pdf""]",0,[]
818,1,"[""C:\\Users\\Ethan\\CoreFiles\\ProjectsFile\\AcademicResearch-auto-workflow\\workspace\\references\\attachments\\基于主成分分析法的山东省房地产周期波动研究.pdf""]",0,[]
819,0,[],0,[]
820,0,[],0,[]
821,1,"[""C:\\Users\\Ethan\\CoreFiles\\ProjectsFile\\AcademicResearch-auto-workflow\\workspace\\references\\attachments\\资产价格、经济杠杆与价格传递——基于国际PVAR模型的实证研究.pdf""]",0,[]
822,0,[],0,[]
823,1,"[""C:\\Users\\Ethan\\CoreFiles\\ProjectsFile\\AcademicResearch-auto-workflow\\workspace\\references\\attachments\\互联网消费金融对系统性金融风险的影响研究.pdf""]",0,[]
824,1,"[""C:\\Users\\Ethan\\CoreFiles\\ProjectsFile\\AcademicResearch-auto-workflow\\workspace\\references\\attachments\\土地成本波动对房地产开发项目的影响分析.pdf""]",0,[]
825,1,"[""C:\\Users\\Ethan\\CoreFiles\\ProjectsFile\\AcademicResearch-auto-workflow\\workspace\\references\\attachments\\地方政府债务对银行系统性风险的影响.pdf""]",0,[]
826,1,"[""C:\\Users\\Ethan\\CoreFiles\\ProjectsFile\\AcademicResearch-auto-workflow\\workspace\\references\\attachments\\中国房地产市场波动对宏观经济的影响分析.pdf""]",0,[]
827,1,"[""C:\\Users\\Ethan\\CoreFiles\\ProjectsFile\\AcademicResearch-auto-workflow\\workspace\\references\\attachments\\我国商业银行信贷风险与房地产价格的关系分析.pdf""]",0,[]
828,1,"[""C:\\Users\\Ethan\\CoreFiles\\ProjectsFile\\AcademicResearch-auto-workflow\\workspace\\references\\attachments\\基于集成经验模态分解的城市住宅价格周期波动研究.pdf""]",0,[]
829,1,"[""C:\\Users\\Ethan\\CoreFiles\\ProjectsFile\\AcademicResearch-auto-workflow\\workspace\\references\\attachments\\金融科技对商业银行系统性风险的溢出效应.pdf""]",0,[]
830,1,"[""C:\\Users\\Ethan\\CoreFiles\\ProjectsFile\\AcademicResearch-auto-workflow\\workspace\\references\\attachments\\股市冲击压力情景下银行系统性风险演化机制分析.pdf""]",0,[]
831,1,"[""C:\\Users\\Ethan\\CoreFiles\\ProjectsFile\\AcademicResearch-auto-workflow\\workspace\\references\\attachments\\基于时间序列分析的我国上市银行系统性风险研究.pdf""]",0,[]
832,1,"[""C:\\Users\\Ethan\\CoreFiles\\ProjectsFile\\AcademicResearch-auto-workflow\\workspace\\references\\attachments\\汇率波动对房地产价格影响的多视角分析及对策研究.pdf""]",0,[]
833,1,"[""C:\\Users\\Ethan\\CoreFiles\\ProjectsFile\\AcademicResearch-auto-workflow\\workspace\\references\\attachments\\基于多层线性模型的股市波动和江苏省房地产影响研究.pdf""]",0,[]
834,0,[],0,[]
835,1,"[""C:\\Users\\Ethan\\CoreFiles\\ProjectsFile\\AcademicResearch-auto-workflow\\workspace\\references\\attachments\\房产税对房价影响效应研究_基于中美比较.pdf""]",0,[]
836,1,"[""C:\\Users\\Ethan\\CoreFiles\\ProjectsFile\\AcademicResearch-auto-workflow\\workspace\\references\\attachments\\货币政策与房地产价格波动的实证分析——以福建省为例.pdf""]",0,[]
837,1,"[""C:\\Users\\Ethan\\CoreFiles\\ProjectsFile\\AcademicResearch-auto-workflow\\workspace\\references\\attachments\\房地产市场周期波动与开发企业对策.pdf""]",0,[]
838,1,"[""C:\\Users\\Ethan\\CoreFiles\\ProjectsFile\\AcademicResearch-auto-workflow\\workspace\\references\\attachments\\中央银行如何防范和化解系统性金融风险_美联储的经验与启示.pdf""]",0,[]
839,1,"[""C:\\Users\\Ethan\\CoreFiles\\ProjectsFile\\AcademicResearch-auto-workflow\\workspace\\references\\attachments\\市场风险冲击下中国银行系统性风险的研究.pdf""]",0,[]
840,0,[],0,[]
841,1,"[""C:\\Users\\Ethan\\CoreFiles\\ProjectsFile\\AcademicResearch-auto-workflow\\workspace\\references\\attachments\\商业银行房地产信贷风险识别与防范研究.pdf""]",0,[]
842,1,"[""C:\\Users\\Ethan\\CoreFiles\\ProjectsFile\\AcademicResearch-auto-workflow\\workspace\\references\\attachments\\基于房地产周期波动理论的房地产预警系统研究.pdf""]",0,[]
843,1,"[""C:\\Users\\Ethan\\CoreFiles\\ProjectsFile\\AcademicResearch-auto-workflow\\workspace\\references\\attachments\\媒体报道、投资者情绪与银行系统性风险.pdf""]",0,[]
844,1,"[""C:\\Users\\Ethan\\CoreFiles\\ProjectsFile\\AcademicResearch-auto-workflow\\workspace\\references\\attachments\\房地产价格波动影响及广义价格水平指数的构建研究.pdf""]",0,[]
845,1,"[""C:\\Users\\Ethan\\CoreFiles\\ProjectsFile\\AcademicResearch-auto-workflow\\workspace\\references\\attachments\\基于rSYR模型的商业银行系统性风险衡量.pdf""]",0,[]
846,0,[],0,[]
847,1,"[""C:\\Users\\Ethan\\CoreFiles\\ProjectsFile\\AcademicResearch-auto-workflow\\workspace\\references\\attachments\\基于广义动态CoVaR模型的我国商业银行系统性风险度量研究.pdf""]",0,[]
848,1,"[""C:\\Users\\Ethan\\CoreFiles\\ProjectsFile\\AcademicResearch-auto-workflow\\workspace\\references\\attachments\\经济政策不确定性、国际资本流动与银行系统性风险.pdf""]",0,[]
849,1,"[""C:\\Users\\Ethan\\CoreFiles\\ProjectsFile\\AcademicResearch-auto-workflow\\workspace\\references\\attachments\\房地产经济波动的影响因素及防治策略分析.pdf""]",0,[]
850,1,"[""C:\\Users\\Ethan\\CoreFiles\\ProjectsFile\\AcademicResearch-auto-workflow\\workspace\\references\\attachments\\影响房地产市场价格波动的因素分析.pdf""]",0,[]
851,1,"[""C:\\Users\\Ethan\\CoreFiles\\ProjectsFile\\AcademicResearch-auto-workflow\\workspace\\references\\attachments\\地震风险对银行业的影响.pdf""]",0,[]
852,1,"[""C:\\Users\\Ethan\\CoreFiles\\ProjectsFile\\AcademicResearch-auto-workflow\\workspace\\references\\attachments\\探索房地产企业资本监管创新系统性风险管控工具研究.pdf""]",0,[]
853,1,"[""C:\\Users\\Ethan\\CoreFiles\\ProjectsFile\\AcademicResearch-auto-workflow\\workspace\\references\\attachments\\货币政策冲击、杠杆率与房地产价格波动.pdf""]",0,[]
854,1,"[""C:\\Users\\Ethan\\CoreFiles\\ProjectsFile\\AcademicResearch-auto-workflow\\workspace\\references\\attachments\\国家审计在防范系统性金融风险管控中的应用研究.pdf""]",0,[]
855,1,"[""C:\\Users\\Ethan\\CoreFiles\\ProjectsFile\\AcademicResearch-auto-workflow\\workspace\\references\\attachments\\极端金融事件对系统性风险的影响分析——以中国银行部门为例.pdf""]",0,[]
856,1,"[""C:\\Users\\Ethan\\CoreFiles\\ProjectsFile\\AcademicResearch-auto-workflow\\workspace\\references\\attachments\\房地产周期性波动与商业银行抵押贷款风险控制研究.pdf""]",0,[]
857,1,"[""C:\\Users\\Ethan\\CoreFiles\\ProjectsFile\\AcademicResearch-auto-workflow\\workspace\\references\\attachments\\银行间直接关联网络下系统性风险救助措施与效果评估.pdf""]",0,[]
858,1,"[""C:\\Users\\Ethan\\CoreFiles\\ProjectsFile\\AcademicResearch-auto-workflow\\workspace\\references\\attachments\\我国商业银行系统性风险预警指标体系的构建.pdf""]",0,[]
859,0,[],0,[]
860,0,[],0,[]
861,0,[],0,[]
862,1,"[""C:\\Users\\Ethan\\CoreFiles\\ProjectsFile\\AcademicResearch-auto-workflow\\workspace\\references\\attachments\\股票投资中的系统性风险β系数研究——基于中美两国股票市场价格数据.pdf""]",0,[]
863,1,"[""C:\\Users\\Ethan\\CoreFiles\\ProjectsFile\\AcademicResearch-auto-workflow\\workspace\\references\\attachments\\宏观审慎政策对银行业系统性风险的影响研究.pdf""]",0,[]
864,1,"[""C:\\Users\\Ethan\\CoreFiles\\ProjectsFile\\AcademicResearch-auto-workflow\\workspace\\references\\attachments\\实体企业资产减值信息对金融风险的预测价值研究.pdf""]",0,[]
865,1,"[""C:\\Users\\Ethan\\CoreFiles\\ProjectsFile\\AcademicResearch-auto-workflow\\workspace\\references\\attachments\\欧美银行风暴会影响中国吗.pdf""]",0,[]
866,1,"[""C:\\Users\\Ethan\\CoreFiles\\ProjectsFile\\AcademicResearch-auto-workflow\\workspace\\references\\attachments\\银行系统性风险成因与测度：综述与展望.pdf""]",0,[]
867,1,"[""C:\\Users\\Ethan\\CoreFiles\\ProjectsFile\\AcademicResearch-auto-workflow\\workspace\\references\\attachments\\试论国外主要的存款保险制度及对中国的启示.pdf""]",0,[]
868,1,"[""C:\\Users\\Ethan\\CoreFiles\\ProjectsFile\\AcademicResearch-auto-workflow\\workspace\\references\\attachments\\商业银行混业战略与系统性风险的实证分析.pdf""]",0,[]
869,1,"[""C:\\Users\\Ethan\\CoreFiles\\ProjectsFile\\AcademicResearch-auto-workflow\\workspace\\references\\attachments\\金融审计防范系统性金融风险机制的研究与建议.pdf""]",0,[]
870,1,"[""C:\\Users\\Ethan\\CoreFiles\\ProjectsFile\\AcademicResearch-auto-workflow\\workspace\\references\\attachments\\房地产价格波动集聚性和杠杆效应的实证研究.pdf""]",0,[]
871,1,"[""C:\\Users\\Ethan\\CoreFiles\\ProjectsFile\\AcademicResearch-auto-workflow\\workspace\\references\\attachments\\西安市房地产价格波动对金融不稳定的影响研究.pdf""]",0,[]
872,1,"[""C:\\Users\\Ethan\\CoreFiles\\ProjectsFile\\AcademicResearch-auto-workflow\\workspace\\references\\attachments\\银行房地产金融业务的调查与思考.pdf""]",0,[]
873,1,"[""C:\\Users\\Ethan\\CoreFiles\\ProjectsFile\\AcademicResearch-auto-workflow\\workspace\\references\\attachments\\刘明康称银行系统性风险隐患不容忽视.pdf""]",0,[]
874,1,"[""C:\\Users\\Ethan\\CoreFiles\\ProjectsFile\\AcademicResearch-auto-workflow\\workspace\\references\\attachments\\探索房地产经济波动模型在咨询业务中的应用.pdf""]",0,[]
875,1,"[""C:\\Users\\Ethan\\CoreFiles\\ProjectsFile\\AcademicResearch-auto-workflow\\workspace\\references\\attachments\\商业银行系统性金融风险压力测试模拟研究.pdf""]",0,[]
876,1,"[""C:\\Users\\Ethan\\CoreFiles\\ProjectsFile\\AcademicResearch-auto-workflow\\workspace\\references\\attachments\\商业银行履行企业社会责任与系统性金融风险的研究.pdf""]",0,[]
877,0,[],0,[]
878,1,"[""C:\\Users\\Ethan\\CoreFiles\\ProjectsFile\\AcademicResearch-auto-workflow\\workspace\\references\\attachments\\系统性风险会约束商业银行信贷供给吗_.pdf""]",0,[]
879,0,[],0,[]
880,1,"[""C:\\Users\\Ethan\\CoreFiles\\ProjectsFile\\AcademicResearch-auto-workflow\\workspace\\references\\attachments\\基于CoVaR模型的我国上市银行系统性风险度量.pdf""]",0,[]
881,1,"[""C:\\Users\\Ethan\\CoreFiles\\ProjectsFile\\AcademicResearch-auto-workflow\\workspace\\references\\attachments\\我国商业银行系统性风险及其影响因素研究.pdf""]",0,[]
882,1,"[""C:\\Users\\Ethan\\CoreFiles\\ProjectsFile\\AcademicResearch-auto-workflow\\workspace\\references\\attachments\\我国房地产价格影响因素实证研究.pdf""]",0,[]
883,1,"[""C:\\Users\\Ethan\\CoreFiles\\ProjectsFile\\AcademicResearch-auto-workflow\\workspace\\references\\attachments\\ESG表现对银行系统性风险的影响效果研究——兼论经济政策不确定性的调节作用.pdf""]",0,[]
884,1,"[""C:\\Users\\Ethan\\CoreFiles\\ProjectsFile\\AcademicResearch-auto-workflow\\workspace\\references\\attachments\\保障性住房建设、房地产价格与经济波动的单向动态关系研究.pdf""]",0,[]
885,1,"[""C:\\Users\\Ethan\\CoreFiles\\ProjectsFile\\AcademicResearch-auto-workflow\\workspace\\references\\attachments\\房地产价格波动的宏观经济影响及货币政策应对研究.pdf""]",0,[]
886,1,"[""C:\\Users\\Ethan\\CoreFiles\\ProjectsFile\\AcademicResearch-auto-workflow\\workspace\\references\\attachments\\以南京银行为例的金融机构风险研究.pdf""]",0,[]
887,1,"[""C:\\Users\\Ethan\\CoreFiles\\ProjectsFile\\AcademicResearch-auto-workflow\\workspace\\references\\attachments\\完善系统重要性金融机构监管  防范化解系统性金融风险.pdf""]",0,[]
888,1,"[""C:\\Users\\Ethan\\CoreFiles\\ProjectsFile\\AcademicResearch-auto-workflow\\workspace\\references\\attachments\\房地产债券违约风险传递效应研究.pdf""]",0,[]
889,1,"[""C:\\Users\\Ethan\\CoreFiles\\ProjectsFile\\AcademicResearch-auto-workflow\\workspace\\references\\attachments\\湖北省房地产价格波动对城镇居民消费的影响研究.pdf""]",0,[]
890,1,"[""C:\\Users\\Ethan\\CoreFiles\\ProjectsFile\\AcademicResearch-auto-workflow\\workspace\\references\\attachments\\异质有限理性预期与住房价格关联性研究.pdf""]",0,[]
891,1,"[""C:\\Users\\Ethan\\CoreFiles\\ProjectsFile\\AcademicResearch-auto-workflow\\workspace\\references\\attachments\\基于未定权益分析模型的我国银行业系统性风险测度研究.pdf""]",0,[]
892,1,"[""C:\\Users\\Ethan\\CoreFiles\\ProjectsFile\\AcademicResearch-auto-workflow\\workspace\\references\\attachments\\投资者情绪对城市房价影响的实证研究.pdf""]",0,[]
893,1,"[""C:\\Users\\Ethan\\CoreFiles\\ProjectsFile\\AcademicResearch-auto-workflow\\workspace\\references\\attachments\\存在噪声交易的房地产价格波动研究.pdf""]",0,[]
894,1,"[""C:\\Users\\Ethan\\CoreFiles\\ProjectsFile\\AcademicResearch-auto-workflow\\workspace\\references\\attachments\\我国影子银行的监管研究.pdf""]",0,[]
895,1,"[""C:\\Users\\Ethan\\CoreFiles\\ProjectsFile\\AcademicResearch-auto-workflow\\workspace\\references\\attachments\\房地产价格波动对区域金融稳定影响的实证研究.pdf""]",0,[]
896,1,"[""C:\\Users\\Ethan\\CoreFiles\\ProjectsFile\\AcademicResearch-auto-workflow\\workspace\\references\\attachments\\房地产价格波动、货币政策调控与宏观经济稳定——基于均值和波动层面溢出效应的实证研究.pdf""]",0,[]
897,1,"[""C:\\Users\\Ethan\\CoreFiles\\ProjectsFile\\AcademicResearch-auto-workflow\\workspace\\references\\attachments\\我国房地产价格波动的影响因素分析.pdf""]",0,[]
898,1,"[""C:\\Users\\Ethan\\CoreFiles\\ProjectsFile\\AcademicResearch-auto-workflow\\workspace\\references\\attachments\\我国上市银行系统性风险分析.pdf""]",0,[]
899,1,"[""C:\\Users\\Ethan\\CoreFiles\\ProjectsFile\\AcademicResearch-auto-workflow\\workspace\\references\\attachments\\浅析成交量对GARCH族模型的修正作用——房地产上市公司股价波动性的实证研究.pdf""]",0,[]
900,1,"[""C:\\Users\\Ethan\\CoreFiles\\ProjectsFile\\AcademicResearch-auto-workflow\\workspace\\references\\attachments\\我国系统重要性银行评估_网络层次结构视角.pdf""]",0,[]
901,1,"[""C:\\Users\\Ethan\\CoreFiles\\ProjectsFile\\AcademicResearch-auto-workflow\\workspace\\references\\attachments\\房地产价格波动对区域金融稳定的影响——基于安徽省的实证研究.pdf""]",0,[]
902,1,"[""C:\\Users\\Ethan\\CoreFiles\\ProjectsFile\\AcademicResearch-auto-workflow\\workspace\\references\\attachments\\信贷规模和货币供应与房地产市场波动.pdf""]",0,[]
903,0,[],0,[]
904,1,"[""C:\\Users\\Ethan\\CoreFiles\\ProjectsFile\\AcademicResearch-auto-workflow\\workspace\\references\\attachments\\银行系统性风险与宏观审慎评估体系有效性分析.pdf""]",0,[]
905,1,"[""C:\\Users\\Ethan\\CoreFiles\\ProjectsFile\\AcademicResearch-auto-workflow\\workspace\\references\\attachments\\房地产价格波动的宏观经济效应与调控机制研究.pdf""]",0,[]
906,1,"[""C:\\Users\\Ethan\\CoreFiles\\ProjectsFile\\AcademicResearch-auto-workflow\\workspace\\references\\attachments\\抑制房地产市场波动的对策分析.pdf""]",0,[]
907,1,"[""C:\\Users\\Ethan\\CoreFiles\\ProjectsFile\\AcademicResearch-auto-workflow\\workspace\\references\\attachments\\我国房地产价格波动趋势分析.pdf""]",0,[]
908,1,"[""C:\\Users\\Ethan\\CoreFiles\\ProjectsFile\\AcademicResearch-auto-workflow\\workspace\\references\\attachments\\金融衍生品的国际监管改革及其借鉴.pdf""]",0,[]
909,1,"[""C:\\Users\\Ethan\\CoreFiles\\ProjectsFile\\AcademicResearch-auto-workflow\\workspace\\references\\attachments\\房地产金融政策、房价波动与居民消费关系研究（下）.pdf""]",0,[]
910,1,"[""C:\\Users\\Ethan\\CoreFiles\\ProjectsFile\\AcademicResearch-auto-workflow\\workspace\\references\\attachments\\用预警、监管和制度控风险.pdf""]",0,[]
911,1,"[""C:\\Users\\Ethan\\CoreFiles\\ProjectsFile\\AcademicResearch-auto-workflow\\workspace\\references\\attachments\\影子银行对系统性金融风险的影响机理与传导机制.pdf""]",0,[]
912,0,[],0,[]
913,1,"[""C:\\Users\\Ethan\\CoreFiles\\ProjectsFile\\AcademicResearch-auto-workflow\\workspace\\references\\attachments\\货币政策对房地产价格波动的影响.pdf""]",0,[]
914,1,"[""C:\\Users\\Ethan\\CoreFiles\\ProjectsFile\\AcademicResearch-auto-workflow\\workspace\\references\\attachments\\习近平金融思想的核心要义.pdf""]",0,[]
915,1,"[""C:\\Users\\Ethan\\CoreFiles\\ProjectsFile\\AcademicResearch-auto-workflow\\workspace\\references\\attachments\\金融审计防范系统性金融风险的路径探究——基于审计署审计结果公告的分析.pdf""]",0,[]
916,1,"[""C:\\Users\\Ethan\\CoreFiles\\ProjectsFile\\AcademicResearch-auto-workflow\\workspace\\references\\attachments\\基于前景理论对储户挤兑行为的分析.pdf""]",0,[]
917,1,"[""C:\\Users\\Ethan\\CoreFiles\\ProjectsFile\\AcademicResearch-auto-workflow\\workspace\\references\\attachments\\中国的土地财政与房地产价格波动——基于国际比较的实证分析.pdf""]",0,[]
918,1,"[""C:\\Users\\Ethan\\CoreFiles\\ProjectsFile\\AcademicResearch-auto-workflow\\workspace\\references\\attachments\\房地产金融风险对我国金融安全的影响.pdf""]",0,[]
919,1,"[""C:\\Users\\Ethan\\CoreFiles\\ProjectsFile\\AcademicResearch-auto-workflow\\workspace\\references\\attachments\\金融监管与非银行金融部门系统性风险传染.pdf""]",0,[]
920,1,"[""C:\\Users\\Ethan\\CoreFiles\\ProjectsFile\\AcademicResearch-auto-workflow\\workspace\\references\\attachments\\上市银行系统性风险的实证研究.pdf""]",0,[]
921,1,"[""C:\\Users\\Ethan\\CoreFiles\\ProjectsFile\\AcademicResearch-auto-workflow\\workspace\\references\\attachments\\房地产价格波动影响我国银行业稳定性的实证研究.pdf""]",0,[]
922,1,"[""C:\\Users\\Ethan\\CoreFiles\\ProjectsFile\\AcademicResearch-auto-workflow\\workspace\\references\\attachments\\金融网络中的风险分担与传染机制研究.pdf""]",0,[]
923,1,"[""C:\\Users\\Ethan\\CoreFiles\\ProjectsFile\\AcademicResearch-auto-workflow\\workspace\\references\\attachments\\地方政府债务对银行风险的影响机制及其防范研究.pdf""]",0,[]
924,1,"[""C:\\Users\\Ethan\\CoreFiles\\ProjectsFile\\AcademicResearch-auto-workflow\\workspace\\references\\attachments\\房地产金融的风险与防范.pdf""]",0,[]
925,1,"[""C:\\Users\\Ethan\\CoreFiles\\ProjectsFile\\AcademicResearch-auto-workflow\\workspace\\references\\attachments\\创新银行股东监管机制  化解系统性金融风险.pdf""]",0,[]
926,1,"[""C:\\Users\\Ethan\\CoreFiles\\ProjectsFile\\AcademicResearch-auto-workflow\\workspace\\references\\attachments\\经济政策不确定性对银行系统性风险溢出效应的实证分析.pdf""]",0,[]
927,1,"[""C:\\Users\\Ethan\\CoreFiles\\ProjectsFile\\AcademicResearch-auto-workflow\\workspace\\references\\attachments\\我国城市住宅定价研究.pdf""]",0,[]
928,1,"[""C:\\Users\\Ethan\\CoreFiles\\ProjectsFile\\AcademicResearch-auto-workflow\\workspace\\references\\attachments\\近年来广东房地产金融发展实证分析.pdf""]",0,[]
929,1,"[""C:\\Users\\Ethan\\CoreFiles\\ProjectsFile\\AcademicResearch-auto-workflow\\workspace\\references\\attachments\\房地产股市收益率波动的计量分析.pdf""]",0,[]
930,1,"[""C:\\Users\\Ethan\\CoreFiles\\ProjectsFile\\AcademicResearch-auto-workflow\\workspace\\references\\attachments\\房地产价格波动与货币政策互动机理研究.pdf""]",0,[]
931,0,[],0,[]
932,1,"[""C:\\Users\\Ethan\\CoreFiles\\ProjectsFile\\AcademicResearch-auto-workflow\\workspace\\references\\attachments\\银行业的逆周期监管研究.pdf""]",0,[]
933,1,"[""C:\\Users\\Ethan\\CoreFiles\\ProjectsFile\\AcademicResearch-auto-workflow\\workspace\\references\\attachments\\我国房地产周期波动与宏观经济关系分析.pdf""]",0,[]
934,1,"[""C:\\Users\\Ethan\\CoreFiles\\ProjectsFile\\AcademicResearch-auto-workflow\\workspace\\references\\attachments\\或有资本与我国商业银行风险研究.pdf""]",0,[]
935,1,"[""C:\\Users\\Ethan\\CoreFiles\\ProjectsFile\\AcademicResearch-auto-workflow\\workspace\\references\\attachments\\房地产市场周期与宏观经济周期关系的实证研究.pdf""]",0,[]
936,1,"[""C:\\Users\\Ethan\\CoreFiles\\ProjectsFile\\AcademicResearch-auto-workflow\\workspace\\references\\attachments\\中国房地产价格波动对金融稳定的影响研究.pdf""]",0,[]
937,1,"[""C:\\Users\\Ethan\\CoreFiles\\ProjectsFile\\AcademicResearch-auto-workflow\\workspace\\references\\attachments\\我国经济周期与房地产投资波动的关系.pdf""]",0,[]
938,1,"[""C:\\Users\\Ethan\\CoreFiles\\ProjectsFile\\AcademicResearch-auto-workflow\\workspace\\references\\attachments\\浅议房地产市场波动中银行个人住房贷款的风险控制——鄂尔多斯市区个案分析研究.pdf""]",0,[]
939,1,"[""C:\\Users\\Ethan\\CoreFiles\\ProjectsFile\\AcademicResearch-auto-workflow\\workspace\\references\\attachments\\银行网络间风险传染研究综述.pdf""]",0,[]
940,0,[],0,[]
941,1,"[""C:\\Users\\Ethan\\CoreFiles\\ProjectsFile\\AcademicResearch-auto-workflow\\workspace\\references\\attachments\\我国房地产泡沫与商业银行系统性风险关联性研究.pdf""]",0,[]
942,1,"[""C:\\Users\\Ethan\\CoreFiles\\ProjectsFile\\AcademicResearch-auto-workflow\\workspace\\references\\attachments\\银行同质化对系统性风险的影响——基于我国上市银行的实证研究.pdf""]",0,[]
943,1,"[""C:\\Users\\Ethan\\CoreFiles\\ProjectsFile\\AcademicResearch-auto-workflow\\workspace\\references\\attachments\\利率波动、房地产投资与房地产价格的关联模型.pdf""]",0,[]
944,1,"[""C:\\Users\\Ethan\\CoreFiles\\ProjectsFile\\AcademicResearch-auto-workflow\\workspace\\references\\attachments\\中美银行体系抗毁性比较研究.pdf""]",0,[]
945,1,"[""C:\\Users\\Ethan\\CoreFiles\\ProjectsFile\\AcademicResearch-auto-workflow\\workspace\\references\\attachments\\银行系统性风险的生成与演化.pdf""]",0,[]
946,1,"[""C:\\Users\\Ethan\\CoreFiles\\ProjectsFile\\AcademicResearch-auto-workflow\\workspace\\references\\attachments\\房地产价格波动的动因分析.pdf""]",0,[]
947,1,"[""C:\\Users\\Ethan\\CoreFiles\\ProjectsFile\\AcademicResearch-auto-workflow\\workspace\\references\\attachments\\我国银行信贷对商品房价格影响的实证研究.pdf""]",0,[]
948,1,"[""C:\\Users\\Ethan\\CoreFiles\\ProjectsFile\\AcademicResearch-auto-workflow\\workspace\\references\\attachments\\中日韩存款保险制度的比较分析.pdf""]",0,[]
949,1,"[""C:\\Users\\Ethan\\CoreFiles\\ProjectsFile\\AcademicResearch-auto-workflow\\workspace\\references\\attachments\\我国上市商业银行风险溢出效应研究.pdf""]",0,[]
950,1,"[""C:\\Users\\Ethan\\CoreFiles\\ProjectsFile\\AcademicResearch-auto-workflow\\workspace\\references\\attachments\\从博弈论视角看商业银行在房地产业贷款中的风险.pdf""]",0,[]
951,1,"[""C:\\Users\\Ethan\\CoreFiles\\ProjectsFile\\AcademicResearch-auto-workflow\\workspace\\references\\attachments\\银行房地产金融业务风险防范.pdf""]",0,[]
952,1,"[""C:\\Users\\Ethan\\CoreFiles\\ProjectsFile\\AcademicResearch-auto-workflow\\workspace\\references\\attachments\\国外发达国家影子银行监管措施对我国的启示.pdf""]",0,[]
953,1,"[""C:\\Users\\Ethan\\CoreFiles\\ProjectsFile\\AcademicResearch-auto-workflow\\workspace\\references\\attachments\\房地产市场波动下的动态成本管理机制研究.pdf""]",0,[]
954,1,"[""C:\\Users\\Ethan\\CoreFiles\\ProjectsFile\\AcademicResearch-auto-workflow\\workspace\\references\\attachments\\人口老龄化、房价波动与城镇居民住房消费空间特征——基于省级面板数据的实证研究.pdf""]",0,[]
955,1,"[""C:\\Users\\Ethan\\CoreFiles\\ProjectsFile\\AcademicResearch-auto-workflow\\workspace\\references\\attachments\\资产证券化对我国商业银行系统性风险的影响研究.pdf""]",0,[]
956,1,"[""C:\\Users\\Ethan\\CoreFiles\\ProjectsFile\\AcademicResearch-auto-workflow\\workspace\\references\\attachments\\美国放松金融监管改革及其启示——美国近期出台的《经济增长、放松监管及消费者保护法案》评析.pdf""]",0,[]
957,1,"[""C:\\Users\\Ethan\\CoreFiles\\ProjectsFile\\AcademicResearch-auto-workflow\\workspace\\references\\attachments\\浅谈导致房地产经济波动的因素及应对策略.pdf""]",0,[]
958,1,"[""C:\\Users\\Ethan\\CoreFiles\\ProjectsFile\\AcademicResearch-auto-workflow\\workspace\\references\\attachments\\利率对房地产市场的影响.pdf""]",0,[]
959,1,"[""C:\\Users\\Ethan\\CoreFiles\\ProjectsFile\\AcademicResearch-auto-workflow\\workspace\\references\\attachments\\资产影响消费的财富效应研究述评.pdf""]",0,[]
960,1,"[""C:\\Users\\Ethan\\CoreFiles\\ProjectsFile\\AcademicResearch-auto-workflow\\workspace\\references\\attachments\\浅析房地产波动对金融的相关影响.pdf""]",0,[]
961,1,"[""C:\\Users\\Ethan\\CoreFiles\\ProjectsFile\\AcademicResearch-auto-workflow\\workspace\\references\\attachments\\公允价值层级、银行公司治理与银行系统性风险——基于我国14家上市商业银行的面板数据.pdf""]",0,[]
962,1,"[""C:\\Users\\Ethan\\CoreFiles\\ProjectsFile\\AcademicResearch-auto-workflow\\workspace\\references\\attachments\\微观理性与宏观审慎——利率管制条件下理财产品的发展和风险研究.pdf""]",0,[]
963,1,"[""C:\\Users\\Ethan\\CoreFiles\\ProjectsFile\\AcademicResearch-auto-workflow\\workspace\\references\\attachments\\商业银行危机事件管理系统的构建系统论视角的研究.pdf""]",0,[]
964,1,"[""C:\\Users\\Ethan\\CoreFiles\\ProjectsFile\\AcademicResearch-auto-workflow\\workspace\\references\\attachments\\关于我国房地产价格的稳定性研究——基于35个大中城市数据的实证分析.pdf""]",0,[]
965,1,"[""C:\\Users\\Ethan\\CoreFiles\\ProjectsFile\\AcademicResearch-auto-workflow\\workspace\\references\\attachments\\新形势下加强我国金融审计的思路——以农行审计公告中非系统性风险的分析为例.pdf""]",0,[]
966,1,"[""C:\\Users\\Ethan\\CoreFiles\\ProjectsFile\\AcademicResearch-auto-workflow\\workspace\\references\\attachments\\警惕我国银行业的新同质化趋势.pdf""]",0,[]
967,1,"[""C:\\Users\\Ethan\\CoreFiles\\ProjectsFile\\AcademicResearch-auto-workflow\\workspace\\references\\attachments\\房价波动与房产供给、开发投资实证研究——以沈阳为例.pdf""]",0,[]
968,1,"[""C:\\Users\\Ethan\\CoreFiles\\ProjectsFile\\AcademicResearch-auto-workflow\\workspace\\references\\attachments\\房地产金融风险分析及防范措施研究.pdf""]",0,[]
969,1,"[""C:\\Users\\Ethan\\CoreFiles\\ProjectsFile\\AcademicResearch-auto-workflow\\workspace\\references\\attachments\\商业银行系统TCTF风险信用冲击传导研究.pdf""]",0,[]
970,1,"[""C:\\Users\\Ethan\\CoreFiles\\ProjectsFile\\AcademicResearch-auto-workflow\\workspace\\references\\attachments\\“土地财政”与中国房地产市场波动——基于两部门NK-DSGE模型的研究.pdf""]",0,[]
971,1,"[""C:\\Users\\Ethan\\CoreFiles\\ProjectsFile\\AcademicResearch-auto-workflow\\workspace\\references\\attachments\\非金融企业影子银行业务对系统性金融风险的影响研究.pdf""]",0,[]
972,1,"[""C:\\Users\\Ethan\\CoreFiles\\ProjectsFile\\AcademicResearch-auto-workflow\\workspace\\references\\attachments\\探究房地产经济波动与个人住房抵押贷款风险.pdf""]",0,[]
973,1,"[""C:\\Users\\Ethan\\CoreFiles\\ProjectsFile\\AcademicResearch-auto-workflow\\workspace\\references\\attachments\\人口老龄化、储蓄对中国住房市场价格影响的实证研究.pdf""]",0,[]
974,1,"[""C:\\Users\\Ethan\\CoreFiles\\ProjectsFile\\AcademicResearch-auto-workflow\\workspace\\references\\attachments\\长沙市房地产金融风险研究.pdf""]",0,[]
975,1,"[""C:\\Users\\Ethan\\CoreFiles\\ProjectsFile\\AcademicResearch-auto-workflow\\workspace\\references\\attachments\\房地产价格波动的影响要素分析与趋势预测.pdf""]",0,[]
976,1,"[""C:\\Users\\Ethan\\CoreFiles\\ProjectsFile\\AcademicResearch-auto-workflow\\workspace\\references\\attachments\\外部冲击下的银行系统性风险特征研究.pdf""]",0,[]
977,1,"[""C:\\Users\\Ethan\\CoreFiles\\ProjectsFile\\AcademicResearch-auto-workflow\\workspace\\references\\attachments\\房地产融资结构对银行系统性风险的影响.pdf""]",0,[]
978,1,"[""C:\\Users\\Ethan\\CoreFiles\\ProjectsFile\\AcademicResearch-auto-workflow\\workspace\\references\\attachments\\信贷资产证券化试点对银行风险监管的影响.pdf""]",0,[]
979,1,"[""C:\\Users\\Ethan\\CoreFiles\\ProjectsFile\\AcademicResearch-auto-workflow\\workspace\\references\\attachments\\我国金融市场与房地产市场间风险传染效应测度——基于Copula-ARMA-GARCH-CoVaR模型的分析.pdf""]",0,[]
980,1,"[""C:\\Users\\Ethan\\CoreFiles\\ProjectsFile\\AcademicResearch-auto-workflow\\workspace\\references\\attachments\\人民币升值预期与中国房价变动关系的实证研究.pdf""]",0,[]
981,1,"[""C:\\Users\\Ethan\\CoreFiles\\ProjectsFile\\AcademicResearch-auto-workflow\\workspace\\references\\attachments\\浅析负利率与系统性金融风险.pdf""]",0,[]
982,1,"[""C:\\Users\\Ethan\\CoreFiles\\ProjectsFile\\AcademicResearch-auto-workflow\\workspace\\references\\attachments\\房地产经济波动的影响因素及对策浅析.pdf""]",0,[]
983,1,"[""C:\\Users\\Ethan\\CoreFiles\\ProjectsFile\\AcademicResearch-auto-workflow\\workspace\\references\\attachments\\中国商业银行流动性风险传染特征分析——基于商业银行同业负债的时间序列数据.pdf""]",0,[]
984,1,"[""C:\\Users\\Ethan\\CoreFiles\\ProjectsFile\\AcademicResearch-auto-workflow\\workspace\\references\\attachments\\银行系统性风险对企业现金持有的影响研究.pdf""]",0,[]
985,1,"[""C:\\Users\\Ethan\\CoreFiles\\ProjectsFile\\AcademicResearch-auto-workflow\\workspace\\references\\attachments\\要闻回顾(2011年12月27日～2012年1月12日).pdf""]",0,[]
986,1,"[""C:\\Users\\Ethan\\CoreFiles\\ProjectsFile\\AcademicResearch-auto-workflow\\workspace\\references\\attachments\\我国商业银行混业经营风险研究.pdf""]",0,[]
987,1,"[""C:\\Users\\Ethan\\CoreFiles\\ProjectsFile\\AcademicResearch-auto-workflow\\workspace\\references\\attachments\\结构性货币政策对商业银行整体风险的影响.pdf""]",0,[]
988,1,"[""C:\\Users\\Ethan\\CoreFiles\\ProjectsFile\\AcademicResearch-auto-workflow\\workspace\\references\\attachments\\我国影子银行的监管问题研究.pdf""]",0,[]
989,0,[],0,[]
990,1,"[""C:\\Users\\Ethan\\CoreFiles\\ProjectsFile\\AcademicResearch-auto-workflow\\workspace\\references\\attachments\\我国上市银行贷款集中对银行风险影响的实证研究.pdf""]",0,[]
991,1,"[""C:\\Users\\Ethan\\CoreFiles\\ProjectsFile\\AcademicResearch-auto-workflow\\workspace\\references\\attachments\\城镇化进程中我国房地产价格波动特征研究——基于区域差异性视角的考察.pdf""]",0,[]
992,1,"[""C:\\Users\\Ethan\\CoreFiles\\ProjectsFile\\AcademicResearch-auto-workflow\\workspace\\references\\attachments\\房地产业金融风险溢出及其防范研究——基于时变Copula-CoVaR模型的分析.pdf""]",0,[]
993,0,[],0,[]
994,1,"[""C:\\Users\\Ethan\\CoreFiles\\ProjectsFile\\AcademicResearch-auto-workflow\\workspace\\references\\attachments\\我国系统性金融风险的测度与预警.pdf""]",0,[]
995,1,"[""C:\\Users\\Ethan\\CoreFiles\\ProjectsFile\\AcademicResearch-auto-workflow\\workspace\\references\\attachments\\动态网络视角下银行业系统性风险测度与节点冲击影响研究.pdf""]",0,[]
996,1,"[""C:\\Users\\Ethan\\CoreFiles\\ProjectsFile\\AcademicResearch-auto-workflow\\workspace\\references\\attachments\\我国上市银行关联性分析及网络结构的动态演变.pdf""]",0,[]
997,1,"[""C:\\Users\\Ethan\\CoreFiles\\ProjectsFile\\AcademicResearch-auto-workflow\\workspace\\references\\attachments\\英格兰银行金融风险调查报告分析——经验与借鉴.pdf""]",0,[]
998,1,"[""C:\\Users\\Ethan\\CoreFiles\\ProjectsFile\\AcademicResearch-auto-workflow\\workspace\\references\\attachments\\利率市场化、经济增长与商业银行系统性风险——基于14家上市商业银行的数据分析.pdf""]",0,[]
999,1,"[""C:\\Users\\Ethan\\CoreFiles\\ProjectsFile\\AcademicResearch-auto-workflow\\workspace\\references\\attachments\\宏观经济波动与房地产市场的动态关系——基于脉冲响应分析的实证研究.pdf""]",0,[]
1000,1,"[""C:\\Users\\Ethan\\CoreFiles\\ProjectsFile\\AcademicResearch-auto-workflow\\workspace\\references\\attachments\\基于CAPM模型的我国上市商业银行系统性风险研究.pdf""]",0,[]
1001,1,"[""C:\\Users\\Ethan\\CoreFiles\\ProjectsFile\\AcademicResearch-auto-workflow\\workspace\\references\\attachments\\金融改革的经济学分析.pdf""]",0,[]
1002,1,"[""C:\\Users\\Ethan\\CoreFiles\\ProjectsFile\\AcademicResearch-auto-workflow\\workspace\\references\\attachments\\房地产经济波动的影响因素分析及应对策略.pdf""]",0,[]
1003,1,"[""C:\\Users\\Ethan\\CoreFiles\\ProjectsFile\\AcademicResearch-auto-workflow\\workspace\\references\\attachments\\基于VEC模型的房地产信贷对房价波动影响的研究.pdf""]",0,[]
1004,1,"[""C:\\Users\\Ethan\\CoreFiles\\ProjectsFile\\AcademicResearch-auto-workflow\\workspace\\references\\attachments\\我国房地产投资增长率波动的实证研究——基于景气指数和脉冲方法的分析.pdf""]",0,[]
1005,1,"[""C:\\Users\\Ethan\\CoreFiles\\ProjectsFile\\AcademicResearch-auto-workflow\\workspace\\references\\attachments\\基于虚拟经济角度的房地产价格波动研究.pdf""]",0,[]
1006,0,[],0,[]
1007,1,"[""C:\\Users\\Ethan\\CoreFiles\\ProjectsFile\\AcademicResearch-auto-workflow\\workspace\\references\\attachments\\中国商业银行非标资产_现状、模式、风险与应对.pdf""]",0,[]
1008,1,"[""C:\\Users\\Ethan\\CoreFiles\\ProjectsFile\\AcademicResearch-auto-workflow\\workspace\\references\\attachments\\有限理性、房地产市场波动与金融稳定.pdf""]",0,[]
1009,1,"[""C:\\Users\\Ethan\\CoreFiles\\ProjectsFile\\AcademicResearch-auto-workflow\\workspace\\references\\attachments\\我国人口结构对住宅价格影响的实证研究.pdf""]",0,[]
1010,1,"[""C:\\Users\\Ethan\\CoreFiles\\ProjectsFile\\AcademicResearch-auto-workflow\\workspace\\references\\attachments\\金融科技应用对商业银行贷款和风险的影响研究.pdf""]",0,[]
1011,1,"[""C:\\Users\\Ethan\\CoreFiles\\ProjectsFile\\AcademicResearch-auto-workflow\\workspace\\references\\attachments\\浅析商业银行房地产信贷风险.pdf""]",0,[]
1012,0,[],0,[]
1013,1,"[""C:\\Users\\Ethan\\CoreFiles\\ProjectsFile\\AcademicResearch-auto-workflow\\workspace\\references\\attachments\\城市房价与家庭消费支出——基于中国家庭追踪调查数据的实证研究.pdf""]",0,[]
1014,1,"[""C:\\Users\\Ethan\\CoreFiles\\ProjectsFile\\AcademicResearch-auto-workflow\\workspace\\references\\attachments\\中国货币政策有效性研究.pdf""]",0,[]
1015,1,"[""C:\\Users\\Ethan\\CoreFiles\\ProjectsFile\\AcademicResearch-auto-workflow\\workspace\\references\\attachments\\河北省房地产波动特点分析.pdf""]",0,[]
1016,1,"[""C:\\Users\\Ethan\\CoreFiles\\ProjectsFile\\AcademicResearch-auto-workflow\\workspace\\references\\attachments\\银行业系统性风险与商业银行贷款客户集中度研究——基于我国16家上市银行的实证研究.pdf""]",0,[]
1017,1,"[""C:\\Users\\Ethan\\CoreFiles\\ProjectsFile\\AcademicResearch-auto-workflow\\workspace\\references\\attachments\\我国货币政策的房地产价格传导机制研究.pdf""]",0,[]
1018,1,"[""C:\\Users\\Ethan\\CoreFiles\\ProjectsFile\\AcademicResearch-auto-workflow\\workspace\\references\\attachments\\房地产价格波动、融资成本与货币政策传导研究.pdf""]",0,[]
1019,1,"[""C:\\Users\\Ethan\\CoreFiles\\ProjectsFile\\AcademicResearch-auto-workflow\\workspace\\references\\attachments\\房地产业周期性波动背景下房地产投资策略.pdf""]",0,[]
1020,1,"[""C:\\Users\\Ethan\\CoreFiles\\ProjectsFile\\AcademicResearch-auto-workflow\\workspace\\references\\attachments\\商业银行同业业务会放大系统性风险吗.pdf""]",0,[]
1021,1,"[""C:\\Users\\Ethan\\CoreFiles\\ProjectsFile\\AcademicResearch-auto-workflow\\workspace\\references\\attachments\\房贷利率调整对我国银行业系统性风险的影响研究.pdf""]",0,[]
1022,0,[],0,[]
1023,1,"[""C:\\Users\\Ethan\\CoreFiles\\ProjectsFile\\AcademicResearch-auto-workflow\\workspace\\references\\attachments\\我国影子银行体系的发展与审慎监管改革.pdf""]",0,[]
1024,1,"[""C:\\Users\\Ethan\\CoreFiles\\ProjectsFile\\AcademicResearch-auto-workflow\\workspace\\references\\attachments\\中国房地产业监测预警机制研究.pdf""]",0,[]
1025,0,[],0,[]
1026,0,[],0,[]
1027,1,"[""C:\\Users\\Ethan\\CoreFiles\\ProjectsFile\\AcademicResearch-auto-workflow\\workspace\\references\\attachments\\贵州省房地产价格的波动特点及成因分析.pdf""]",0,[]
1028,1,"[""C:\\Users\\Ethan\\CoreFiles\\ProjectsFile\\AcademicResearch-auto-workflow\\workspace\\references\\attachments\\硅谷银行事件对A股影响较小.pdf""]",0,[]
1029,1,"[""C:\\Users\\Ethan\\CoreFiles\\ProjectsFile\\AcademicResearch-auto-workflow\\workspace\\references\\attachments\\浅析系统性风险对商业银行存款保险费率的影响.pdf""]",0,[]
1030,1,"[""C:\\Users\\Ethan\\CoreFiles\\ProjectsFile\\AcademicResearch-auto-workflow\\workspace\\references\\attachments\\宏观审慎监管、货币政策与银行系统性风险.pdf""]",0,[]
1031,1,"[""C:\\Users\\Ethan\\CoreFiles\\ProjectsFile\\AcademicResearch-auto-workflow\\workspace\\references\\attachments\\中国工商银行系统性风险的度量及防范.pdf""]",0,[]
1032,1,"[""C:\\Users\\Ethan\\CoreFiles\\ProjectsFile\\AcademicResearch-auto-workflow\\workspace\\references\\attachments\\综合评价在房地产价格波动中的应用.pdf""]",0,[]
1033,1,"[""C:\\Users\\Ethan\\CoreFiles\\ProjectsFile\\AcademicResearch-auto-workflow\\workspace\\references\\attachments\\践行大行担当  维护金融安全——访全国人大代表、建设银行湖南分行行长文爱华.pdf""]",0,[]
1034,0,[],0,[]
1035,1,"[""C:\\Users\\Ethan\\CoreFiles\\ProjectsFile\\AcademicResearch-auto-workflow\\workspace\\references\\attachments\\非利息收入对银行系统性风险影响的实证研究——基于ΔCoVaR方法的分析.pdf""]",0,[]
1036,1,"[""C:\\Users\\Ethan\\CoreFiles\\ProjectsFile\\AcademicResearch-auto-workflow\\workspace\\references\\attachments\\房地产业金融风险与银行业系统性风险相依结构研究.pdf""]",0,[]
1037,1,"[""C:\\Users\\Ethan\\CoreFiles\\ProjectsFile\\AcademicResearch-auto-workflow\\workspace\\references\\attachments\\基于CoVaR法的我国上市银行系统性风险研究.pdf""]",0,[]
1038,1,"[""C:\\Users\\Ethan\\CoreFiles\\ProjectsFile\\AcademicResearch-auto-workflow\\workspace\\references\\attachments\\银行系统性风险的研究进展及述评.pdf""]",0,[]
1039,1,"[""C:\\Users\\Ethan\\CoreFiles\\ProjectsFile\\AcademicResearch-auto-workflow\\workspace\\references\\attachments\\长沙市房地产价格波动的经济因素分析.pdf""]",0,[]
1040,1,"[""C:\\Users\\Ethan\\CoreFiles\\ProjectsFile\\AcademicResearch-auto-workflow\\workspace\\references\\attachments\\警惕全球性金融危机和风险.pdf""]",0,[]
1041,1,"[""C:\\Users\\Ethan\\CoreFiles\\ProjectsFile\\AcademicResearch-auto-workflow\\workspace\\references\\attachments\\新经济环境下系统性风险产生原因的思考.pdf""]",0,[]
1042,1,"[""C:\\Users\\Ethan\\CoreFiles\\ProjectsFile\\AcademicResearch-auto-workflow\\workspace\\references\\attachments\\转换观念  迎接挑战  进一步做好新形势下央行调研工作.pdf""]",0,[]
1043,1,"[""C:\\Users\\Ethan\\CoreFiles\\ProjectsFile\\AcademicResearch-auto-workflow\\workspace\\references\\attachments\\CRT市场与中国商业银行的系统性风险.pdf""]",0,[]
1044,1,"[""C:\\Users\\Ethan\\CoreFiles\\ProjectsFile\\AcademicResearch-auto-workflow\\workspace\\references\\attachments\\房地产贷款占比影响银行稳定水平的实证分析.pdf""]",0,[]
1045,1,"[""C:\\Users\\Ethan\\CoreFiles\\ProjectsFile\\AcademicResearch-auto-workflow\\workspace\\references\\attachments\\中国房地产价格波动的宏观经济要素研究——基于可变参数状态空间模型的动态研究.pdf""]",0,[]
1046,1,"[""C:\\Users\\Ethan\\CoreFiles\\ProjectsFile\\AcademicResearch-auto-workflow\\workspace\\references\\attachments\\商业银行系统性风险溢出及系统重要性研究——来自中国16家上市银行CoVaR的证据.pdf""]",0,[]
1047,1,"[""C:\\Users\\Ethan\\CoreFiles\\ProjectsFile\\AcademicResearch-auto-workflow\\workspace\\references\\attachments\\房地产经济周期波动影响因素研究.pdf""]",0,[]
1048,0,[],0,[]
1049,1,"[""C:\\Users\\Ethan\\CoreFiles\\ProjectsFile\\AcademicResearch-auto-workflow\\workspace\\references\\attachments\\低利率、负利率与银行系统性风险研究——基于跨国面板数据的分析.pdf""]",0,[]
1050,1,"[""C:\\Users\\Ethan\\CoreFiles\\ProjectsFile\\AcademicResearch-auto-workflow\\workspace\\references\\attachments\\国有大型商业银行系统性风险贡献度真的高吗——来自中国上市商业银行股票收益率的证据.pdf""]",0,[]
1051,1,"[""C:\\Users\\Ethan\\CoreFiles\\ProjectsFile\\AcademicResearch-auto-workflow\\workspace\\references\\attachments\\房地产价格波动与系统性金融风险.pdf""]",0,[]
1052,1,"[""C:\\Users\\Ethan\\CoreFiles\\ProjectsFile\\AcademicResearch-auto-workflow\\workspace\\references\\attachments\\基于拆借偏好的银行系统性风险测度研究.pdf""]",0,[]
1053,1,"[""C:\\Users\\Ethan\\CoreFiles\\ProjectsFile\\AcademicResearch-auto-workflow\\workspace\\references\\attachments\\影响西部地区县域金融稳定的主要因素分析.pdf""]",0,[]
1054,1,"[""C:\\Users\\Ethan\\CoreFiles\\ProjectsFile\\AcademicResearch-auto-workflow\\workspace\\references\\attachments\\投资者情绪对我国商业银行系统性风险影响研究.pdf""]",0,[]
1055,1,"[""C:\\Users\\Ethan\\CoreFiles\\ProjectsFile\\AcademicResearch-auto-workflow\\workspace\\references\\attachments\\全球化视野下现有国际金融监管法律制度的局限及其克服.pdf""]",0,[]
1056,1,"[""C:\\Users\\Ethan\\CoreFiles\\ProjectsFile\\AcademicResearch-auto-workflow\\workspace\\references\\attachments\\房地产价格波动的冲击因素与传导机制分析.pdf""]",0,[]
1057,1,"[""C:\\Users\\Ethan\\CoreFiles\\ProjectsFile\\AcademicResearch-auto-workflow\\workspace\\references\\attachments\\银行系统性风险化解处置政策的设计与效率评估研究.pdf""]",0,[]
1058,0,[],0,[]
1059,1,"[""C:\\Users\\Ethan\\CoreFiles\\ProjectsFile\\AcademicResearch-auto-workflow\\workspace\\references\\attachments\\商业银行创新对系统性风险影响研究.pdf""]",0,[]
1060,1,"[""C:\\Users\\Ethan\\CoreFiles\\ProjectsFile\\AcademicResearch-auto-workflow\\workspace\\references\\attachments\\房地产价格波动对我国银行信贷风险的影响研究.pdf""]",0,[]
1061,0,[],0,[]
1062,1,"[""C:\\Users\\Ethan\\CoreFiles\\ProjectsFile\\AcademicResearch-auto-workflow\\workspace\\references\\attachments\\人口老龄化与房地产价格波动的相关性分析——基于31省市面板数据的实证分析.pdf""]",0,[]
1063,1,"[""C:\\Users\\Ethan\\CoreFiles\\ProjectsFile\\AcademicResearch-auto-workflow\\workspace\\references\\attachments\\基于金融网络的系统性风险研究.pdf""]",0,[]
1064,1,"[""C:\\Users\\Ethan\\CoreFiles\\ProjectsFile\\AcademicResearch-auto-workflow\\workspace\\references\\attachments\\美国硅谷银行倒闭成因、系统性风险前景及政策启示.pdf""]",0,[]
1065,1,"[""C:\\Users\\Ethan\\CoreFiles\\ProjectsFile\\AcademicResearch-auto-workflow\\workspace\\references\\attachments\\利率市场化、存款保险制度与系统性银行危机防范.pdf""]",0,[]
1066,1,"[""C:\\Users\\Ethan\\CoreFiles\\ProjectsFile\\AcademicResearch-auto-workflow\\workspace\\references\\attachments\\房地产投资波动对宏观经济波动的影响.pdf""]",0,[]
1067,1,"[""C:\\Users\\Ethan\\CoreFiles\\ProjectsFile\\AcademicResearch-auto-workflow\\workspace\\references\\attachments\\我国商业银行逆周期资本缓冲监管：有效性与对策研究.pdf""]",0,[]
1068,1,"[""C:\\Users\\Ethan\\CoreFiles\\ProjectsFile\\AcademicResearch-auto-workflow\\workspace\\references\\attachments\\债务违约对银行系统性风险的传导机制与效应研究.pdf""]",0,[]
1069,1,"[""C:\\Users\\Ethan\\CoreFiles\\ProjectsFile\\AcademicResearch-auto-workflow\\workspace\\references\\attachments\\新时代下的金融监管与商业银行风险防范.pdf""]",0,[]
1070,1,"[""C:\\Users\\Ethan\\CoreFiles\\ProjectsFile\\AcademicResearch-auto-workflow\\workspace\\references\\attachments\\我国房地产价格波动形成机制及与宏观经济关联研究.pdf""]",0,[]
1071,1,"[""C:\\Users\\Ethan\\CoreFiles\\ProjectsFile\\AcademicResearch-auto-workflow\\workspace\\references\\attachments\\房地产市场波动对煤炭行业的影响分析.pdf""]",0,[]
1072,1,"[""C:\\Users\\Ethan\\CoreFiles\\ProjectsFile\\AcademicResearch-auto-workflow\\workspace\\references\\attachments\\打击虚假转口贸易.pdf""]",0,[]
1073,1,"[""C:\\Users\\Ethan\\CoreFiles\\ProjectsFile\\AcademicResearch-auto-workflow\\workspace\\references\\attachments\\中国房地产周期波动的基本轨迹和特征.pdf""]",0,[]
1074,1,"[""C:\\Users\\Ethan\\CoreFiles\\ProjectsFile\\AcademicResearch-auto-workflow\\workspace\\references\\attachments\\银行系统性风险扩散的相似度路径研究：识别与测度.pdf""]",0,[]
1075,1,"[""C:\\Users\\Ethan\\CoreFiles\\ProjectsFile\\AcademicResearch-auto-workflow\\workspace\\references\\attachments\\货币政策传导中房价对居民消费作用的实证分析.pdf""]",0,[]
1076,1,"[""C:\\Users\\Ethan\\CoreFiles\\ProjectsFile\\AcademicResearch-auto-workflow\\workspace\\references\\attachments\\中国房地产价格与银行信贷关系研究.pdf""]",0,[]
1077,1,"[""C:\\Users\\Ethan\\CoreFiles\\ProjectsFile\\AcademicResearch-auto-workflow\\workspace\\references\\attachments\\银行系统性风险正在积聚.pdf""]",0,[]
1078,1,"[""C:\\Users\\Ethan\\CoreFiles\\ProjectsFile\\AcademicResearch-auto-workflow\\workspace\\references\\attachments\\防范系统性风险的双刃剑.pdf""]",0,[]
1079,1,"[""C:\\Users\\Ethan\\CoreFiles\\ProjectsFile\\AcademicResearch-auto-workflow\\workspace\\references\\attachments\\房地产业与银行业风险溢出效应研究.pdf""]",0,[]
1080,1,"[""C:\\Users\\Ethan\\CoreFiles\\ProjectsFile\\AcademicResearch-auto-workflow\\workspace\\references\\attachments\\微观视角下我国银行系统性风险的影响因素研究.pdf""]",0,[]
1081,1,"[""C:\\Users\\Ethan\\CoreFiles\\ProjectsFile\\AcademicResearch-auto-workflow\\workspace\\references\\attachments\\经济政策不确定性、流动性创造与商业银行系统性风险.pdf""]",0,[]
1082,1,"[""C:\\Users\\Ethan\\CoreFiles\\ProjectsFile\\AcademicResearch-auto-workflow\\workspace\\references\\attachments\\运用扩散指数法分析河北省房地产周期波动.pdf""]",0,[]
1083,1,"[""C:\\Users\\Ethan\\CoreFiles\\ProjectsFile\\AcademicResearch-auto-workflow\\workspace\\references\\attachments\\房地产信贷存量是否会引起商业银行系统性风险积累？——基于“双支柱”政策调控的视角.pdf""]",0,[]
1084,1,"[""C:\\Users\\Ethan\\CoreFiles\\ProjectsFile\\AcademicResearch-auto-workflow\\workspace\\references\\attachments\\福泉厦住宅市场价格泡沫程度实证研究.pdf""]",0,[]
1085,1,"[""C:\\Users\\Ethan\\CoreFiles\\ProjectsFile\\AcademicResearch-auto-workflow\\workspace\\references\\attachments\\浅析房地产市场泡沫对银行业的风险及银行防范对策.pdf""]",0,[]
1086,1,"[""C:\\Users\\Ethan\\CoreFiles\\ProjectsFile\\AcademicResearch-auto-workflow\\workspace\\references\\attachments\\大数据在价格研究中应用_现状与展望.pdf""]",0,[]
1087,1,"[""C:\\Users\\Ethan\\CoreFiles\\ProjectsFile\\AcademicResearch-auto-workflow\\workspace\\references\\attachments\\我国房地产价格对城市商业银行稳定性的影响.pdf""]",0,[]
1088,1,"[""C:\\Users\\Ethan\\CoreFiles\\ProjectsFile\\AcademicResearch-auto-workflow\\workspace\\references\\attachments\\中国三大城市群房价收敛性及其影响因素研究.pdf""]",0,[]
1089,1,"[""C:\\Users\\Ethan\\CoreFiles\\ProjectsFile\\AcademicResearch-auto-workflow\\workspace\\references\\attachments\\中国银行业系统性风险的演变_降价抛售传染视角.pdf""]",0,[]
1090,1,"[""C:\\Users\\Ethan\\CoreFiles\\ProjectsFile\\AcademicResearch-auto-workflow\\workspace\\references\\attachments\\中国银行业系统性风险研究——宏观审慎视角下的三个压力测试.pdf""]",0,[]
1091,1,"[""C:\\Users\\Ethan\\CoreFiles\\ProjectsFile\\AcademicResearch-auto-workflow\\workspace\\references\\attachments\\我国房地产市场健康发展的宏观政策协调研究.pdf""]",0,[]
1092,1,"[""C:\\Users\\Ethan\\CoreFiles\\ProjectsFile\\AcademicResearch-auto-workflow\\workspace\\references\\attachments\\资产证券化对商业银行个体风险的影响.pdf""]",0,[]
1093,1,"[""C:\\Users\\Ethan\\CoreFiles\\ProjectsFile\\AcademicResearch-auto-workflow\\workspace\\references\\attachments\\当前形势下的商业银行信贷风险.pdf""]",0,[]
1094,1,"[""C:\\Users\\Ethan\\CoreFiles\\ProjectsFile\\AcademicResearch-auto-workflow\\workspace\\references\\attachments\\我国区域住房市场的价格波动特征差异性研究.pdf""]",0,[]
1095,1,"[""C:\\Users\\Ethan\\CoreFiles\\ProjectsFile\\AcademicResearch-auto-workflow\\workspace\\references\\attachments\\房地产金融风险已经凸显.pdf""]",0,[]
1096,1,"[""C:\\Users\\Ethan\\CoreFiles\\ProjectsFile\\AcademicResearch-auto-workflow\\workspace\\references\\attachments\\房地产价格波动与金融稳定研究.pdf""]",0,[]
1097,1,"[""C:\\Users\\Ethan\\CoreFiles\\ProjectsFile\\AcademicResearch-auto-workflow\\workspace\\references\\attachments\\大数据、监管科技与银行监管.pdf""]",0,[]
1098,1,"[""C:\\Users\\Ethan\\CoreFiles\\ProjectsFile\\AcademicResearch-auto-workflow\\workspace\\references\\attachments\\地方政府债务扩张与商业银行风险——基于风险异质性视角.pdf""]",0,[]
1099,1,"[""C:\\Users\\Ethan\\CoreFiles\\ProjectsFile\\AcademicResearch-auto-workflow\\workspace\\references\\attachments\\昆明市短期房地产价格波动比较研究.pdf""]",0,[]
1100,1,"[""C:\\Users\\Ethan\\CoreFiles\\ProjectsFile\\AcademicResearch-auto-workflow\\workspace\\references\\attachments\\网络视角下银行系统性风险传染研究.pdf""]",0,[]
1101,0,[],0,[]
1102,1,"[""C:\\Users\\Ethan\\CoreFiles\\ProjectsFile\\AcademicResearch-auto-workflow\\workspace\\references\\attachments\\银行信贷扩张对中国房地产价格泡沫的影响研究.pdf""]",0,[]
1103,1,"[""C:\\Users\\Ethan\\CoreFiles\\ProjectsFile\\AcademicResearch-auto-workflow\\workspace\\references\\attachments\\影子银行对中国银行体系稳定性的影响研究.pdf""]",0,[]
1104,1,"[""C:\\Users\\Ethan\\CoreFiles\\ProjectsFile\\AcademicResearch-auto-workflow\\workspace\\references\\attachments\\互联网金融与商业银行能互利共生吗_——基于利率联动与系统性风险视角.pdf""]",0,[]
1105,1,"[""C:\\Users\\Ethan\\CoreFiles\\ProjectsFile\\AcademicResearch-auto-workflow\\workspace\\references\\attachments\\中国房地产市场波动与宏观溢出效应研究——基于动态随机一般均衡框架.pdf""]",0,[]
1106,1,"[""C:\\Users\\Ethan\\CoreFiles\\ProjectsFile\\AcademicResearch-auto-workflow\\workspace\\references\\attachments\\基于多层网络的我国商业银行风险传染评估方案研究.pdf""]",0,[]
1107,1,"[""C:\\Users\\Ethan\\CoreFiles\\ProjectsFile\\AcademicResearch-auto-workflow\\workspace\\references\\attachments\\“双支柱”调控对银行系统性风险的异质性作用：基于CoVaR 模型的实证分析.pdf""]",0,[]
1108,1,"[""C:\\Users\\Ethan\\CoreFiles\\ProjectsFile\\AcademicResearch-auto-workflow\\workspace\\references\\attachments\\警惕房地产价格波动危及信贷资产安全.pdf""]",0,[]
1109,1,"[""C:\\Users\\Ethan\\CoreFiles\\ProjectsFile\\AcademicResearch-auto-workflow\\workspace\\references\\attachments\\金融监管与金融创新.pdf""]",0,[]
1110,1,"[""C:\\Users\\Ethan\\CoreFiles\\ProjectsFile\\AcademicResearch-auto-workflow\\workspace\\references\\attachments\\中国上下行风险的非对称溢出冲击研究——基于高频数据合成网络的分析.pdf""]",0,[]
1111,0,[],0,[]
1112,1,"[""C:\\Users\\Ethan\\CoreFiles\\ProjectsFile\\AcademicResearch-auto-workflow\\workspace\\references\\attachments\\基于金融网络方法的中国金融体系稳定性分析.pdf""]",0,[]
1113,1,"[""C:\\Users\\Ethan\\CoreFiles\\ProjectsFile\\AcademicResearch-auto-workflow\\workspace\\references\\attachments\\隐性担保意愿转变对银行系统性风险的影响研究.pdf""]",0,[]
1114,0,[],0,[]
1115,1,"[""C:\\Users\\Ethan\\CoreFiles\\ProjectsFile\\AcademicResearch-auto-workflow\\workspace\\references\\attachments\\中国影子银行规模测算及监管套利理论的实证检验.pdf""]",0,[]
1116,1,"[""C:\\Users\\Ethan\\CoreFiles\\ProjectsFile\\AcademicResearch-auto-workflow\\workspace\\references\\attachments\\房价波动对中国城镇居民消费的影响.pdf""]",0,[]
1117,0,[],0,[]
1118,1,"[""C:\\Users\\Ethan\\CoreFiles\\ProjectsFile\\AcademicResearch-auto-workflow\\workspace\\references\\attachments\\房地产经济波动影响因素与应对策略.pdf""]",0,[]
1119,0,[],0,[]
1120,1,"[""C:\\Users\\Ethan\\CoreFiles\\ProjectsFile\\AcademicResearch-auto-workflow\\workspace\\references\\attachments\\IMI宏观经济月度分析报告(第8期).pdf""]",0,[]
1121,0,[],0,[]
1122,0,[],0,[]
1123,0,[],0,[]
1124,1,"[""C:\\Users\\Ethan\\CoreFiles\\ProjectsFile\\AcademicResearch-auto-workflow\\workspace\\references\\attachments\\我国银行业宏观审慎监管问题研究.pdf""]",0,[]
1125,1,"[""C:\\Users\\Ethan\\CoreFiles\\ProjectsFile\\AcademicResearch-auto-workflow\\workspace\\references\\attachments\\我国商业银行系统性风险及其风险溢出效应研究.pdf""]",0,[]
1126,1,"[""C:\\Users\\Ethan\\CoreFiles\\ProjectsFile\\AcademicResearch-auto-workflow\\workspace\\references\\attachments\\中国房地产周期波动的统计研究.pdf""]",0,[]
1127,0,[],0,[]
1128,1,"[""C:\\Users\\Ethan\\CoreFiles\\ProjectsFile\\AcademicResearch-auto-workflow\\workspace\\references\\attachments\\浅论房地产对商业银行金融风险的影响.pdf""]",0,[]
1129,0,[],0,[]
1130,1,"[""C:\\Users\\Ethan\\CoreFiles\\ProjectsFile\\AcademicResearch-auto-workflow\\workspace\\references\\attachments\\房地产政策不确定性对房地产业股价波动的预测作用研究.pdf""]",0,[]
1131,1,"[""C:\\Users\\Ethan\\CoreFiles\\ProjectsFile\\AcademicResearch-auto-workflow\\workspace\\references\\attachments\\资产证券化是否降低了银行系统性风险.pdf""]",0,[]
1132,1,"[""C:\\Users\\Ethan\\CoreFiles\\ProjectsFile\\AcademicResearch-auto-workflow\\workspace\\references\\attachments\\我国影子银行的风险及法律监管.pdf""]",0,[]
1133,1,"[""C:\\Users\\Ethan\\CoreFiles\\ProjectsFile\\AcademicResearch-auto-workflow\\workspace\\references\\attachments\\基于银行同业拆借市场网络模型的我国商业银行系统性风险传导机制研究.pdf""]",0,[]
1134,1,"[""C:\\Users\\Ethan\\CoreFiles\\ProjectsFile\\AcademicResearch-auto-workflow\\workspace\\references\\attachments\\房地产价格波动影响研究——基于投入产出分析.pdf""]",0,[]
1135,1,"[""C:\\Users\\Ethan\\CoreFiles\\ProjectsFile\\AcademicResearch-auto-workflow\\workspace\\references\\attachments\\当前中国房地产大周期的切换与超常波动.pdf""]",0,[]
1136,1,"[""C:\\Users\\Ethan\\CoreFiles\\ProjectsFile\\AcademicResearch-auto-workflow\\workspace\\references\\attachments\\金融摩擦的宏观经济效应研究进展.pdf""]",0,[]
1137,1,"[""C:\\Users\\Ethan\\CoreFiles\\ProjectsFile\\AcademicResearch-auto-workflow\\workspace\\references\\attachments\\货币政策冲击与房地产价格波动.pdf""]",0,[]
1138,1,"[""C:\\Users\\Ethan\\CoreFiles\\ProjectsFile\\AcademicResearch-auto-workflow\\workspace\\references\\attachments\\城市收缩对房地产价格影响的实证研究.pdf""]",0,[]
1139,1,"[""C:\\Users\\Ethan\\CoreFiles\\ProjectsFile\\AcademicResearch-auto-workflow\\workspace\\references\\attachments\\影子银行及其监管研究.pdf""]",0,[]
1140,1,"[""C:\\Users\\Ethan\\CoreFiles\\ProjectsFile\\AcademicResearch-auto-workflow\\workspace\\references\\attachments\\台湾房地产经济波动及其借鉴.pdf""]",0,[]
1141,1,"[""C:\\Users\\Ethan\\CoreFiles\\ProjectsFile\\AcademicResearch-auto-workflow\\workspace\\references\\attachments\\资产证券化对商业银行信用风险的影响研究.pdf""]",0,[]
1142,1,"[""C:\\Users\\Ethan\\CoreFiles\\ProjectsFile\\AcademicResearch-auto-workflow\\workspace\\references\\attachments\\房地产会否引爆潜在金融风险.pdf""]",0,[]
1143,1,"[""C:\\Users\\Ethan\\CoreFiles\\ProjectsFile\\AcademicResearch-auto-workflow\\workspace\\references\\attachments\\商业银行面临的房地产市场风险及其化解.pdf""]",0,[]
1144,1,"[""C:\\Users\\Ethan\\CoreFiles\\ProjectsFile\\AcademicResearch-auto-workflow\\workspace\\references\\attachments\\房地产经济与国民经济波动的主要因素解析.pdf""]",0,[]
1145,1,"[""C:\\Users\\Ethan\\CoreFiles\\ProjectsFile\\AcademicResearch-auto-workflow\\workspace\\references\\attachments\\资产证券化与银行体系稳定性研究.pdf""]",0,[]
1146,1,"[""C:\\Users\\Ethan\\CoreFiles\\ProjectsFile\\AcademicResearch-auto-workflow\\workspace\\references\\attachments\\中国城市房价非理性波动的影响效应研究.pdf""]",0,[]
1147,0,[],0,[]
1148,1,"[""C:\\Users\\Ethan\\CoreFiles\\ProjectsFile\\AcademicResearch-auto-workflow\\workspace\\references\\attachments\\网点地理分散是否会影响商业银行系统性风险_——基于银行金融许可证信息的证据.pdf""]",0,[]
1149,1,"[""C:\\Users\\Ethan\\CoreFiles\\ProjectsFile\\AcademicResearch-auto-workflow\\workspace\\references\\attachments\\房地产对商业银行金融风险带来的冲击与影响.pdf""]",0,[]
1150,1,"[""C:\\Users\\Ethan\\CoreFiles\\ProjectsFile\\AcademicResearch-auto-workflow\\workspace\\references\\attachments\\论人民银行维护区域金融稳定的职责.pdf""]",0,[]
1151,1,"[""C:\\Users\\Ethan\\CoreFiles\\ProjectsFile\\AcademicResearch-auto-workflow\\workspace\\references\\attachments\\我国上市银行系统性风险测度研究.pdf""]",0,[]
1152,1,"[""C:\\Users\\Ethan\\CoreFiles\\ProjectsFile\\AcademicResearch-auto-workflow\\workspace\\references\\attachments\\基于噪声交易理论的房地产价格波动特征分析.pdf""]",0,[]
1153,1,"[""C:\\Users\\Ethan\\CoreFiles\\ProjectsFile\\AcademicResearch-auto-workflow\\workspace\\references\\attachments\\全球银行业系统性风险的成因_内忧还是外患_——基于74个国家的比较分析.pdf""]",0,[]
1154,1,"[""C:\\Users\\Ethan\\CoreFiles\\ProjectsFile\\AcademicResearch-auto-workflow\\workspace\\references\\attachments\\杠杆率对系统性风险的影响.pdf""]",0,[]
1155,1,"[""C:\\Users\\Ethan\\CoreFiles\\ProjectsFile\\AcademicResearch-auto-workflow\\workspace\\references\\attachments\\我国房价波动对系统性金融风险的影响.pdf""]",0,[]
1156,1,"[""C:\\Users\\Ethan\\CoreFiles\\ProjectsFile\\AcademicResearch-auto-workflow\\workspace\\references\\attachments\\影子银行的法律监管问题研究.pdf""]",0,[]
1157,1,"[""C:\\Users\\Ethan\\CoreFiles\\ProjectsFile\\AcademicResearch-auto-workflow\\workspace\\references\\attachments\\进一步加强我国的金融监管.pdf""]",0,[]
1158,1,"[""C:\\Users\\Ethan\\CoreFiles\\ProjectsFile\\AcademicResearch-auto-workflow\\workspace\\references\\attachments\\中国影子银行系统性风险的测度研究.pdf""]",0,[]
1159,1,"[""C:\\Users\\Ethan\\CoreFiles\\ProjectsFile\\AcademicResearch-auto-workflow\\workspace\\references\\attachments\\系统性金融风险的诱因和防范_金融与财政联动视角.pdf""]",0,[]
1160,0,[],0,[]
1161,0,[],0,[]
1162,1,"[""C:\\Users\\Ethan\\CoreFiles\\ProjectsFile\\AcademicResearch-auto-workflow\\workspace\\references\\attachments\\呼和浩特市房地产业发展现状及对策研究.pdf""]",0,[]
1163,1,"[""C:\\Users\\Ethan\\CoreFiles\\ProjectsFile\\AcademicResearch-auto-workflow\\workspace\\references\\attachments\\房地产市场调控政策对房价波动的影响及优化建议.pdf""]",0,[]
1164,1,"[""C:\\Users\\Ethan\\CoreFiles\\ProjectsFile\\AcademicResearch-auto-workflow\\workspace\\references\\attachments\\基于CoVaR和MES的系统性风险预测及其在我国股市中的应用.pdf""]",0,[]
1165,1,"[""C:\\Users\\Ethan\\CoreFiles\\ProjectsFile\\AcademicResearch-auto-workflow\\workspace\\references\\attachments\\短期资金对商业银行绩效和风险的影响.pdf""]",0,[]
1166,1,"[""C:\\Users\\Ethan\\CoreFiles\\ProjectsFile\\AcademicResearch-auto-workflow\\workspace\\references\\attachments\\房地产价格波动对地方债务风险的影响研究——以广东省为例.pdf""]",0,[]
1167,1,"[""C:\\Users\\Ethan\\CoreFiles\\ProjectsFile\\AcademicResearch-auto-workflow\\workspace\\references\\attachments\\关于建立“三位一体”银行业宏观审慎监管目标的思考.pdf""]",0,[]
1168,1,"[""C:\\Users\\Ethan\\CoreFiles\\ProjectsFile\\AcademicResearch-auto-workflow\\workspace\\references\\attachments\\中国金融系统性风险之影子银行.pdf""]",0,[]
1169,1,"[""C:\\Users\\Ethan\\CoreFiles\\ProjectsFile\\AcademicResearch-auto-workflow\\workspace\\references\\attachments\\影子银行的系统性风险度量及监管.pdf""]",0,[]
1170,1,"[""C:\\Users\\Ethan\\CoreFiles\\ProjectsFile\\AcademicResearch-auto-workflow\\workspace\\references\\attachments\\我国上市商业银行系统性风险溢出效应测度.pdf""]",0,[]
1171,1,"[""C:\\Users\\Ethan\\CoreFiles\\ProjectsFile\\AcademicResearch-auto-workflow\\workspace\\references\\attachments\\房地产周期波动成因分析.pdf""]",0,[]
1172,1,"[""C:\\Users\\Ethan\\CoreFiles\\ProjectsFile\\AcademicResearch-auto-workflow\\workspace\\references\\attachments\\房地产业紧缩政策对银行业的影响及对策.pdf""]",0,[]
1173,1,"[""C:\\Users\\Ethan\\CoreFiles\\ProjectsFile\\AcademicResearch-auto-workflow\\workspace\\references\\attachments\\宏观审慎政策与房地产系统性风险——基于房地产对银行风险传染的视角.pdf""]",0,[]
1174,0,[],0,[]
1175,1,"[""C:\\Users\\Ethan\\CoreFiles\\ProjectsFile\\AcademicResearch-auto-workflow\\workspace\\references\\attachments\\基于股价波动理论的上市房企股价与利率变动的外部相关性研究.pdf""]",0,[]
1176,1,"[""C:\\Users\\Ethan\\CoreFiles\\ProjectsFile\\AcademicResearch-auto-workflow\\workspace\\references\\attachments\\我国影子银行发展现状及对策.pdf""]",0,[]
1177,1,"[""C:\\Users\\Ethan\\CoreFiles\\ProjectsFile\\AcademicResearch-auto-workflow\\workspace\\references\\attachments\\空间维度视角下的系统性金融风险生成机制研究.pdf""]",0,[]
1178,1,"[""C:\\Users\\Ethan\\CoreFiles\\ProjectsFile\\AcademicResearch-auto-workflow\\workspace\\references\\attachments\\金融危机下的全球金融监管走向及展望.pdf""]",0,[]
1179,1,"[""C:\\Users\\Ethan\\CoreFiles\\ProjectsFile\\AcademicResearch-auto-workflow\\workspace\\references\\attachments\\我国上市银行系统性风险的测度及其应用研究.pdf""]",0,[]
1180,1,"[""C:\\Users\\Ethan\\CoreFiles\\ProjectsFile\\AcademicResearch-auto-workflow\\workspace\\references\\attachments\\管理者过度自信与商业银行系统性风险.pdf""]",0,[]
1181,1,"[""C:\\Users\\Ethan\\CoreFiles\\ProjectsFile\\AcademicResearch-auto-workflow\\workspace\\references\\attachments\\我国上市金融机构系统性风险分析.pdf""]",0,[]
1182,1,"[""C:\\Users\\Ethan\\CoreFiles\\ProjectsFile\\AcademicResearch-auto-workflow\\workspace\\references\\attachments\\中国上市银行的系统性风险贡献度研究.pdf""]",0,[]
1183,0,[],0,[]
1184,0,[],0,[]
1185,1,"[""C:\\Users\\Ethan\\CoreFiles\\ProjectsFile\\AcademicResearch-auto-workflow\\workspace\\references\\attachments\\如何看待房地产市场的波动.pdf""]",0,[]
1186,1,"[""C:\\Users\\Ethan\\CoreFiles\\ProjectsFile\\AcademicResearch-auto-workflow\\workspace\\references\\attachments\\风险溢出、周期性与中国房地产市场系统性风险.pdf""]",0,[]
1187,1,"[""C:\\Users\\Ethan\\CoreFiles\\ProjectsFile\\AcademicResearch-auto-workflow\\workspace\\references\\attachments\\关于我国房地产周期波动与房地产泡沫的关联性研究.pdf""]",0,[]
1188,1,"[""C:\\Users\\Ethan\\CoreFiles\\ProjectsFile\\AcademicResearch-auto-workflow\\workspace\\references\\attachments\\上海房地产市场的多尺度周期波动特征——基于集合经验模态分解和周期相位识别的分析.pdf""]",0,[]
1189,1,"[""C:\\Users\\Ethan\\CoreFiles\\ProjectsFile\\AcademicResearch-auto-workflow\\workspace\\references\\attachments\\金融科技发展与我国银行风险承担行为.pdf""]",0,[]
1190,1,"[""C:\\Users\\Ethan\\CoreFiles\\ProjectsFile\\AcademicResearch-auto-workflow\\workspace\\references\\attachments\\房地产与银行.pdf""]",0,[]
1191,1,"[""C:\\Users\\Ethan\\CoreFiles\\ProjectsFile\\AcademicResearch-auto-workflow\\workspace\\references\\attachments\\金融工作会议释放哪些信号_.pdf""]",0,[]
1192,1,"[""C:\\Users\\Ethan\\CoreFiles\\ProjectsFile\\AcademicResearch-auto-workflow\\workspace\\references\\attachments\\上市公司财务指标与其股价波动关系的实证研究——以2011年—2013年房地产行业上市公司为例.pdf""]",0,[]
1193,1,"[""C:\\Users\\Ethan\\CoreFiles\\ProjectsFile\\AcademicResearch-auto-workflow\\workspace\\references\\attachments\\房地产市场价格波动的原因及对策分析.pdf""]",0,[]
1194,1,"[""C:\\Users\\Ethan\\CoreFiles\\ProjectsFile\\AcademicResearch-auto-workflow\\workspace\\references\\attachments\\房地产的周期性波动_货币政策对房地产的影响分析.pdf""]",0,[]
1195,1,"[""C:\\Users\\Ethan\\CoreFiles\\ProjectsFile\\AcademicResearch-auto-workflow\\workspace\\references\\attachments\\交叉性金融业务对我国商业银行系统性风险的影响研究.pdf""]",0,[]
1196,1,"[""C:\\Users\\Ethan\\CoreFiles\\ProjectsFile\\AcademicResearch-auto-workflow\\workspace\\references\\attachments\\银行信贷羊群行为与房地产价格波动.pdf""]",0,[]
1197,1,"[""C:\\Users\\Ethan\\CoreFiles\\ProjectsFile\\AcademicResearch-auto-workflow\\workspace\\references\\attachments\\中央银行职能演进与拓展的脉络.pdf""]",0,[]
1198,1,"[""C:\\Users\\Ethan\\CoreFiles\\ProjectsFile\\AcademicResearch-auto-workflow\\workspace\\references\\attachments\\应收款项类投资加大系统性风险.pdf""]",0,[]
1199,1,"[""C:\\Users\\Ethan\\CoreFiles\\ProjectsFile\\AcademicResearch-auto-workflow\\workspace\\references\\attachments\\宏观审慎监管与金融稳定.pdf""]",0,[]
1200,1,"[""C:\\Users\\Ethan\\CoreFiles\\ProjectsFile\\AcademicResearch-auto-workflow\\workspace\\references\\attachments\\同业业务对中小银行系统性风险溢出的影响.pdf""]",0,[]
1201,1,"[""C:\\Users\\Ethan\\CoreFiles\\ProjectsFile\\AcademicResearch-auto-workflow\\workspace\\references\\attachments\\基于传统商业银行风险模型P2P借贷行业系统性风险研究.pdf""]",0,[]
1202,1,"[""C:\\Users\\Ethan\\CoreFiles\\ProjectsFile\\AcademicResearch-auto-workflow\\workspace\\references\\attachments\\全国金融工作会议强调“回归本源”.pdf""]",0,[]
1203,0,[],0,[]
1204,1,"[""C:\\Users\\Ethan\\CoreFiles\\ProjectsFile\\AcademicResearch-auto-workflow\\workspace\\references\\attachments\\金融科技型公司的业务问题研究及风险分析——以蚂蚁集团为例.pdf""]",0,[]
1205,1,"[""C:\\Users\\Ethan\\CoreFiles\\ProjectsFile\\AcademicResearch-auto-workflow\\workspace\\references\\attachments\\基于SVM模型的上市商业银行系统性风险预警研究.pdf""]",0,[]
1206,1,"[""C:\\Users\\Ethan\\CoreFiles\\ProjectsFile\\AcademicResearch-auto-workflow\\workspace\\references\\attachments\\房地产业与银行业股票的相关性研究.pdf""]",0,[]
1207,1,"[""C:\\Users\\Ethan\\CoreFiles\\ProjectsFile\\AcademicResearch-auto-workflow\\workspace\\references\\attachments\\商业银行系统性风险管理_国际经验与中国实践.pdf""]",0,[]
1208,1,"[""C:\\Users\\Ethan\\CoreFiles\\ProjectsFile\\AcademicResearch-auto-workflow\\workspace\\references\\attachments\\商业银行对房地产业依赖度评价.pdf""]",0,[]
1209,1,"[""C:\\Users\\Ethan\\CoreFiles\\ProjectsFile\\AcademicResearch-auto-workflow\\workspace\\references\\attachments\\噪音对中国房地产市场波动的影响研究.pdf""]",0,[]
1210,1,"[""C:\\Users\\Ethan\\CoreFiles\\ProjectsFile\\AcademicResearch-auto-workflow\\workspace\\references\\attachments\\货币流动性政策影响房地产价格波动的实证研究.pdf""]",0,[]
1211,1,"[""C:\\Users\\Ethan\\CoreFiles\\ProjectsFile\\AcademicResearch-auto-workflow\\workspace\\references\\attachments\\GARCH-CVAR模型及其在我国上市银行系统性风险测度中的理论分析与实证研究.pdf""]",0,[]
1212,1,"[""C:\\Users\\Ethan\\CoreFiles\\ProjectsFile\\AcademicResearch-auto-workflow\\workspace\\references\\attachments\\化解中小银行不良资产是当前防范系统性金融风险的关键——根据《2020年度中国系统性金融风险半年报》.pdf""]",0,[]
1213,1,"[""C:\\Users\\Ethan\\CoreFiles\\ProjectsFile\\AcademicResearch-auto-workflow\\workspace\\references\\attachments\\我国货币政策是否应该对房地产价格波动做出反应？.pdf""]",0,[]
1214,1,"[""C:\\Users\\Ethan\\CoreFiles\\ProjectsFile\\AcademicResearch-auto-workflow\\workspace\\references\\attachments\\全球金融网络中系统性风险的传染路径及影响研究.pdf""]",0,[]
1215,1,"[""C:\\Users\\Ethan\\CoreFiles\\ProjectsFile\\AcademicResearch-auto-workflow\\workspace\\references\\attachments\\基于巴塞尔Ⅲ框架下的我国宏观审慎监管机制研究.pdf""]",0,[]
1216,1,"[""C:\\Users\\Ethan\\CoreFiles\\ProjectsFile\\AcademicResearch-auto-workflow\\workspace\\references\\attachments\\美国宏观审慎监管框架最新进展及对中国的启示.pdf""]",0,[]
1217,1,"[""C:\\Users\\Ethan\\CoreFiles\\ProjectsFile\\AcademicResearch-auto-workflow\\workspace\\references\\attachments\\量化宽松的货币政策对房地产市场的波动性分析——基于长沙市2000～2015数据检验.pdf""]",0,[]
1218,1,"[""C:\\Users\\Ethan\\CoreFiles\\ProjectsFile\\AcademicResearch-auto-workflow\\workspace\\references\\attachments\\流动性创造对银行系统性风险的影响研究.pdf""]",0,[]
1219,1,"[""C:\\Users\\Ethan\\CoreFiles\\ProjectsFile\\AcademicResearch-auto-workflow\\workspace\\references\\attachments\\货币政策、宏观审慎管理与银行系统性风险.pdf""]",0,[]
1220,1,"[""C:\\Users\\Ethan\\CoreFiles\\ProjectsFile\\AcademicResearch-auto-workflow\\workspace\\references\\attachments\\商业银行合规响应与系统性风险——基于文本相似度的分析.pdf""]",0,[]
1221,1,"[""C:\\Users\\Ethan\\CoreFiles\\ProjectsFile\\AcademicResearch-auto-workflow\\workspace\\references\\attachments\\我国商业银行系统性风险的影响因素研究.pdf""]",0,[]
1222,1,"[""C:\\Users\\Ethan\\CoreFiles\\ProjectsFile\\AcademicResearch-auto-workflow\\workspace\\references\\attachments\\流动性监管、系统性风险与社会福利——一个理论分析框架.pdf""]",0,[]
1223,1,"[""C:\\Users\\Ethan\\CoreFiles\\ProjectsFile\\AcademicResearch-auto-workflow\\workspace\\references\\attachments\\银企跨部门反馈的信贷资源配置和风险传染分析.pdf""]",0,[]
1224,1,"[""C:\\Users\\Ethan\\CoreFiles\\ProjectsFile\\AcademicResearch-auto-workflow\\workspace\\references\\attachments\\浅谈当前影响房地产经济周期波动的因素以及带来的发展.pdf""]",0,[]
1225,1,"[""C:\\Users\\Ethan\\CoreFiles\\ProjectsFile\\AcademicResearch-auto-workflow\\workspace\\references\\attachments\\海南自贸港金融发展现状及金融风险防控.pdf""]",0,[]
1226,1,"[""C:\\Users\\Ethan\\CoreFiles\\ProjectsFile\\AcademicResearch-auto-workflow\\workspace\\references\\attachments\\系统性风险评估方法的国际经验借鉴及启示.pdf""]",0,[]
1227,1,"[""C:\\Users\\Ethan\\CoreFiles\\ProjectsFile\\AcademicResearch-auto-workflow\\workspace\\references\\attachments\\基于VAR方法的银行业系统性风险预警模型研究.pdf""]",0,[]
1228,1,"[""C:\\Users\\Ethan\\CoreFiles\\ProjectsFile\\AcademicResearch-auto-workflow\\workspace\\references\\attachments\\基于极值谱风险模型的银行业系统性风险度量研究.pdf""]",0,[]
1229,1,"[""C:\\Users\\Ethan\\CoreFiles\\ProjectsFile\\AcademicResearch-auto-workflow\\workspace\\references\\attachments\\中国商业银行不良资产的新周期_问题与对策.pdf""]",0,[]
1230,1,"[""C:\\Users\\Ethan\\CoreFiles\\ProjectsFile\\AcademicResearch-auto-workflow\\workspace\\references\\attachments\\影子银行、房地产市场与宏观经济波动.pdf""]",0,[]
1231,1,"[""C:\\Users\\Ethan\\CoreFiles\\ProjectsFile\\AcademicResearch-auto-workflow\\workspace\\references\\attachments\\金融科技企业对商业银行的风险溢出：测度与银行稳定性影响.pdf""]",0,[]
1232,1,"[""C:\\Users\\Ethan\\CoreFiles\\ProjectsFile\\AcademicResearch-auto-workflow\\workspace\\references\\attachments\\基于房价收入比的房地产泡沫测度研究.pdf""]",0,[]
1233,1,"[""C:\\Users\\Ethan\\CoreFiles\\ProjectsFile\\AcademicResearch-auto-workflow\\workspace\\references\\attachments\\银行房地产金融业务的调查与建议.pdf""]",0,[]
1234,1,"[""C:\\Users\\Ethan\\CoreFiles\\ProjectsFile\\AcademicResearch-auto-workflow\\workspace\\references\\attachments\\杭州市住宅市场分析及泡沫风险防范研究.pdf""]",0,[]
1235,1,"[""C:\\Users\\Ethan\\CoreFiles\\ProjectsFile\\AcademicResearch-auto-workflow\\workspace\\references\\attachments\\房地产波动与政府宏观行为.pdf""]",0,[]
1236,1,"[""C:\\Users\\Ethan\\CoreFiles\\ProjectsFile\\AcademicResearch-auto-workflow\\workspace\\references\\attachments\\基于预期理论的房地产价格波动分析.pdf""]",0,[]
1237,1,"[""C:\\Users\\Ethan\\CoreFiles\\ProjectsFile\\AcademicResearch-auto-workflow\\workspace\\references\\attachments\\房地产周期波动与国民经济关联性研究.pdf""]",0,[]
1238,1,"[""C:\\Users\\Ethan\\CoreFiles\\ProjectsFile\\AcademicResearch-auto-workflow\\workspace\\references\\attachments\\金融产品持股与银行系统性风险——兼论《商业银行股权管理暂行办法》的影响.pdf""]",0,[]
1239,0,[],0,[]
1240,1,"[""C:\\Users\\Ethan\\CoreFiles\\ProjectsFile\\AcademicResearch-auto-workflow\\workspace\\references\\attachments\\流动性风险对银行信贷行为的影响.pdf""]",0,[]
1241,1,"[""C:\\Users\\Ethan\\CoreFiles\\ProjectsFile\\AcademicResearch-auto-workflow\\workspace\\references\\attachments\\货币政策对我国房地产市场波动性的影响——基于金融加速器效应角度的分析.pdf""]",0,[]
1242,0,[],0,[]
1243,1,"[""C:\\Users\\Ethan\\CoreFiles\\ProjectsFile\\AcademicResearch-auto-workflow\\workspace\\references\\attachments\\我国房地产价格波动对银行资产的影响分析.pdf""]",0,[]
1244,1,"[""C:\\Users\\Ethan\\CoreFiles\\ProjectsFile\\AcademicResearch-auto-workflow\\workspace\\references\\attachments\\农业发展银行应对系统性风险分析.pdf""]",0,[]
1245,1,"[""C:\\Users\\Ethan\\CoreFiles\\ProjectsFile\\AcademicResearch-auto-workflow\\workspace\\references\\attachments\\我国上市商业银行风险溢出评价与宏观审慎监管.pdf""]",0,[]
1246,1,"[""C:\\Users\\Ethan\\CoreFiles\\ProjectsFile\\AcademicResearch-auto-workflow\\workspace\\references\\attachments\\房地产价格波动与我国银行体系脆弱性关系研究.pdf""]",0,[]
1247,1,"[""C:\\Users\\Ethan\\CoreFiles\\ProjectsFile\\AcademicResearch-auto-workflow\\workspace\\references\\attachments\\我国上市金融机构系统性风险研究.pdf""]",0,[]
1248,1,"[""C:\\Users\\Ethan\\CoreFiles\\ProjectsFile\\AcademicResearch-auto-workflow\\workspace\\references\\attachments\\我国房地产价格波动对系统性金融风险影响的动态机制研究——基于有向无环图的分析.pdf""]",0,[]
1249,1,"[""C:\\Users\\Ethan\\CoreFiles\\ProjectsFile\\AcademicResearch-auto-workflow\\workspace\\references\\attachments\\银行系统性风险的复杂性及监管启示.pdf""]",0,[]
1250,1,"[""C:\\Users\\Ethan\\CoreFiles\\ProjectsFile\\AcademicResearch-auto-workflow\\workspace\\references\\attachments\\互联网金融对传统金融影响的实证研究.pdf""]",0,[]
1251,1,"[""C:\\Users\\Ethan\\CoreFiles\\ProjectsFile\\AcademicResearch-auto-workflow\\workspace\\references\\attachments\\我国四大国有商业银行系统性风险溢出效应研究.pdf""]",0,[]
1252,1,"[""C:\\Users\\Ethan\\CoreFiles\\ProjectsFile\\AcademicResearch-auto-workflow\\workspace\\references\\attachments\\利率对房地产市场影响研究.pdf""]",0,[]
1253,1,"[""C:\\Users\\Ethan\\CoreFiles\\ProjectsFile\\AcademicResearch-auto-workflow\\workspace\\references\\attachments\\货币政策是否适宜作为房价的直接调控手段_——基于SFAVAR模型的实证研究.pdf""]",0,[]
1254,1,"[""C:\\Users\\Ethan\\CoreFiles\\ProjectsFile\\AcademicResearch-auto-workflow\\workspace\\references\\attachments\\银行业国际竞争力的研究分析.pdf""]",0,[]
1255,1,"[""C:\\Users\\Ethan\\CoreFiles\\ProjectsFile\\AcademicResearch-auto-workflow\\workspace\\references\\attachments\\浅析造成房地产市场剧烈波动的关键因素.pdf""]",0,[]
1256,1,"[""C:\\Users\\Ethan\\CoreFiles\\ProjectsFile\\AcademicResearch-auto-workflow\\workspace\\references\\attachments\\房地产市场波动对地方财政收入的影响分析.pdf""]",0,[]
1257,1,"[""C:\\Users\\Ethan\\CoreFiles\\ProjectsFile\\AcademicResearch-auto-workflow\\workspace\\references\\attachments\\商住公寓价格影响因素研究.pdf""]",0,[]
1258,1,"[""C:\\Users\\Ethan\\CoreFiles\\ProjectsFile\\AcademicResearch-auto-workflow\\workspace\\references\\attachments\\探究我国房地产经济波动的特征和成因.pdf""]",0,[]
1259,1,"[""C:\\Users\\Ethan\\CoreFiles\\ProjectsFile\\AcademicResearch-auto-workflow\\workspace\\references\\attachments\\房地产政策的有效性研究.pdf""]",0,[]
1260,1,"[""C:\\Users\\Ethan\\CoreFiles\\ProjectsFile\\AcademicResearch-auto-workflow\\workspace\\references\\attachments\\商业银行资本、流动性监管与风险防范效力.pdf""]",0,[]
1261,1,"[""C:\\Users\\Ethan\\CoreFiles\\ProjectsFile\\AcademicResearch-auto-workflow\\workspace\\references\\attachments\\银行改革争论的关键问题.pdf""]",0,[]
1262,0,[],0,[]
1263,1,"[""C:\\Users\\Ethan\\CoreFiles\\ProjectsFile\\AcademicResearch-auto-workflow\\workspace\\references\\attachments\\日本房地产周期波动及其影响分析.pdf""]",0,[]
1264,1,"[""C:\\Users\\Ethan\\CoreFiles\\ProjectsFile\\AcademicResearch-auto-workflow\\workspace\\references\\attachments\\双渠道风险传染下银行系统稳定性分析.pdf""]",0,[]
1265,1,"[""C:\\Users\\Ethan\\CoreFiles\\ProjectsFile\\AcademicResearch-auto-workflow\\workspace\\references\\attachments\\中国与美国房价的比较研究.pdf""]",0,[]
1266,1,"[""C:\\Users\\Ethan\\CoreFiles\\ProjectsFile\\AcademicResearch-auto-workflow\\workspace\\references\\attachments\\基于多主体建模分析的银行间网络系统性风险研究.pdf""]",0,[]
1267,1,"[""C:\\Users\\Ethan\\CoreFiles\\ProjectsFile\\AcademicResearch-auto-workflow\\workspace\\references\\attachments\\宏观经济变动对房地产价格波动的影响分析——基于SVAR模型理论的实证研究.pdf""]",0,[]
1268,1,"[""C:\\Users\\Ethan\\CoreFiles\\ProjectsFile\\AcademicResearch-auto-workflow\\workspace\\references\\attachments\\基于ARCH模型族房地产市场与股票市场的波动性及相关性研究.pdf""]",0,[]
1269,0,[],0,[]
1270,1,"[""C:\\Users\\Ethan\\CoreFiles\\ProjectsFile\\AcademicResearch-auto-workflow\\workspace\\references\\attachments\\商业银行杠杆率对其系统性风险溢出水平的影响研究.pdf""]",0,[]
1271,1,"[""C:\\Users\\Ethan\\CoreFiles\\ProjectsFile\\AcademicResearch-auto-workflow\\workspace\\references\\attachments\\房地产业发展趋势及建设银行的经营对策.pdf""]",0,[]
1272,1,"[""C:\\Users\\Ethan\\CoreFiles\\ProjectsFile\\AcademicResearch-auto-workflow\\workspace\\references\\attachments\\房价波动对银行系统性风险的影响研究.pdf""]",0,[]
1273,1,"[""C:\\Users\\Ethan\\CoreFiles\\ProjectsFile\\AcademicResearch-auto-workflow\\workspace\\references\\attachments\\银行竞争会提升信贷成本吗_——来自我国上市银行的实证分析.pdf""]",0,[]
1274,1,"[""C:\\Users\\Ethan\\CoreFiles\\ProjectsFile\\AcademicResearch-auto-workflow\\workspace\\references\\attachments\\通货膨胀问题的统计研究.pdf""]",0,[]
1275,1,"[""C:\\Users\\Ethan\\CoreFiles\\ProjectsFile\\AcademicResearch-auto-workflow\\workspace\\references\\attachments\\我国交叉性金融业务的风险监管与防控.pdf""]",0,[]
1276,1,"[""C:\\Users\\Ethan\\CoreFiles\\ProjectsFile\\AcademicResearch-auto-workflow\\workspace\\references\\attachments\\能源价格波动对商业银行系统性风险的影响研究.pdf""]",0,[]
1277,1,"[""C:\\Users\\Ethan\\CoreFiles\\ProjectsFile\\AcademicResearch-auto-workflow\\workspace\\references\\attachments\\基于Copula-MIDAS-CoVaR模型的中国股市系统性金融风险度量研究.pdf""]",0,[]
1278,1,"[""C:\\Users\\Ethan\\CoreFiles\\ProjectsFile\\AcademicResearch-auto-workflow\\workspace\\references\\attachments\\非金融企业影子银行对系统性金融风险的影响.pdf""]",0,[]
1279,0,[],0,[]
1280,1,"[""C:\\Users\\Ethan\\CoreFiles\\ProjectsFile\\AcademicResearch-auto-workflow\\workspace\\references\\attachments\\基于系统理论的银行系统性风险概念辨析.pdf""]",0,[]
1281,1,"[""C:\\Users\\Ethan\\CoreFiles\\ProjectsFile\\AcademicResearch-auto-workflow\\workspace\\references\\attachments\\基于灰色预测理论的实物期权波动率计算——以房地产项目为例.pdf""]",0,[]
1282,1,"[""C:\\Users\\Ethan\\CoreFiles\\ProjectsFile\\AcademicResearch-auto-workflow\\workspace\\references\\attachments\\后危机时代我国宏观审慎监管法律框架的构建.pdf""]",0,[]
1283,1,"[""C:\\Users\\Ethan\\CoreFiles\\ProjectsFile\\AcademicResearch-auto-workflow\\workspace\\references\\attachments\\我国近20年货币发放量与资产价格比较研究.pdf""]",0,[]
1284,1,"[""C:\\Users\\Ethan\\CoreFiles\\ProjectsFile\\AcademicResearch-auto-workflow\\workspace\\references\\attachments\\基于风险转移规制的房地产信贷风险研究.pdf""]",0,[]
1285,1,"[""C:\\Users\\Ethan\\CoreFiles\\ProjectsFile\\AcademicResearch-auto-workflow\\workspace\\references\\attachments\\浅析我国商业银行房地产贷款信用风险.pdf""]",0,[]
1286,1,"[""C:\\Users\\Ethan\\CoreFiles\\ProjectsFile\\AcademicResearch-auto-workflow\\workspace\\references\\attachments\\房地产贷款风险的分析及银行的防范.pdf""]",0,[]
1287,1,"[""C:\\Users\\Ethan\\CoreFiles\\ProjectsFile\\AcademicResearch-auto-workflow\\workspace\\references\\attachments\\我国影子银行治理对策研究.pdf""]",0,[]
1288,1,"[""C:\\Users\\Ethan\\CoreFiles\\ProjectsFile\\AcademicResearch-auto-workflow\\workspace\\references\\attachments\\商业银行如何应对房地产危机.pdf""]",0,[]
1289,1,"[""C:\\Users\\Ethan\\CoreFiles\\ProjectsFile\\AcademicResearch-auto-workflow\\workspace\\references\\attachments\\银行体制、资本市场与房地产金融风险的研究.pdf""]",0,[]
1290,1,"[""C:\\Users\\Ethan\\CoreFiles\\ProjectsFile\\AcademicResearch-auto-workflow\\workspace\\references\\attachments\\房地产价格变化对利率波动的溢出效应.pdf""]",0,[]
1291,1,"[""C:\\Users\\Ethan\\CoreFiles\\ProjectsFile\\AcademicResearch-auto-workflow\\workspace\\references\\attachments\\稳健中的积极_地方债发展思考.pdf""]",0,[]
1292,1,"[""C:\\Users\\Ethan\\CoreFiles\\ProjectsFile\\AcademicResearch-auto-workflow\\workspace\\references\\attachments\\中国房地产上市公司股票收益率波动实证研究.pdf""]",0,[]
1293,1,"[""C:\\Users\\Ethan\\CoreFiles\\ProjectsFile\\AcademicResearch-auto-workflow\\workspace\\references\\attachments\\银行的影子、信用扩张与监管套利——基于商业银行会计的视角.pdf""]",0,[]
1294,1,"[""C:\\Users\\Ethan\\CoreFiles\\ProjectsFile\\AcademicResearch-auto-workflow\\workspace\\references\\attachments\\区域金融稳定与资产价格波动关系研究——以房地产为例.pdf""]",0,[]
1295,0,[],0,[]
1296,1,"[""C:\\Users\\Ethan\\CoreFiles\\ProjectsFile\\AcademicResearch-auto-workflow\\workspace\\references\\attachments\\认清风险源头创新系统性风险管控模式——商业银行系统性风险管控及我国的应对策略研究.pdf""]",0,[]
1297,1,"[""C:\\Users\\Ethan\\CoreFiles\\ProjectsFile\\AcademicResearch-auto-workflow\\workspace\\references\\attachments\\我国通货膨胀与房地产价格的相关性研究.pdf""]",0,[]
1298,0,[],0,[]
1299,1,"[""C:\\Users\\Ethan\\CoreFiles\\ProjectsFile\\AcademicResearch-auto-workflow\\workspace\\references\\attachments\\城市房地产经济周期波动分析与对策研究.pdf""]",0,[]
1300,1,"[""C:\\Users\\Ethan\\CoreFiles\\ProjectsFile\\AcademicResearch-auto-workflow\\workspace\\references\\attachments\\商业银行业务多元化对银行风险影响的文献综述.pdf""]",0,[]
1301,1,"[""C:\\Users\\Ethan\\CoreFiles\\ProjectsFile\\AcademicResearch-auto-workflow\\workspace\\references\\attachments\\银行监管职能分离后人民银行省会中支面临的挑战与对策.pdf""]",0,[]
1302,1,"[""C:\\Users\\Ethan\\CoreFiles\\ProjectsFile\\AcademicResearch-auto-workflow\\workspace\\references\\attachments\\气候和环境变化对商业银行系统性风险的影响研究——来自中国上市银行的经验证据.pdf""]",0,[]
1303,1,"[""C:\\Users\\Ethan\\CoreFiles\\ProjectsFile\\AcademicResearch-auto-workflow\\workspace\\references\\attachments\\全球房价波动空间关联效应及其影响因素研究.pdf""]",0,[]
1304,1,"[""C:\\Users\\Ethan\\CoreFiles\\ProjectsFile\\AcademicResearch-auto-workflow\\workspace\\references\\attachments\\中国房地产市场价格波动数量研究.pdf""]",0,[]
1305,1,"[""C:\\Users\\Ethan\\CoreFiles\\ProjectsFile\\AcademicResearch-auto-workflow\\workspace\\references\\attachments\\货币政策收紧将对楼市影响重大.pdf""]",0,[]
1306,1,"[""C:\\Users\\Ethan\\CoreFiles\\ProjectsFile\\AcademicResearch-auto-workflow\\workspace\\references\\attachments\\房地产业与银行业之间风险传染机制与溢出效应研究.pdf""]",0,[]
1307,1,"[""C:\\Users\\Ethan\\CoreFiles\\ProjectsFile\\AcademicResearch-auto-workflow\\workspace\\references\\attachments\\房地产信贷政策效应与商业银行经营管理创新研究.pdf""]",0,[]
1308,1,"[""C:\\Users\\Ethan\\CoreFiles\\ProjectsFile\\AcademicResearch-auto-workflow\\workspace\\references\\attachments\\金融脆弱性与房地产价格波动相互作用机制分析.pdf""]",0,[]
1309,1,"[""C:\\Users\\Ethan\\CoreFiles\\ProjectsFile\\AcademicResearch-auto-workflow\\workspace\\references\\attachments\\中国房地产投资周期波动实证分析及预测.pdf""]",0,[]
1310,1,"[""C:\\Users\\Ethan\\CoreFiles\\ProjectsFile\\AcademicResearch-auto-workflow\\workspace\\references\\attachments\\系统重要性银行的识别及监管研究.pdf""]",0,[]
1311,1,"[""C:\\Users\\Ethan\\CoreFiles\\ProjectsFile\\AcademicResearch-auto-workflow\\workspace\\references\\attachments\\基于Copula-CoVaR模型对我国银行业系统性风险的研究.pdf""]",0,[]
1312,1,"[""C:\\Users\\Ethan\\CoreFiles\\ProjectsFile\\AcademicResearch-auto-workflow\\workspace\\references\\attachments\\论商业银行对房地产信贷风险识别与防范策略.pdf""]",0,[]
1313,1,"[""C:\\Users\\Ethan\\CoreFiles\\ProjectsFile\\AcademicResearch-auto-workflow\\workspace\\references\\attachments\\“三期叠加”下的风险迁徙与商行应对.pdf""]",0,[]
1314,0,[],0,[]
1315,1,"[""C:\\Users\\Ethan\\CoreFiles\\ProjectsFile\\AcademicResearch-auto-workflow\\workspace\\references\\attachments\\银行系统性风险识别与影响因素研究.pdf""]",0,[]
1316,1,"[""C:\\Users\\Ethan\\CoreFiles\\ProjectsFile\\AcademicResearch-auto-workflow\\workspace\\references\\attachments\\人民币汇率波动与房价变动的相关性研究.pdf""]",0,[]
1317,0,[],0,[]
1318,1,"[""C:\\Users\\Ethan\\CoreFiles\\ProjectsFile\\AcademicResearch-auto-workflow\\workspace\\references\\attachments\\金融审计视角下跨境资金套利业务潜在系统性风险及政策建议.pdf""]",0,[]
1319,1,"[""C:\\Users\\Ethan\\CoreFiles\\ProjectsFile\\AcademicResearch-auto-workflow\\workspace\\references\\attachments\\基于房地产周期波动理论的合肥市房地产预警指标体系的研究.pdf""]",0,[]
1320,1,"[""C:\\Users\\Ethan\\CoreFiles\\ProjectsFile\\AcademicResearch-auto-workflow\\workspace\\references\\attachments\\系统性风险的策略应对.pdf""]",0,[]
1321,1,"[""C:\\Users\\Ethan\\CoreFiles\\ProjectsFile\\AcademicResearch-auto-workflow\\workspace\\references\\attachments\\气候政策调整强度与商业银行系统性风险.pdf""]",0,[]
1322,1,"[""C:\\Users\\Ethan\\CoreFiles\\ProjectsFile\\AcademicResearch-auto-workflow\\workspace\\references\\attachments\\房地产价格、金融杠杆对金融稳定的影响.pdf""]",0,[]
1323,1,"[""C:\\Users\\Ethan\\CoreFiles\\ProjectsFile\\AcademicResearch-auto-workflow\\workspace\\references\\attachments\\银行的房地产贷款风险传导机制及对策研究.pdf""]",0,[]
1324,1,"[""C:\\Users\\Ethan\\CoreFiles\\ProjectsFile\\AcademicResearch-auto-workflow\\workspace\\references\\attachments\\基于主成分分析法的我国商业银行系统性风险的度量.pdf""]",0,[]
1325,1,"[""C:\\Users\\Ethan\\CoreFiles\\ProjectsFile\\AcademicResearch-auto-workflow\\workspace\\references\\attachments\\我国房地产价格与股票价格波动关系的研究——基于1998-2013年间周度数据的实证分析.pdf""]",0,[]
1326,1,"[""C:\\Users\\Ethan\\CoreFiles\\ProjectsFile\\AcademicResearch-auto-workflow\\workspace\\references\\attachments\\房地产新政对银行信贷及宏观经济的影响.pdf""]",0,[]
1327,1,"[""C:\\Users\\Ethan\\CoreFiles\\ProjectsFile\\AcademicResearch-auto-workflow\\workspace\\references\\attachments\\影子银行监管的国际经验及对我国的启示.pdf""]",0,[]
1328,1,"[""C:\\Users\\Ethan\\CoreFiles\\ProjectsFile\\AcademicResearch-auto-workflow\\workspace\\references\\attachments\\供给侧改革下货币政策对房地产价格的效应研究.pdf""]",0,[]
1329,0,[],0,[]
1330,0,[],0,[]
1331,1,"[""C:\\Users\\Ethan\\CoreFiles\\ProjectsFile\\AcademicResearch-auto-workflow\\workspace\\references\\attachments\\房地产价格波动对供需状态的影响研究.pdf""]",0,[]
1332,1,"[""C:\\Users\\Ethan\\CoreFiles\\ProjectsFile\\AcademicResearch-auto-workflow\\workspace\\references\\attachments\\相互关联性、风险溢出与系统重要性银行识别.pdf""]",0,[]
1333,1,"[""C:\\Users\\Ethan\\CoreFiles\\ProjectsFile\\AcademicResearch-auto-workflow\\workspace\\references\\attachments\\江苏房地产价格波动的实证分析.pdf""]",0,[]
1334,1,"[""C:\\Users\\Ethan\\CoreFiles\\ProjectsFile\\AcademicResearch-auto-workflow\\workspace\\references\\attachments\\银行系统性风险传染的机制研究.pdf""]",0,[]
1335,1,"[""C:\\Users\\Ethan\\CoreFiles\\ProjectsFile\\AcademicResearch-auto-workflow\\workspace\\references\\attachments\\差异化预期、政策调控与房价波动——基于中国35个大中城市的实证研究.pdf""]",0,[]
1336,0,[],0,[]
1337,1,"[""C:\\Users\\Ethan\\CoreFiles\\ProjectsFile\\AcademicResearch-auto-workflow\\workspace\\references\\attachments\\动态冲击强度下银行网络系统稳定性研究.pdf""]",0,[]
1338,1,"[""C:\\Users\\Ethan\\CoreFiles\\ProjectsFile\\AcademicResearch-auto-workflow\\workspace\\references\\attachments\\汇率变化对房价波动存在溢出效应吗_——来自1997-2015年中国房地产市场的证据.pdf""]",0,[]
1339,1,"[""C:\\Users\\Ethan\\CoreFiles\\ProjectsFile\\AcademicResearch-auto-workflow\\workspace\\references\\attachments\\中国影子银行发展及其监管制度创新研究.pdf""]",0,[]
1340,1,"[""C:\\Users\\Ethan\\CoreFiles\\ProjectsFile\\AcademicResearch-auto-workflow\\workspace\\references\\attachments\\论房地产泡沫与银行金融风险防范.pdf""]",0,[]
1341,1,"[""C:\\Users\\Ethan\\CoreFiles\\ProjectsFile\\AcademicResearch-auto-workflow\\workspace\\references\\attachments\\银行信贷风险与我国房地产业发展.pdf""]",0,[]
1342,1,"[""C:\\Users\\Ethan\\CoreFiles\\ProjectsFile\\AcademicResearch-auto-workflow\\workspace\\references\\attachments\\基于可解释机器学习的银行网络系统性风险研究.pdf""]",0,[]
1343,0,[],0,[]
1344,1,"[""C:\\Users\\Ethan\\CoreFiles\\ProjectsFile\\AcademicResearch-auto-workflow\\workspace\\references\\attachments\\外来人口、产业结构对房价影响的实证研究.pdf""]",0,[]
1345,0,[],0,[]
1346,0,[],0,[]
1347,1,"[""C:\\Users\\Ethan\\CoreFiles\\ProjectsFile\\AcademicResearch-auto-workflow\\workspace\\references\\attachments\\后危机时代国际金融监管改革_框架、内容与启示.pdf""]",0,[]
1348,1,"[""C:\\Users\\Ethan\\CoreFiles\\ProjectsFile\\AcademicResearch-auto-workflow\\workspace\\references\\attachments\\区域住房市场价格相关性研究.pdf""]",0,[]
1349,1,"[""C:\\Users\\Ethan\\CoreFiles\\ProjectsFile\\AcademicResearch-auto-workflow\\workspace\\references\\attachments\\宏观审慎监管_有效防范系统性风险的必由之路.pdf""]",0,[]
1350,1,"[""C:\\Users\\Ethan\\CoreFiles\\ProjectsFile\\AcademicResearch-auto-workflow\\workspace\\references\\attachments\\我国房地产市场价格波动的关联影响研究.pdf""]",0,[]
1351,1,"[""C:\\Users\\Ethan\\CoreFiles\\ProjectsFile\\AcademicResearch-auto-workflow\\workspace\\references\\attachments\\生产技术、投资专有技术与经济波动——基于包含房地产部门DSGE模型的模拟分析.pdf""]",0,[]
1352,1,"[""C:\\Users\\Ethan\\CoreFiles\\ProjectsFile\\AcademicResearch-auto-workflow\\workspace\\references\\attachments\\我国商业银行系统性风险溢出效应及影响因素研究.pdf""]",0,[]
1353,1,"[""C:\\Users\\Ethan\\CoreFiles\\ProjectsFile\\AcademicResearch-auto-workflow\\workspace\\references\\attachments\\对人民银行维护金融稳定职能的认识和思考.pdf""]",0,[]
1354,1,"[""C:\\Users\\Ethan\\CoreFiles\\ProjectsFile\\AcademicResearch-auto-workflow\\workspace\\references\\attachments\\我国系统重要性银行的识别.pdf""]",0,[]
1355,1,"[""C:\\Users\\Ethan\\CoreFiles\\ProjectsFile\\AcademicResearch-auto-workflow\\workspace\\references\\attachments\\银行房地产业务的风险防范研究——以福建省为例.pdf""]",0,[]
1356,0,[],0,[]
1357,1,"[""C:\\Users\\Ethan\\CoreFiles\\ProjectsFile\\AcademicResearch-auto-workflow\\workspace\\references\\attachments\\中国影子银行体系的特征、构成及其影响研究.pdf""]",0,[]
1358,1,"[""C:\\Users\\Ethan\\CoreFiles\\ProjectsFile\\AcademicResearch-auto-workflow\\workspace\\references\\attachments\\我国房地产企业负债融资与公司治理绩效相关性研究.pdf""]",0,[]
1359,1,"[""C:\\Users\\Ethan\\CoreFiles\\ProjectsFile\\AcademicResearch-auto-workflow\\workspace\\references\\attachments\\信贷资产证券化对商业银行风险管理的影响.pdf""]",0,[]
1360,0,[],0,[]
1361,1,"[""C:\\Users\\Ethan\\CoreFiles\\ProjectsFile\\AcademicResearch-auto-workflow\\workspace\\references\\attachments\\金融开放对我国商业银行系统性风险的影响研究.pdf""]",0,[]
1362,1,"[""C:\\Users\\Ethan\\CoreFiles\\ProjectsFile\\AcademicResearch-auto-workflow\\workspace\\references\\attachments\\楼市博弈迷局中的银行住房抵押贷款信用风险实证分析——基于VAR和t-Copula方法.pdf""]",0,[]
1363,1,"[""C:\\Users\\Ethan\\CoreFiles\\ProjectsFile\\AcademicResearch-auto-workflow\\workspace\\references\\attachments\\水银行理论研究及实践应用进展.pdf""]",0,[]
1364,1,"[""C:\\Users\\Ethan\\CoreFiles\\ProjectsFile\\AcademicResearch-auto-workflow\\workspace\\references\\attachments\\房地产价格预期评估模型研究.pdf""]",0,[]
1365,1,"[""C:\\Users\\Ethan\\CoreFiles\\ProjectsFile\\AcademicResearch-auto-workflow\\workspace\\references\\attachments\\金融风险视角下的影子银行.pdf""]",0,[]
1366,1,"[""C:\\Users\\Ethan\\CoreFiles\\ProjectsFile\\AcademicResearch-auto-workflow\\workspace\\references\\attachments\\我国商业银行系统性风险度量研究——基于分位数回归梯度提升树模型的分析.pdf""]",0,[]
1367,1,"[""C:\\Users\\Ethan\\CoreFiles\\ProjectsFile\\AcademicResearch-auto-workflow\\workspace\\references\\attachments\\L企业H地块房地产项目开发投资决策研究.pdf""]",0,[]
1368,1,"[""C:\\Users\\Ethan\\CoreFiles\\ProjectsFile\\AcademicResearch-auto-workflow\\workspace\\references\\attachments\\房地产周期波动与金融稳定的相关性研究.pdf""]",0,[]
1369,1,"[""C:\\Users\\Ethan\\CoreFiles\\ProjectsFile\\AcademicResearch-auto-workflow\\workspace\\references\\attachments\\大数据背景下房地产价格波动及其影响因素分析——以十堰市为例.pdf""]",0,[]
1370,1,"[""C:\\Users\\Ethan\\CoreFiles\\ProjectsFile\\AcademicResearch-auto-workflow\\workspace\\references\\attachments\\汇率、股票市场及房地产价格波动的关联性研究.pdf""]",0,[]
1371,1,"[""C:\\Users\\Ethan\\CoreFiles\\ProjectsFile\\AcademicResearch-auto-workflow\\workspace\\references\\attachments\\金融综合经营的风险效应研究——基于中国股市的数据.pdf""]",0,[]
1372,1,"[""C:\\Users\\Ethan\\CoreFiles\\ProjectsFile\\AcademicResearch-auto-workflow\\workspace\\references\\attachments\\在利率市场化趋势下建立我国存款保险制度的研究.pdf""]",0,[]
1373,1,"[""C:\\Users\\Ethan\\CoreFiles\\ProjectsFile\\AcademicResearch-auto-workflow\\workspace\\references\\attachments\\浅谈房地产经济周期波动.pdf""]",0,[]
1374,1,"[""C:\\Users\\Ethan\\CoreFiles\\ProjectsFile\\AcademicResearch-auto-workflow\\workspace\\references\\attachments\\网络视角下企业风险传染研究.pdf""]",0,[]
1375,1,"[""C:\\Users\\Ethan\\CoreFiles\\ProjectsFile\\AcademicResearch-auto-workflow\\workspace\\references\\attachments\\房地产价格波动影响因素及阶段性分析——以宁波地区为例.pdf""]",0,[]
1376,1,"[""C:\\Users\\Ethan\\CoreFiles\\ProjectsFile\\AcademicResearch-auto-workflow\\workspace\\references\\attachments\\房地产市场波动对宏观经济的影响研究.pdf""]",0,[]
1377,1,"[""C:\\Users\\Ethan\\CoreFiles\\ProjectsFile\\AcademicResearch-auto-workflow\\workspace\\references\\attachments\\中国房地产价格和货币政策动态关系研究.pdf""]",0,[]
1378,1,"[""C:\\Users\\Ethan\\CoreFiles\\ProjectsFile\\AcademicResearch-auto-workflow\\workspace\\references\\attachments\\商业银行行业贷款集中度与系统性风险的实证研究.pdf""]",0,[]
1379,1,"[""C:\\Users\\Ethan\\CoreFiles\\ProjectsFile\\AcademicResearch-auto-workflow\\workspace\\references\\attachments\\当前银行房地产贷款潜在风险及对策思考.pdf""]",0,[]
1380,1,"[""C:\\Users\\Ethan\\CoreFiles\\ProjectsFile\\AcademicResearch-auto-workflow\\workspace\\references\\attachments\\基于《巴塞尔协议Ⅲ》框架下我国金融业宏观审慎监管制度研究.pdf""]",0,[]
1381,0,[],0,[]
1382,1,"[""C:\\Users\\Ethan\\CoreFiles\\ProjectsFile\\AcademicResearch-auto-workflow\\workspace\\references\\attachments\\系统性银行危机的传播及监管.pdf""]",0,[]
1383,1,"[""C:\\Users\\Ethan\\CoreFiles\\ProjectsFile\\AcademicResearch-auto-workflow\\workspace\\references\\attachments\\如何防范“灰犀牛”——来自美国、日本、德国房地产发展的镜鉴与中国防范系统性风险的政策建议.pdf""]",0,[]
1384,1,"[""C:\\Users\\Ethan\\CoreFiles\\ProjectsFile\\AcademicResearch-auto-workflow\\workspace\\references\\attachments\\基于动态CoVaR方法的银行系统性风险测度与金融监管问题研究.pdf""]",0,[]
1385,1,"[""C:\\Users\\Ethan\\CoreFiles\\ProjectsFile\\AcademicResearch-auto-workflow\\workspace\\references\\attachments\\中国系统重要性银行的关联网络与风险贡献研究——基于极端事件冲击视角.pdf""]",0,[]
1386,1,"[""C:\\Users\\Ethan\\CoreFiles\\ProjectsFile\\AcademicResearch-auto-workflow\\workspace\\references\\attachments\\刚果（布）银行系统性风险研究.pdf""]",0,[]
1387,1,"[""C:\\Users\\Ethan\\CoreFiles\\ProjectsFile\\AcademicResearch-auto-workflow\\workspace\\references\\attachments\\房地产价格影响因素研究综述.pdf""]",0,[]
1388,1,"[""C:\\Users\\Ethan\\CoreFiles\\ProjectsFile\\AcademicResearch-auto-workflow\\workspace\\references\\attachments\\房地产经济波动的影响因素探究.pdf""]",0,[]
1389,1,"[""C:\\Users\\Ethan\\CoreFiles\\ProjectsFile\\AcademicResearch-auto-workflow\\workspace\\references\\attachments\\人民币国际化背景下短期跨境资本流动对我国商业银行系统性风险的影响研究.pdf""]",0,[]
1390,1,"[""C:\\Users\\Ethan\\CoreFiles\\ProjectsFile\\AcademicResearch-auto-workflow\\workspace\\references\\attachments\\房地产市场、房地产股票和股票市场的波动性和相关性的研究.pdf""]",0,[]
1391,0,[],0,[]
1392,1,"[""C:\\Users\\Ethan\\CoreFiles\\ProjectsFile\\AcademicResearch-auto-workflow\\workspace\\references\\attachments\\国家货币政策对房地产价格的宏观调控问题及对策研究.pdf""]",0,[]
1393,1,"[""C:\\Users\\Ethan\\CoreFiles\\ProjectsFile\\AcademicResearch-auto-workflow\\workspace\\references\\attachments\\中国房地产价格波动区域差异的实证分析.pdf""]",0,[]
1394,1,"[""C:\\Users\\Ethan\\CoreFiles\\ProjectsFile\\AcademicResearch-auto-workflow\\workspace\\references\\attachments\\统计测量法在商业银行操作风险管理中的运用.pdf""]",0,[]
1395,1,"[""C:\\Users\\Ethan\\CoreFiles\\ProjectsFile\\AcademicResearch-auto-workflow\\workspace\\references\\attachments\\基于动态相关性的我国银行系统性风险度量研究.pdf""]",0,[]
1396,1,"[""C:\\Users\\Ethan\\CoreFiles\\ProjectsFile\\AcademicResearch-auto-workflow\\workspace\\references\\attachments\\突发公共卫生事件对系统重要性银行金融风险影响研究——以新冠疫情为例.pdf""]",0,[]
1397,1,"[""C:\\Users\\Ethan\\CoreFiles\\ProjectsFile\\AcademicResearch-auto-workflow\\workspace\\references\\attachments\\影子银行监管法律制度研究.pdf""]",0,[]
1398,0,[],0,[]
1399,1,"[""C:\\Users\\Ethan\\CoreFiles\\ProjectsFile\\AcademicResearch-auto-workflow\\workspace\\references\\attachments\\房地产金融发展前景与风险防范.pdf""]",0,[]
1400,1,"[""C:\\Users\\Ethan\\CoreFiles\\ProjectsFile\\AcademicResearch-auto-workflow\\workspace\\references\\attachments\\基于CGE模型的房地产行业波动分析.pdf""]",0,[]
1401,1,"[""C:\\Users\\Ethan\\CoreFiles\\ProjectsFile\\AcademicResearch-auto-workflow\\workspace\\references\\attachments\\跨境资本流动与商业银行系统性风险.pdf""]",0,[]
1402,1,"[""C:\\Users\\Ethan\\CoreFiles\\ProjectsFile\\AcademicResearch-auto-workflow\\workspace\\references\\attachments\\住房价格、供求关系与区域差异——基于省级面板数据的实证研究.pdf""]",0,[]
1403,1,"[""C:\\Users\\Ethan\\CoreFiles\\ProjectsFile\\AcademicResearch-auto-workflow\\workspace\\references\\attachments\\非利息收入如何影响银行系统性风险——基于中介效应和面板门槛模型的实证研究.pdf""]",0,[]
1404,1,"[""C:\\Users\\Ethan\\CoreFiles\\ProjectsFile\\AcademicResearch-auto-workflow\\workspace\\references\\attachments\\异质性房地产冲击对银行业系统性风险的溢出效应.pdf""]",0,[]
1405,1,"[""C:\\Users\\Ethan\\CoreFiles\\ProjectsFile\\AcademicResearch-auto-workflow\\workspace\\references\\attachments\\对我国实施银行业宏观审慎监管问题的探讨.pdf""]",0,[]
1406,1,"[""C:\\Users\\Ethan\\CoreFiles\\ProjectsFile\\AcademicResearch-auto-workflow\\workspace\\references\\attachments\\地方政府债务扩张与系统性金融风险的触发机制.pdf""]",0,[]
1407,1,"[""C:\\Users\\Ethan\\CoreFiles\\ProjectsFile\\AcademicResearch-auto-workflow\\workspace\\references\\attachments\\我国上市金融机构系统重要性与系统脆弱性研究.pdf""]",0,[]
1408,1,"[""C:\\Users\\Ethan\\CoreFiles\\ProjectsFile\\AcademicResearch-auto-workflow\\workspace\\references\\attachments\\浅论福建省房地产周期波动及其建议.pdf""]",0,[]
1409,1,"[""C:\\Users\\Ethan\\CoreFiles\\ProjectsFile\\AcademicResearch-auto-workflow\\workspace\\references\\attachments\\基于多智能体强化学习的银行体系风险监管策略研究.pdf""]",0,[]
1410,1,"[""C:\\Users\\Ethan\\CoreFiles\\ProjectsFile\\AcademicResearch-auto-workflow\\workspace\\references\\attachments\\中国商业银行流动性对房地产价格影响的实证研究.pdf""]",0,[]
1411,1,"[""C:\\Users\\Ethan\\CoreFiles\\ProjectsFile\\AcademicResearch-auto-workflow\\workspace\\references\\attachments\\我国系统性金融风险的影响因素及防范对策.pdf""]",0,[]
1412,1,"[""C:\\Users\\Ethan\\CoreFiles\\ProjectsFile\\AcademicResearch-auto-workflow\\workspace\\references\\attachments\\中国商业银行潜在系统性风险的测度和预警分析.pdf""]",0,[]
1413,1,"[""C:\\Users\\Ethan\\CoreFiles\\ProjectsFile\\AcademicResearch-auto-workflow\\workspace\\references\\attachments\\城市信息化与房地产周期波动关系研究.pdf""]",0,[]
1414,1,"[""C:\\Users\\Ethan\\CoreFiles\\ProjectsFile\\AcademicResearch-auto-workflow\\workspace\\references\\attachments\\银行系统性风险成因及传导机制分析.pdf""]",0,[]
1415,0,[],0,[]
1416,1,"[""C:\\Users\\Ethan\\CoreFiles\\ProjectsFile\\AcademicResearch-auto-workflow\\workspace\\references\\attachments\\中国存款保险制度风险防范与流动性创造效应.pdf""]",0,[]
1417,1,"[""C:\\Users\\Ethan\\CoreFiles\\ProjectsFile\\AcademicResearch-auto-workflow\\workspace\\references\\attachments\\商业银行房地产业授信风险与防范.pdf""]",0,[]
1418,1,"[""C:\\Users\\Ethan\\CoreFiles\\ProjectsFile\\AcademicResearch-auto-workflow\\workspace\\references\\attachments\\中央银行与监管_危机以来的变化及选择.pdf""]",0,[]
1419,1,"[""C:\\Users\\Ethan\\CoreFiles\\ProjectsFile\\AcademicResearch-auto-workflow\\workspace\\references\\attachments\\在金融改革的同时注意防范风险.pdf""]",0,[]
1420,1,"[""C:\\Users\\Ethan\\CoreFiles\\ProjectsFile\\AcademicResearch-auto-workflow\\workspace\\references\\attachments\\守住不发生系统性金融风险_地方中小商业银行使命与对策研究.pdf""]",0,[]
1421,1,"[""C:\\Users\\Ethan\\CoreFiles\\ProjectsFile\\AcademicResearch-auto-workflow\\workspace\\references\\attachments\\贷款跨行业多元化是否降低了银行系统性风险_——基于中国上市银行的证据.pdf""]",0,[]
1422,1,"[""C:\\Users\\Ethan\\CoreFiles\\ProjectsFile\\AcademicResearch-auto-workflow\\workspace\\references\\attachments\\中国影子银行的发展及对宏观市场的影响.pdf""]",0,[]
1423,1,"[""C:\\Users\\Ethan\\CoreFiles\\ProjectsFile\\AcademicResearch-auto-workflow\\workspace\\references\\attachments\\我国资产价格泡沫对银行系统性风险的影响研究.pdf""]",0,[]
1424,0,[],0,[]
1425,1,"[""C:\\Users\\Ethan\\CoreFiles\\ProjectsFile\\AcademicResearch-auto-workflow\\workspace\\references\\attachments\\中国人口集聚与银行业脆弱性：微观机理、经验证据以及政策治理.pdf""]",0,[]
1426,1,"[""C:\\Users\\Ethan\\CoreFiles\\ProjectsFile\\AcademicResearch-auto-workflow\\workspace\\references\\attachments\\房地产经济波动与个人住房抵押贷款风险.pdf""]",0,[]
1427,1,"[""C:\\Users\\Ethan\\CoreFiles\\ProjectsFile\\AcademicResearch-auto-workflow\\workspace\\references\\attachments\\基于系统重要性金融机构鉴定的我国宏观审慎监管研究.pdf""]",0,[]
1428,1,"[""C:\\Users\\Ethan\\CoreFiles\\ProjectsFile\\AcademicResearch-auto-workflow\\workspace\\references\\attachments\\房价波动的特征、决定因素与效应研究_一个文献综述.pdf""]",0,[]
1429,1,"[""C:\\Users\\Ethan\\CoreFiles\\ProjectsFile\\AcademicResearch-auto-workflow\\workspace\\references\\attachments\\甘肃银行金融压力指数的测度及影响因素研究.pdf""]",0,[]
1430,1,"[""C:\\Users\\Ethan\\CoreFiles\\ProjectsFile\\AcademicResearch-auto-workflow\\workspace\\references\\attachments\\KMV模型对信用风险度量的有效性实证研究——以我国十家上市房地产公司为例.pdf""]",0,[]
1431,1,"[""C:\\Users\\Ethan\\CoreFiles\\ProjectsFile\\AcademicResearch-auto-workflow\\workspace\\references\\attachments\\吉林省房地产市场周期波动分析与预测——基于扩散指数法及VAR模型.pdf""]",0,[]
1432,1,"[""C:\\Users\\Ethan\\CoreFiles\\ProjectsFile\\AcademicResearch-auto-workflow\\workspace\\references\\attachments\\论预算性软约束对我国商业银行系统性风险的影响.pdf""]",0,[]
1433,1,"[""C:\\Users\\Ethan\\CoreFiles\\ProjectsFile\\AcademicResearch-auto-workflow\\workspace\\references\\attachments\\系统性风险_金融系统与实体经济间反馈效应.pdf""]",0,[]
1434,1,"[""C:\\Users\\Ethan\\CoreFiles\\ProjectsFile\\AcademicResearch-auto-workflow\\workspace\\references\\attachments\\台湾产业结构与金融结构的关系研究.pdf""]",0,[]
1435,1,"[""C:\\Users\\Ethan\\CoreFiles\\ProjectsFile\\AcademicResearch-auto-workflow\\workspace\\references\\attachments\\我国商业银行规模及数量的风险分析.pdf""]",0,[]
1436,1,"[""C:\\Users\\Ethan\\CoreFiles\\ProjectsFile\\AcademicResearch-auto-workflow\\workspace\\references\\attachments\\房价波动对商业银行信贷风险的影响.pdf""]",0,[]
1437,1,"[""C:\\Users\\Ethan\\CoreFiles\\ProjectsFile\\AcademicResearch-auto-workflow\\workspace\\references\\attachments\\互联网金融对商业银行的系统性风险溢出效应测度.pdf""]",0,[]
1438,1,"[""C:\\Users\\Ethan\\CoreFiles\\ProjectsFile\\AcademicResearch-auto-workflow\\workspace\\references\\attachments\\资本短缺与银行业系统性风险——基于复杂间接关联的视角.pdf""]",0,[]
1439,1,"[""C:\\Users\\Ethan\\CoreFiles\\ProjectsFile\\AcademicResearch-auto-workflow\\workspace\\references\\attachments\\重庆市房地产价格波动对居民消费影响的实证研究.pdf""]",0,[]
1440,1,"[""C:\\Users\\Ethan\\CoreFiles\\ProjectsFile\\AcademicResearch-auto-workflow\\workspace\\references\\attachments\\利率市场化对银行系统性风险影响的实证研究.pdf""]",0,[]
1441,1,"[""C:\\Users\\Ethan\\CoreFiles\\ProjectsFile\\AcademicResearch-auto-workflow\\workspace\\references\\attachments\\中国商业银行系统性风险实证研究.pdf""]",0,[]
1442,1,"[""C:\\Users\\Ethan\\CoreFiles\\ProjectsFile\\AcademicResearch-auto-workflow\\workspace\\references\\attachments\\噪声交易与房价波动——以青岛房地产市场为例.pdf""]",0,[]
1443,1,"[""C:\\Users\\Ethan\\CoreFiles\\ProjectsFile\\AcademicResearch-auto-workflow\\workspace\\references\\attachments\\一部探讨房地产周期波动的精品专著——评《新时期我国房地产周期波动研究》.pdf""]",0,[]
1444,1,"[""C:\\Users\\Ethan\\CoreFiles\\ProjectsFile\\AcademicResearch-auto-workflow\\workspace\\references\\attachments\\银行的系统性风险及银行监管研究.pdf""]",0,[]
1445,1,"[""C:\\Users\\Ethan\\CoreFiles\\ProjectsFile\\AcademicResearch-auto-workflow\\workspace\\references\\attachments\\中国上市银行系统性风险贡献及其影响因素研究——基于MES-SRISK方法.pdf""]",0,[]
1446,1,"[""C:\\Users\\Ethan\\CoreFiles\\ProjectsFile\\AcademicResearch-auto-workflow\\workspace\\references\\attachments\\房地产业与金融业的波动溢出效应研究.pdf""]",0,[]
1447,1,"[""C:\\Users\\Ethan\\CoreFiles\\ProjectsFile\\AcademicResearch-auto-workflow\\workspace\\references\\attachments\\房地产调控再升级  A股短期波动或加剧.pdf""]",0,[]
1448,0,[],0,[]
1449,0,[],0,[]
1450,1,"[""C:\\Users\\Ethan\\CoreFiles\\ProjectsFile\\AcademicResearch-auto-workflow\\workspace\\references\\attachments\\北京房地产市场价格波动研究.pdf""]",0,[]
1451,1,"[""C:\\Users\\Ethan\\CoreFiles\\ProjectsFile\\AcademicResearch-auto-workflow\\workspace\\references\\attachments\\防范房地产泡沫引发系统性金融风险的思考.pdf""]",0,[]
1452,0,[],0,[]
1453,1,"[""C:\\Users\\Ethan\\CoreFiles\\ProjectsFile\\AcademicResearch-auto-workflow\\workspace\\references\\attachments\\房地产市场泡沫导致的金融风险探究.pdf""]",0,[]
1454,1,"[""C:\\Users\\Ethan\\CoreFiles\\ProjectsFile\\AcademicResearch-auto-workflow\\workspace\\references\\attachments\\金融杠杆率、房地产价格波动与政策调控.pdf""]",0,[]
1455,1,"[""C:\\Users\\Ethan\\CoreFiles\\ProjectsFile\\AcademicResearch-auto-workflow\\workspace\\references\\attachments\\平安银行金融科技发展对其系统性风险的影响研究.pdf""]",0,[]
1456,1,"[""C:\\Users\\Ethan\\CoreFiles\\ProjectsFile\\AcademicResearch-auto-workflow\\workspace\\references\\attachments\\论双支柱政策调控.pdf""]",0,[]
1457,1,"[""C:\\Users\\Ethan\\CoreFiles\\ProjectsFile\\AcademicResearch-auto-workflow\\workspace\\references\\attachments\\中国系统重要性银行的测量和监管有效性研究.pdf""]",0,[]
1458,1,"[""C:\\Users\\Ethan\\CoreFiles\\ProjectsFile\\AcademicResearch-auto-workflow\\workspace\\references\\attachments\\大数据挖掘的房地产价格波动实时估计研究.pdf""]",0,[]
1459,1,"[""C:\\Users\\Ethan\\CoreFiles\\ProjectsFile\\AcademicResearch-auto-workflow\\workspace\\references\\attachments\\基于文献研究的M2与房价关系分析.pdf""]",0,[]
1460,1,"[""C:\\Users\\Ethan\\CoreFiles\\ProjectsFile\\AcademicResearch-auto-workflow\\workspace\\references\\attachments\\商业银行金融科技风险的溢出效应研究.pdf""]",0,[]
1461,1,"[""C:\\Users\\Ethan\\CoreFiles\\ProjectsFile\\AcademicResearch-auto-workflow\\workspace\\references\\attachments\\我国银行信贷对房地产市场价格波动的分析.pdf""]",0,[]
1462,1,"[""C:\\Users\\Ethan\\CoreFiles\\ProjectsFile\\AcademicResearch-auto-workflow\\workspace\\references\\attachments\\基于MES测度的我国金融机构系统性风险研究.pdf""]",0,[]
1463,1,"[""C:\\Users\\Ethan\\CoreFiles\\ProjectsFile\\AcademicResearch-auto-workflow\\workspace\\references\\attachments\\巴塞尔Ⅲ宏观审慎资本监管工具的作用机理探析——基于商业银行实施内评法的视角.pdf""]",0,[]
1464,1,"[""C:\\Users\\Ethan\\CoreFiles\\ProjectsFile\\AcademicResearch-auto-workflow\\workspace\\references\\attachments\\非利息收入对商业银行系统性风险的影响研究——基于风险分解视角.pdf""]",0,[]
1465,1,"[""C:\\Users\\Ethan\\CoreFiles\\ProjectsFile\\AcademicResearch-auto-workflow\\workspace\\references\\attachments\\浅析当前商业银行的房地产放贷业务风险及其对策.pdf""]",0,[]
1466,1,"[""C:\\Users\\Ethan\\CoreFiles\\ProjectsFile\\AcademicResearch-auto-workflow\\workspace\\references\\attachments\\我国影子银行体系的发展及监管问题研究.pdf""]",0,[]
1467,1,"[""C:\\Users\\Ethan\\CoreFiles\\ProjectsFile\\AcademicResearch-auto-workflow\\workspace\\references\\attachments\\基于供需结构的房地产周期实证研究——以杭州市房地产市场为例.pdf""]",0,[]
1468,1,"[""C:\\Users\\Ethan\\CoreFiles\\ProjectsFile\\AcademicResearch-auto-workflow\\workspace\\references\\attachments\\中国房价变动与经济波动关联机制研究.pdf""]",0,[]
1469,1,"[""C:\\Users\\Ethan\\CoreFiles\\ProjectsFile\\AcademicResearch-auto-workflow\\workspace\\references\\attachments\\房地产与国民经济_谁要挟了谁——基于日本战后29年数据的实证研究.pdf""]",0,[]
1470,1,"[""C:\\Users\\Ethan\\CoreFiles\\ProjectsFile\\AcademicResearch-auto-workflow\\workspace\\references\\attachments\\房地产价格波动的城市异质性分析.pdf""]",0,[]
1471,0,[],0,[]
1472,1,"[""C:\\Users\\Ethan\\CoreFiles\\ProjectsFile\\AcademicResearch-auto-workflow\\workspace\\references\\attachments\\贷款集中度对商业银行系统性风险影响.pdf""]",0,[]
1473,1,"[""C:\\Users\\Ethan\\CoreFiles\\ProjectsFile\\AcademicResearch-auto-workflow\\workspace\\references\\attachments\\房价影响因素综述.pdf""]",0,[]
1474,1,"[""C:\\Users\\Ethan\\CoreFiles\\ProjectsFile\\AcademicResearch-auto-workflow\\workspace\\references\\attachments\\我国商业银行系统性风险动态相关性研究.pdf""]",0,[]
1475,1,"[""C:\\Users\\Ethan\\CoreFiles\\ProjectsFile\\AcademicResearch-auto-workflow\\workspace\\references\\attachments\\房价和汇率双重冲击对银行系统性风险的动态影响研究.pdf""]",0,[]
1476,1,"[""C:\\Users\\Ethan\\CoreFiles\\ProjectsFile\\AcademicResearch-auto-workflow\\workspace\\references\\attachments\\我国银行系统性金融风险研究——基于“去一法”的应用分析.pdf""]",0,[]
1477,1,"[""C:\\Users\\Ethan\\CoreFiles\\ProjectsFile\\AcademicResearch-auto-workflow\\workspace\\references\\attachments\\基于非均衡理论的我国房地产宏观调控政策效率的实证研究.pdf""]",0,[]
1478,1,"[""C:\\Users\\Ethan\\CoreFiles\\ProjectsFile\\AcademicResearch-auto-workflow\\workspace\\references\\attachments\\数字化转型与银行系统性风险.pdf""]",0,[]
1479,0,[],0,[]
1480,1,"[""C:\\Users\\Ethan\\CoreFiles\\ProjectsFile\\AcademicResearch-auto-workflow\\workspace\\references\\attachments\\转换职能  迎接挑战  开拓创新  充分发挥新时期中央银行分支机构的重要作用.pdf""]",0,[]
1481,1,"[""C:\\Users\\Ethan\\CoreFiles\\ProjectsFile\\AcademicResearch-auto-workflow\\workspace\\references\\attachments\\我国商业银行系统性风险测度研究.pdf""]",0,[]
1482,1,"[""C:\\Users\\Ethan\\CoreFiles\\ProjectsFile\\AcademicResearch-auto-workflow\\workspace\\references\\attachments\\房地产价格波动对金融加速器效应的非对称性影响分析.pdf""]",0,[]
1483,1,"[""C:\\Users\\Ethan\\CoreFiles\\ProjectsFile\\AcademicResearch-auto-workflow\\workspace\\references\\attachments\\汇率变动对房价影响的实证研究.pdf""]",0,[]
1484,1,"[""C:\\Users\\Ethan\\CoreFiles\\ProjectsFile\\AcademicResearch-auto-workflow\\workspace\\references\\attachments\\企业应对房地产周期波动的四种经营策略.pdf""]",0,[]
1485,1,"[""C:\\Users\\Ethan\\CoreFiles\\ProjectsFile\\AcademicResearch-auto-workflow\\workspace\\references\\attachments\\银行网络结构与系统性金融风险传染.pdf""]",0,[]
1486,1,"[""C:\\Users\\Ethan\\CoreFiles\\ProjectsFile\\AcademicResearch-auto-workflow\\workspace\\references\\attachments\\国外银行税政策分析及对我国的借鉴.pdf""]",0,[]
1487,1,"[""C:\\Users\\Ethan\\CoreFiles\\ProjectsFile\\AcademicResearch-auto-workflow\\workspace\\references\\attachments\\北京市房地产周期波动研究.pdf""]",0,[]
1488,1,"[""C:\\Users\\Ethan\\CoreFiles\\ProjectsFile\\AcademicResearch-auto-workflow\\workspace\\references\\attachments\\货币政策、房地产价格与银行风险承担.pdf""]",0,[]
1489,0,[],0,[]
1490,1,"[""C:\\Users\\Ethan\\CoreFiles\\ProjectsFile\\AcademicResearch-auto-workflow\\workspace\\references\\attachments\\资管新规对银行理财产品市场系统性风险影响研究.pdf""]",0,[]
1491,0,[],0,[]
1492,0,[],0,[]
1493,1,"[""C:\\Users\\Ethan\\CoreFiles\\ProjectsFile\\AcademicResearch-auto-workflow\\workspace\\references\\attachments\\从“三稳”到“两维护”  房地产授信政策微妙变化.pdf""]",0,[]
1494,1,"[""C:\\Users\\Ethan\\CoreFiles\\ProjectsFile\\AcademicResearch-auto-workflow\\workspace\\references\\attachments\\房地产价格波动对我国金融稳定的影响研究.pdf""]",0,[]
1495,1,"[""C:\\Users\\Ethan\\CoreFiles\\ProjectsFile\\AcademicResearch-auto-workflow\\workspace\\references\\attachments\\基于Merton期权定价框架的存款保险定价模型拓展研究和算例分析.pdf""]",0,[]
1496,1,"[""C:\\Users\\Ethan\\CoreFiles\\ProjectsFile\\AcademicResearch-auto-workflow\\workspace\\references\\attachments\\房地产周期、货币扩张与经济增长的关联度分析.pdf""]",0,[]
1497,1,"[""C:\\Users\\Ethan\\CoreFiles\\ProjectsFile\\AcademicResearch-auto-workflow\\workspace\\references\\attachments\\房地产周期性波动的经济因素分析.pdf""]",0,[]
1498,1,"[""C:\\Users\\Ethan\\CoreFiles\\ProjectsFile\\AcademicResearch-auto-workflow\\workspace\\references\\attachments\\房地产价格与通货膨胀、产出的非线性关系——基于门限模型的实证研究.pdf""]",0,[]
1499,0,[],0,[]
1500,1,"[""C:\\Users\\Ethan\\CoreFiles\\ProjectsFile\\AcademicResearch-auto-workflow\\workspace\\references\\attachments\\央行报告提醒银行防止盲目放贷.pdf""]",0,[]
1501,1,"[""C:\\Users\\Ethan\\CoreFiles\\ProjectsFile\\AcademicResearch-auto-workflow\\workspace\\references\\attachments\\房地产价格波动_一个基于博弈论视角的分析.pdf""]",0,[]
1502,0,[],0,[]
1503,1,"[""C:\\Users\\Ethan\\CoreFiles\\ProjectsFile\\AcademicResearch-auto-workflow\\workspace\\references\\attachments\\金融科技的创新发展及趋势研判.pdf""]",0,[]
1504,1,"[""C:\\Users\\Ethan\\CoreFiles\\ProjectsFile\\AcademicResearch-auto-workflow\\workspace\\references\\attachments\\金融科技、主业投资与企业影子银行化.pdf""]",0,[]
1505,1,"[""C:\\Users\\Ethan\\CoreFiles\\ProjectsFile\\AcademicResearch-auto-workflow\\workspace\\references\\attachments\\跨境资本流动、贷款集中与银行系统性风险：如何理解宏观审慎政策和国际金融环境的作用_.pdf""]",0,[]
1506,1,"[""C:\\Users\\Ethan\\CoreFiles\\ProjectsFile\\AcademicResearch-auto-workflow\\workspace\\references\\attachments\\浅谈加强房地产波动的控制对策.pdf""]",0,[]
1507,1,"[""C:\\Users\\Ethan\\CoreFiles\\ProjectsFile\\AcademicResearch-auto-workflow\\workspace\\references\\attachments\\房地产借贷、金融加速器和经济波动——一个贝叶斯估计的DSGE模拟研究.pdf""]",0,[]
1508,1,"[""C:\\Users\\Ethan\\CoreFiles\\ProjectsFile\\AcademicResearch-auto-workflow\\workspace\\references\\attachments\\房地产市场波动理论分析.pdf""]",0,[]
1509,1,"[""C:\\Users\\Ethan\\CoreFiles\\ProjectsFile\\AcademicResearch-auto-workflow\\workspace\\references\\attachments\\住房银行成立会对楼市产生什么影响.pdf""]",0,[]
1510,1,"[""C:\\Users\\Ethan\\CoreFiles\\ProjectsFile\\AcademicResearch-auto-workflow\\workspace\\references\\attachments\\我国商业银行顺周期性及监管研究.pdf""]",0,[]
1511,1,"[""C:\\Users\\Ethan\\CoreFiles\\ProjectsFile\\AcademicResearch-auto-workflow\\workspace\\references\\attachments\\房地产价格波动对我国银行体系稳定性的影响研究.pdf""]",0,[]
1512,1,"[""C:\\Users\\Ethan\\CoreFiles\\ProjectsFile\\AcademicResearch-auto-workflow\\workspace\\references\\attachments\\商业银行金融科技对其系统性风险溢出的影响研究.pdf""]",0,[]
1513,1,"[""C:\\Users\\Ethan\\CoreFiles\\ProjectsFile\\AcademicResearch-auto-workflow\\workspace\\references\\attachments\\房地产公司应对房地产周期策略研究.pdf""]",0,[]
1514,1,"[""C:\\Users\\Ethan\\CoreFiles\\ProjectsFile\\AcademicResearch-auto-workflow\\workspace\\references\\attachments\\银行系统性金融风险分析.pdf""]",0,[]
1515,1,"[""C:\\Users\\Ethan\\CoreFiles\\ProjectsFile\\AcademicResearch-auto-workflow\\workspace\\references\\attachments\\谈过度竞争下的银行业务新风险.pdf""]",0,[]
1516,1,"[""C:\\Users\\Ethan\\CoreFiles\\ProjectsFile\\AcademicResearch-auto-workflow\\workspace\\references\\attachments\\中国保险业系统性风险评估及宏观审慎监管研究.pdf""]",0,[]
1517,1,"[""C:\\Users\\Ethan\\CoreFiles\\ProjectsFile\\AcademicResearch-auto-workflow\\workspace\\references\\attachments\\发展非银行金融业有利于降低银行业系统性风险吗.pdf""]",0,[]
1518,1,"[""C:\\Users\\Ethan\\CoreFiles\\ProjectsFile\\AcademicResearch-auto-workflow\\workspace\\references\\attachments\\我国商业银行风险管理问题初探.pdf""]",0,[]
1519,1,"[""C:\\Users\\Ethan\\CoreFiles\\ProjectsFile\\AcademicResearch-auto-workflow\\workspace\\references\\attachments\\振奋精神  履行职责  促进福建经济金融持续快速协调健康发展.pdf""]",0,[]
1520,1,"[""C:\\Users\\Ethan\\CoreFiles\\ProjectsFile\\AcademicResearch-auto-workflow\\workspace\\references\\attachments\\基于宏观审慎监管的银行业系统性风险研究.pdf""]",0,[]
1521,1,"[""C:\\Users\\Ethan\\CoreFiles\\ProjectsFile\\AcademicResearch-auto-workflow\\workspace\\references\\attachments\\行为经济学视角下的房价波动研究述评.pdf""]",0,[]
1522,1,"[""C:\\Users\\Ethan\\CoreFiles\\ProjectsFile\\AcademicResearch-auto-workflow\\workspace\\references\\attachments\\利用MES模型构建银行的系统重要性及系统性风险.pdf""]",0,[]
1523,1,"[""C:\\Users\\Ethan\\CoreFiles\\ProjectsFile\\AcademicResearch-auto-workflow\\workspace\\references\\attachments\\大数据时代商业银行内部审计的应对之策.pdf""]",0,[]
1524,1,"[""C:\\Users\\Ethan\\CoreFiles\\ProjectsFile\\AcademicResearch-auto-workflow\\workspace\\references\\attachments\\中国银行部门杠杆率_现状与隐忧.pdf""]",0,[]
1525,1,"[""C:\\Users\\Ethan\\CoreFiles\\ProjectsFile\\AcademicResearch-auto-workflow\\workspace\\references\\attachments\\我国房地产市场调控对策研究.pdf""]",0,[]
1526,1,"[""C:\\Users\\Ethan\\CoreFiles\\ProjectsFile\\AcademicResearch-auto-workflow\\workspace\\references\\attachments\\金融因素对房地产价格影响的理论与实证研究.pdf""]",0,[]
1527,1,"[""C:\\Users\\Ethan\\CoreFiles\\ProjectsFile\\AcademicResearch-auto-workflow\\workspace\\references\\attachments\\金融科技对商业银行系统性风险的影响分析.pdf""]",0,[]
1528,1,"[""C:\\Users\\Ethan\\CoreFiles\\ProjectsFile\\AcademicResearch-auto-workflow\\workspace\\references\\attachments\\公允价值层级、外部审计与银行系统性风险溢出效应——基于我国14家上市商业银行的面板数据.pdf""]",0,[]
1529,1,"[""C:\\Users\\Ethan\\CoreFiles\\ProjectsFile\\AcademicResearch-auto-workflow\\workspace\\references\\attachments\\商业银行资产证券化合理水平研究.pdf""]",0,[]
1530,1,"[""C:\\Users\\Ethan\\CoreFiles\\ProjectsFile\\AcademicResearch-auto-workflow\\workspace\\references\\attachments\\守住不发生系统性风险的底线.pdf""]",0,[]
1531,1,"[""C:\\Users\\Ethan\\CoreFiles\\ProjectsFile\\AcademicResearch-auto-workflow\\workspace\\references\\attachments\\新冠疫情对我国银行系统性金融风险影响的实证研究.pdf""]",0,[]
1532,1,"[""C:\\Users\\Ethan\\CoreFiles\\ProjectsFile\\AcademicResearch-auto-workflow\\workspace\\references\\attachments\\全球金融体系的韧性正面临考验.pdf""]",0,[]
1533,1,"[""C:\\Users\\Ethan\\CoreFiles\\ProjectsFile\\AcademicResearch-auto-workflow\\workspace\\references\\attachments\\房地产市场波动对区域全要素生产率影响的实证研究.pdf""]",0,[]
1534,0,[],0,[]
1535,1,"[""C:\\Users\\Ethan\\CoreFiles\\ProjectsFile\\AcademicResearch-auto-workflow\\workspace\\references\\attachments\\我国房地产价格波动的宏观经济效应研究.pdf""]",0,[]
1536,1,"[""C:\\Users\\Ethan\\CoreFiles\\ProjectsFile\\AcademicResearch-auto-workflow\\workspace\\references\\attachments\\河北省房地产价格变动对居民消费影响的实证研究.pdf""]",0,[]
1537,1,"[""C:\\Users\\Ethan\\CoreFiles\\ProjectsFile\\AcademicResearch-auto-workflow\\workspace\\references\\attachments\\我国房价与经济增长的实证研究.pdf""]",0,[]
1538,1,"[""C:\\Users\\Ethan\\CoreFiles\\ProjectsFile\\AcademicResearch-auto-workflow\\workspace\\references\\attachments\\房地产市场疲软与周期波动的治理对策.pdf""]",0,[]
1539,1,"[""C:\\Users\\Ethan\\CoreFiles\\ProjectsFile\\AcademicResearch-auto-workflow\\workspace\\references\\attachments\\供给侧结构性改革背景下利率、税收对房地产价格波动的影响.pdf""]",0,[]
1540,1,"[""C:\\Users\\Ethan\\CoreFiles\\ProjectsFile\\AcademicResearch-auto-workflow\\workspace\\references\\attachments\\济宁市房地产价格波动特征的实证研究.pdf""]",0,[]
1541,1,"[""C:\\Users\\Ethan\\CoreFiles\\ProjectsFile\\AcademicResearch-auto-workflow\\workspace\\references\\attachments\\基于CoVaR方法的我国商业银行系统性风险溢出效应测度.pdf""]",0,[]
1542,1,"[""C:\\Users\\Ethan\\CoreFiles\\ProjectsFile\\AcademicResearch-auto-workflow\\workspace\\references\\attachments\\我国银行间双边风险传染效应研究——基于出口需求波动冲击视角.pdf""]",0,[]
1543,1,"[""C:\\Users\\Ethan\\CoreFiles\\ProjectsFile\\AcademicResearch-auto-workflow\\workspace\\references\\attachments\\机构集聚、风险传染与香港银行的系统性风险.pdf""]",0,[]
1544,1,"[""C:\\Users\\Ethan\\CoreFiles\\ProjectsFile\\AcademicResearch-auto-workflow\\workspace\\references\\attachments\\我国房地产市场价格的货币幻觉效应研究.pdf""]",0,[]
1545,1,"[""C:\\Users\\Ethan\\CoreFiles\\ProjectsFile\\AcademicResearch-auto-workflow\\workspace\\references\\attachments\\复杂性与非系统性风险.pdf""]",0,[]
1546,1,"[""C:\\Users\\Ethan\\CoreFiles\\ProjectsFile\\AcademicResearch-auto-workflow\\workspace\\references\\attachments\\证券业发展对商业银行的影响.pdf""]",0,[]
1547,0,[],0,[]
1548,1,"[""C:\\Users\\Ethan\\CoreFiles\\ProjectsFile\\AcademicResearch-auto-workflow\\workspace\\references\\attachments\\深圳房地产市场波动的反思.pdf""]",0,[]
1549,0,[],0,[]
1550,1,"[""C:\\Users\\Ethan\\CoreFiles\\ProjectsFile\\AcademicResearch-auto-workflow\\workspace\\references\\attachments\\银行税的国际比较与制度建议.pdf""]",0,[]
1551,0,[],0,[]
1552,1,"[""C:\\Users\\Ethan\\CoreFiles\\ProjectsFile\\AcademicResearch-auto-workflow\\workspace\\references\\attachments\\房产税开征对中国宏观经济波动的测度研究.pdf""]",0,[]
1553,1,"[""C:\\Users\\Ethan\\CoreFiles\\ProjectsFile\\AcademicResearch-auto-workflow\\workspace\\references\\attachments\\我国上市银行风险溢出效应的实证研究.pdf""]",0,[]
1554,1,"[""C:\\Users\\Ethan\\CoreFiles\\ProjectsFile\\AcademicResearch-auto-workflow\\workspace\\references\\attachments\\扩大对外开放背景下中国银行业系统性风险的预警与防范.pdf""]",0,[]
1555,1,"[""C:\\Users\\Ethan\\CoreFiles\\ProjectsFile\\AcademicResearch-auto-workflow\\workspace\\references\\attachments\\房地产价格波动对金融稳定影响研究.pdf""]",0,[]
1556,1,"[""C:\\Users\\Ethan\\CoreFiles\\ProjectsFile\\AcademicResearch-auto-workflow\\workspace\\references\\attachments\\商业银行非系统性风险识别、网络传染及规模测度.pdf""]",0,[]
1557,1,"[""C:\\Users\\Ethan\\CoreFiles\\ProjectsFile\\AcademicResearch-auto-workflow\\workspace\\references\\attachments\\青海出招应对房地产市场波动.pdf""]",0,[]
1558,1,"[""C:\\Users\\Ethan\\CoreFiles\\ProjectsFile\\AcademicResearch-auto-workflow\\workspace\\references\\attachments\\资产价格波动与商业银行脆弱性的实证研究.pdf""]",0,[]
1559,1,"[""C:\\Users\\Ethan\\CoreFiles\\ProjectsFile\\AcademicResearch-auto-workflow\\workspace\\references\\attachments\\房地产泡沫与银行金融风险防范措施探讨.pdf""]",0,[]
1560,0,[],0,[]
1561,1,"[""C:\\Users\\Ethan\\CoreFiles\\ProjectsFile\\AcademicResearch-auto-workflow\\workspace\\references\\attachments\\房地产业波动与银行信贷风险防范.pdf""]",0,[]
1562,1,"[""C:\\Users\\Ethan\\CoreFiles\\ProjectsFile\\AcademicResearch-auto-workflow\\workspace\\references\\attachments\\系统性金融风险监测分析报告.pdf""]",0,[]
1563,1,"[""C:\\Users\\Ethan\\CoreFiles\\ProjectsFile\\AcademicResearch-auto-workflow\\workspace\\references\\attachments\\我国影子银行的研究分析及监管建议.pdf""]",0,[]
1564,0,[],0,[]
1565,0,[],0,[]
1566,1,"[""C:\\Users\\Ethan\\CoreFiles\\ProjectsFile\\AcademicResearch-auto-workflow\\workspace\\references\\attachments\\我国房地产市场与股票市场的波动相关性研究.pdf""]",0,[]
1567,1,"[""C:\\Users\\Ethan\\CoreFiles\\ProjectsFile\\AcademicResearch-auto-workflow\\workspace\\references\\attachments\\影子银行引致我国系统性金融风险的触发因素分析.pdf""]",0,[]
1568,1,"[""C:\\Users\\Ethan\\CoreFiles\\ProjectsFile\\AcademicResearch-auto-workflow\\workspace\\references\\attachments\\房价﹑信贷与商业银行系统性风险的文献综述.pdf""]",0,[]
1569,1,"[""C:\\Users\\Ethan\\CoreFiles\\ProjectsFile\\AcademicResearch-auto-workflow\\workspace\\references\\attachments\\长三角地区城市房价影响因素研究.pdf""]",0,[]
1570,1,"[""C:\\Users\\Ethan\\CoreFiles\\ProjectsFile\\AcademicResearch-auto-workflow\\workspace\\references\\attachments\\系统性金融风险的界定及传播机制.pdf""]",0,[]
1571,1,"[""C:\\Users\\Ethan\\CoreFiles\\ProjectsFile\\AcademicResearch-auto-workflow\\workspace\\references\\attachments\\我国资管行业系统重要性金融机构的识别和影响因素分析.pdf""]",0,[]
1572,1,"[""C:\\Users\\Ethan\\CoreFiles\\ProjectsFile\\AcademicResearch-auto-workflow\\workspace\\references\\attachments\\商业银行房地产信贷配置偏好的动因研究.pdf""]",0,[]
1573,1,"[""C:\\Users\\Ethan\\CoreFiles\\ProjectsFile\\AcademicResearch-auto-workflow\\workspace\\references\\attachments\\宏观审慎政策、国家文化与银行系统性风险.pdf""]",0,[]
1574,1,"[""C:\\Users\\Ethan\\CoreFiles\\ProjectsFile\\AcademicResearch-auto-workflow\\workspace\\references\\attachments\\房地产金融风险分析及相应对策.pdf""]",0,[]
1575,1,"[""C:\\Users\\Ethan\\CoreFiles\\ProjectsFile\\AcademicResearch-auto-workflow\\workspace\\references\\attachments\\重庆市房地产周期波动影响因素实证分析.pdf""]",0,[]
1576,1,"[""C:\\Users\\Ethan\\CoreFiles\\ProjectsFile\\AcademicResearch-auto-workflow\\workspace\\references\\attachments\\中国房地产价格波动财富效应的理论与实证研究.pdf""]",0,[]
1577,1,"[""C:\\Users\\Ethan\\CoreFiles\\ProjectsFile\\AcademicResearch-auto-workflow\\workspace\\references\\attachments\\中国房地产价格波动对经济的金融加速效应实证研究.pdf""]",0,[]
1578,1,"[""C:\\Users\\Ethan\\CoreFiles\\ProjectsFile\\AcademicResearch-auto-workflow\\workspace\\references\\attachments\\汇率波动与房地产价格波动的关联分析.pdf""]",0,[]
1579,1,"[""C:\\Users\\Ethan\\CoreFiles\\ProjectsFile\\AcademicResearch-auto-workflow\\workspace\\references\\attachments\\我国房地产周期波动的拐点预期.pdf""]",0,[]
1580,1,"[""C:\\Users\\Ethan\\CoreFiles\\ProjectsFile\\AcademicResearch-auto-workflow\\workspace\\references\\attachments\\信贷政策与房地产价格周期波动的实证研究.pdf""]",0,[]
1581,1,"[""C:\\Users\\Ethan\\CoreFiles\\ProjectsFile\\AcademicResearch-auto-workflow\\workspace\\references\\attachments\\四川省房地产不同物业类别的周期波动研究——基于主成分与谱分析方法.pdf""]",0,[]
1582,1,"[""C:\\Users\\Ethan\\CoreFiles\\ProjectsFile\\AcademicResearch-auto-workflow\\workspace\\references\\attachments\\信贷违约冲击下银行系统性风险形成机制与动态演变研究——基于银行资产抛售行为的风险传染效应.pdf""]",0,[]
1583,1,"[""C:\\Users\\Ethan\\CoreFiles\\ProjectsFile\\AcademicResearch-auto-workflow\\workspace\\references\\attachments\\金融危机前后我国上市银行系统性风险的比较.pdf""]",0,[]
1584,1,"[""C:\\Users\\Ethan\\CoreFiles\\ProjectsFile\\AcademicResearch-auto-workflow\\workspace\\references\\attachments\\商业银行系统性风险管控与金融监管有效性研究——以复杂系统理论视角.pdf""]",0,[]
1585,1,"[""C:\\Users\\Ethan\\CoreFiles\\ProjectsFile\\AcademicResearch-auto-workflow\\workspace\\references\\attachments\\高管薪酬激励、相对绩效评价与商业银行系统性风险.pdf""]",0,[]
1586,1,"[""C:\\Users\\Ethan\\CoreFiles\\ProjectsFile\\AcademicResearch-auto-workflow\\workspace\\references\\attachments\\金融系统性风险传染机理分析.pdf""]",0,[]
1587,1,"[""C:\\Users\\Ethan\\CoreFiles\\ProjectsFile\\AcademicResearch-auto-workflow\\workspace\\references\\attachments\\基于金融生态的商业银行系统性风险研究.pdf""]",0,[]
1588,1,"[""C:\\Users\\Ethan\\CoreFiles\\ProjectsFile\\AcademicResearch-auto-workflow\\workspace\\references\\attachments\\房地产价格波动与系统性风险：开发企业渠道的实证研究.pdf""]",0,[]
1589,1,"[""C:\\Users\\Ethan\\CoreFiles\\ProjectsFile\\AcademicResearch-auto-workflow\\workspace\\references\\attachments\\大而不能倒：银行规模与商业银行系统性风险.pdf""]",0,[]
1590,1,"[""C:\\Users\\Ethan\\CoreFiles\\ProjectsFile\\AcademicResearch-auto-workflow\\workspace\\references\\attachments\\银行业务地理扩张与银行系统性风险的恶化——基于中国上市银行的证据.pdf""]",0,[]
1591,1,"[""C:\\Users\\Ethan\\CoreFiles\\ProjectsFile\\AcademicResearch-auto-workflow\\workspace\\references\\attachments\\商业银行引导下影子银行的风险防范——基于系统性风险压力指标的视角.pdf""]",0,[]
1592,1,"[""C:\\Users\\Ethan\\CoreFiles\\ProjectsFile\\AcademicResearch-auto-workflow\\workspace\\references\\attachments\\银行业开放对银行系统性风险的影响.pdf""]",0,[]
1593,1,"[""C:\\Users\\Ethan\\CoreFiles\\ProjectsFile\\AcademicResearch-auto-workflow\\workspace\\references\\attachments\\中国房地产泡沫影响因素研究—从异质性分析的角度.pdf""]",0,[]
1594,1,"[""C:\\Users\\Ethan\\CoreFiles\\ProjectsFile\\AcademicResearch-auto-workflow\\workspace\\references\\attachments\\基于条件在险价值法的商业银行系统性风险研究.pdf""]",0,[]
1595,1,"[""C:\\Users\\Ethan\\CoreFiles\\ProjectsFile\\AcademicResearch-auto-workflow\\workspace\\references\\attachments\\商业银行普惠金融发展对其系统性风险的影响研究.pdf""]",0,[]
1596,1,"[""C:\\Users\\Ethan\\CoreFiles\\ProjectsFile\\AcademicResearch-auto-workflow\\workspace\\references\\attachments\\完善金融监管框架,在创新与稳定间找到平衡.pdf""]",0,[]
1597,1,"[""C:\\Users\\Ethan\\CoreFiles\\ProjectsFile\\AcademicResearch-auto-workflow\\workspace\\references\\attachments\\基于巴塞尔资本协议的商业银行逆周期调节机制研究.pdf""]",0,[]
1598,1,"[""C:\\Users\\Ethan\\CoreFiles\\ProjectsFile\\AcademicResearch-auto-workflow\\workspace\\references\\attachments\\基于流动性配置的银行系统性风险研究.pdf""]",0,[]
1599,1,"[""C:\\Users\\Ethan\\CoreFiles\\ProjectsFile\\AcademicResearch-auto-workflow\\workspace\\references\\attachments\\房地产价格波动对系统性金融风险的影响——基于非线性效应与空间溢出效应.pdf""]",0,[]
1600,1,"[""C:\\Users\\Ethan\\CoreFiles\\ProjectsFile\\AcademicResearch-auto-workflow\\workspace\\references\\attachments\\我国商业银行系统性风险网络传染及防范研究.pdf""]",0,[]
1601,1,"[""C:\\Users\\Ethan\\CoreFiles\\ProjectsFile\\AcademicResearch-auto-workflow\\workspace\\references\\attachments\\原上海银行副行长王世豪_中国要积极实施稳增长防风险之策.pdf""]",0,[]
1602,1,"[""C:\\Users\\Ethan\\CoreFiles\\ProjectsFile\\AcademicResearch-auto-workflow\\workspace\\references\\attachments\\基于文本的商业银行业务关联度及对系统性风险预测的分析.pdf""]",0,[]
1603,1,"[""C:\\Users\\Ethan\\CoreFiles\\ProjectsFile\\AcademicResearch-auto-workflow\\workspace\\references\\attachments\\房地产周期波动与次贷危机的关系研究.pdf""]",0,[]
1604,1,"[""C:\\Users\\Ethan\\CoreFiles\\ProjectsFile\\AcademicResearch-auto-workflow\\workspace\\references\\attachments\\房地产经济周期波动预测与研究.pdf""]",0,[]
1605,1,"[""C:\\Users\\Ethan\\CoreFiles\\ProjectsFile\\AcademicResearch-auto-workflow\\workspace\\references\\attachments\\山东BZ市系统性金融风险防范问题研究.pdf""]",0,[]
1606,1,"[""C:\\Users\\Ethan\\CoreFiles\\ProjectsFile\\AcademicResearch-auto-workflow\\workspace\\references\\attachments\\房地产金融的经济效应与发展方向.pdf""]",0,[]
1607,1,"[""C:\\Users\\Ethan\\CoreFiles\\ProjectsFile\\AcademicResearch-auto-workflow\\workspace\\references\\attachments\\打好防范化解金融风险攻坚战问题研究_研判、推演及对策.pdf""]",0,[]
1608,1,"[""C:\\Users\\Ethan\\CoreFiles\\ProjectsFile\\AcademicResearch-auto-workflow\\workspace\\references\\attachments\\基于CCA模型的我国商业银行系统性风险度量研究.pdf""]",0,[]
1609,1,"[""C:\\Users\\Ethan\\CoreFiles\\ProjectsFile\\AcademicResearch-auto-workflow\\workspace\\references\\attachments\\浅谈发挥银行信贷对房地产业的作用.pdf""]",0,[]
1610,1,"[""C:\\Users\\Ethan\\CoreFiles\\ProjectsFile\\AcademicResearch-auto-workflow\\workspace\\references\\attachments\\住房价格波动影响因素分析与调控研究.pdf""]",0,[]
1611,1,"[""C:\\Users\\Ethan\\CoreFiles\\ProjectsFile\\AcademicResearch-auto-workflow\\workspace\\references\\attachments\\我国房地产市场风险对宏观经济的影响研究.pdf""]",0,[]
1612,1,"[""C:\\Users\\Ethan\\CoreFiles\\ProjectsFile\\AcademicResearch-auto-workflow\\workspace\\references\\attachments\\中国金融系统性风险_主要来源、防范路径与潜在影响.pdf""]",0,[]
1613,1,"[""C:\\Users\\Ethan\\CoreFiles\\ProjectsFile\\AcademicResearch-auto-workflow\\workspace\\references\\attachments\\认真学习贯彻十六届三中全会精神  努力做好新形势下的中央银行工作.pdf""]",0,[]
1614,1,"[""C:\\Users\\Ethan\\CoreFiles\\ProjectsFile\\AcademicResearch-auto-workflow\\workspace\\references\\attachments\\风险与进路：我国影子银行监管问题研究.pdf""]",0,[]
1615,1,"[""C:\\Users\\Ethan\\CoreFiles\\ProjectsFile\\AcademicResearch-auto-workflow\\workspace\\references\\attachments\\多重约束下货币政策传导机制研究.pdf""]",0,[]
1616,1,"[""C:\\Users\\Ethan\\CoreFiles\\ProjectsFile\\AcademicResearch-auto-workflow\\workspace\\references\\attachments\\我国系统性金融风险的测度与传导机制研究.pdf""]",0,[]
1617,1,"[""C:\\Users\\Ethan\\CoreFiles\\ProjectsFile\\AcademicResearch-auto-workflow\\workspace\\references\\attachments\\中国房地产业对资本市场系统性风险的贡献度研究.pdf""]",0,[]
1618,1,"[""C:\\Users\\Ethan\\CoreFiles\\ProjectsFile\\AcademicResearch-auto-workflow\\workspace\\references\\attachments\\房地产价格波动模型及实证研究.pdf""]",0,[]
1619,1,"[""C:\\Users\\Ethan\\CoreFiles\\ProjectsFile\\AcademicResearch-auto-workflow\\workspace\\references\\attachments\\银行信贷冲击与房地产价格波动_1999—2014——基于我国一、二线城市面板数据分析.pdf""]",0,[]
1620,1,"[""C:\\Users\\Ethan\\CoreFiles\\ProjectsFile\\AcademicResearch-auto-workflow\\workspace\\references\\attachments\\中国银行跨境系统性风险溢入测度及演化成因分析.pdf""]",0,[]
1621,1,"[""C:\\Users\\Ethan\\CoreFiles\\ProjectsFile\\AcademicResearch-auto-workflow\\workspace\\references\\attachments\\银行业系统性风险聚积.pdf""]",0,[]
1622,1,"[""C:\\Users\\Ethan\\CoreFiles\\ProjectsFile\\AcademicResearch-auto-workflow\\workspace\\references\\attachments\\人口因素对中国房地产行业波动的影响及预测分析.pdf""]",0,[]
1623,1,"[""C:\\Users\\Ethan\\CoreFiles\\ProjectsFile\\AcademicResearch-auto-workflow\\workspace\\references\\attachments\\我国部分城市住宅市场周期波动区域差异的实证分析.pdf""]",0,[]
1624,1,"[""C:\\Users\\Ethan\\CoreFiles\\ProjectsFile\\AcademicResearch-auto-workflow\\workspace\\references\\attachments\\汇率波动加剧了商业银行系统性风险吗_——基于央行外汇干预的调节效应分析.pdf""]",0,[]
1625,1,"[""C:\\Users\\Ethan\\CoreFiles\\ProjectsFile\\AcademicResearch-auto-workflow\\workspace\\references\\attachments\\东盟六国银行系统性金融风险研究.pdf""]",0,[]
1626,1,"[""C:\\Users\\Ethan\\CoreFiles\\ProjectsFile\\AcademicResearch-auto-workflow\\workspace\\references\\attachments\\“长安3号”信托产品违约案例研究.pdf""]",0,[]
1627,1,"[""C:\\Users\\Ethan\\CoreFiles\\ProjectsFile\\AcademicResearch-auto-workflow\\workspace\\references\\attachments\\ESG表现对中国商业银行系统性风险的影响研究.pdf""]",0,[]
1628,1,"[""C:\\Users\\Ethan\\CoreFiles\\ProjectsFile\\AcademicResearch-auto-workflow\\workspace\\references\\attachments\\数字金融会影响银行系统性风险吗_——基于中国上市银行的证据.pdf""]",0,[]
1629,1,"[""C:\\Users\\Ethan\\CoreFiles\\ProjectsFile\\AcademicResearch-auto-workflow\\workspace\\references\\attachments\\我国城市住房价格的区域差异及影响因素研究.pdf""]",0,[]
1630,1,"[""C:\\Users\\Ethan\\CoreFiles\\ProjectsFile\\AcademicResearch-auto-workflow\\workspace\\references\\attachments\\从经济学理论谈房地产周期波动的成因.pdf""]",0,[]
1631,1,"[""C:\\Users\\Ethan\\CoreFiles\\ProjectsFile\\AcademicResearch-auto-workflow\\workspace\\references\\attachments\\房地产融资将呈三足鼎立之势.pdf""]",0,[]
1632,1,"[""C:\\Users\\Ethan\\CoreFiles\\ProjectsFile\\AcademicResearch-auto-workflow\\workspace\\references\\attachments\\非利息收入对商业银行系统性风险贡献度的影响——基于中国上市银行的经验证据.pdf""]",0,[]
1633,1,"[""C:\\Users\\Ethan\\CoreFiles\\ProjectsFile\\AcademicResearch-auto-workflow\\workspace\\references\\attachments\\上海房地产周期波动分析.pdf""]",0,[]
1634,1,"[""C:\\Users\\Ethan\\CoreFiles\\ProjectsFile\\AcademicResearch-auto-workflow\\workspace\\references\\attachments\\房地产价格波动与商业银行流动性的相关性分析.pdf""]",0,[]
1635,1,"[""C:\\Users\\Ethan\\CoreFiles\\ProjectsFile\\AcademicResearch-auto-workflow\\workspace\\references\\attachments\\利率市场化、净利差变动与商业银行风险承担.pdf""]",0,[]
1636,1,"[""C:\\Users\\Ethan\\CoreFiles\\ProjectsFile\\AcademicResearch-auto-workflow\\workspace\\references\\attachments\\利率调整对房地产行业的影响.pdf""]",0,[]
1637,1,"[""C:\\Users\\Ethan\\CoreFiles\\ProjectsFile\\AcademicResearch-auto-workflow\\workspace\\references\\attachments\\基于空间面板数据的工业企业投资房地产影响因素研究.pdf""]",0,[]
1638,1,"[""C:\\Users\\Ethan\\CoreFiles\\ProjectsFile\\AcademicResearch-auto-workflow\\workspace\\references\\attachments\\我国房地产业对银行业的风险溢出效应研究——基于GARCH-CoVaR模型.pdf""]",0,[]
1639,0,[],0,[]
1640,1,"[""C:\\Users\\Ethan\\CoreFiles\\ProjectsFile\\AcademicResearch-auto-workflow\\workspace\\references\\attachments\\浅析调控政策下房地产对金融业的影响及对策.pdf""]",0,[]
1641,1,"[""C:\\Users\\Ethan\\CoreFiles\\ProjectsFile\\AcademicResearch-auto-workflow\\workspace\\references\\attachments\\经济波动、网络演化与银行系统性风险.pdf""]",0,[]
1642,1,"[""C:\\Users\\Ethan\\CoreFiles\\ProjectsFile\\AcademicResearch-auto-workflow\\workspace\\references\\attachments\\我国房价与人民币实际有效汇率关联性研究——基于拔靴滚动因果关系检验.pdf""]",0,[]
1643,1,"[""C:\\Users\\Ethan\\CoreFiles\\ProjectsFile\\AcademicResearch-auto-workflow\\workspace\\references\\attachments\\城镇家庭房产拥有情况对消费影响的差异性研究.pdf""]",0,[]
1644,1,"[""C:\\Users\\Ethan\\CoreFiles\\ProjectsFile\\AcademicResearch-auto-workflow\\workspace\\references\\attachments\\城市化背景下房价对居民收入差距影响的实证研究.pdf""]",0,[]
1645,1,"[""C:\\Users\\Ethan\\CoreFiles\\ProjectsFile\\AcademicResearch-auto-workflow\\workspace\\references\\attachments\\我国房地产价格波动影响因素研究.pdf""]",0,[]
1646,1,"[""C:\\Users\\Ethan\\CoreFiles\\ProjectsFile\\AcademicResearch-auto-workflow\\workspace\\references\\attachments\\环渤海区域房地产价格波动传递机制的实证研究.pdf""]",0,[]
1647,1,"[""C:\\Users\\Ethan\\CoreFiles\\ProjectsFile\\AcademicResearch-auto-workflow\\workspace\\references\\attachments\\关于当前经济形势与金融改革的几点看法.pdf""]",0,[]
1648,1,"[""C:\\Users\\Ethan\\CoreFiles\\ProjectsFile\\AcademicResearch-auto-workflow\\workspace\\references\\attachments\\B房地产公司发展战略研究.pdf""]",0,[]
1649,1,"[""C:\\Users\\Ethan\\CoreFiles\\ProjectsFile\\AcademicResearch-auto-workflow\\workspace\\references\\attachments\\房地产价格波动与宏观经济指标关系的实证研究.pdf""]",0,[]
1650,1,"[""C:\\Users\\Ethan\\CoreFiles\\ProjectsFile\\AcademicResearch-auto-workflow\\workspace\\references\\attachments\\汇率波动影响房价的作用机制和实证研究.pdf""]",0,[]
1651,1,"[""C:\\Users\\Ethan\\CoreFiles\\ProjectsFile\\AcademicResearch-auto-workflow\\workspace\\references\\attachments\\中国房价波动特征及政策调控效应研究.pdf""]",0,[]
1652,1,"[""C:\\Users\\Ethan\\CoreFiles\\ProjectsFile\\AcademicResearch-auto-workflow\\workspace\\references\\attachments\\不良资产引发系统性风险的计算实验分析与政策模拟.pdf""]",0,[]
1653,1,"[""C:\\Users\\Ethan\\CoreFiles\\ProjectsFile\\AcademicResearch-auto-workflow\\workspace\\references\\attachments\\房价波动对房地产企业偿债能力的影响.pdf""]",0,[]
1654,1,"[""C:\\Users\\Ethan\\CoreFiles\\ProjectsFile\\AcademicResearch-auto-workflow\\workspace\\references\\attachments\\CA银行C房地产开发项目贷款风险管理研究.pdf""]",0,[]
1655,1,"[""C:\\Users\\Ethan\\CoreFiles\\ProjectsFile\\AcademicResearch-auto-workflow\\workspace\\references\\attachments\\影子银行、地方政府债务与系统性金融风险间的动态关联性及非对称性传导.pdf""]",0,[]
1656,1,"[""C:\\Users\\Ethan\\CoreFiles\\ProjectsFile\\AcademicResearch-auto-workflow\\workspace\\references\\attachments\\商业银行在极端风险情况下尾部风险传染机制的分析—基于2018至2023年中国31家上市银行的收益率数据.pdf""]",0,[]
1657,1,"[""C:\\Users\\Ethan\\CoreFiles\\ProjectsFile\\AcademicResearch-auto-workflow\\workspace\\references\\attachments\\房地产企业应对市场波动的财务策略.pdf""]",0,[]
1658,1,"[""C:\\Users\\Ethan\\CoreFiles\\ProjectsFile\\AcademicResearch-auto-workflow\\workspace\\references\\attachments\\基于GARCH-Copula-CoVar方法的我国银行系统性风险的度量研究.pdf""]",0,[]
1659,1,"[""C:\\Users\\Ethan\\CoreFiles\\ProjectsFile\\AcademicResearch-auto-workflow\\workspace\\references\\attachments\\我国房地产与宏观经济关系的研究.pdf""]",0,[]
1660,1,"[""C:\\Users\\Ethan\\CoreFiles\\ProjectsFile\\AcademicResearch-auto-workflow\\workspace\\references\\attachments\\问题银行早期介入机制法律问题研究.pdf""]",0,[]
1661,1,"[""C:\\Users\\Ethan\\CoreFiles\\ProjectsFile\\AcademicResearch-auto-workflow\\workspace\\references\\attachments\\网络结构与银行系统性风险.pdf""]",0,[]
1662,1,"[""C:\\Users\\Ethan\\CoreFiles\\ProjectsFile\\AcademicResearch-auto-workflow\\workspace\\references\\attachments\\房地产政策不确定性视角下住房价值波动与居民主观福祉——基于中国家庭金融调查数据的实证研究.pdf""]",0,[]
1663,1,"[""C:\\Users\\Ethan\\CoreFiles\\ProjectsFile\\AcademicResearch-auto-workflow\\workspace\\references\\attachments\\北京市房地产周期浅析.pdf""]",0,[]
1664,1,"[""C:\\Users\\Ethan\\CoreFiles\\ProjectsFile\\AcademicResearch-auto-workflow\\workspace\\references\\attachments\\房地产价格波动对通货膨胀的影响分析.pdf""]",0,[]
1665,1,"[""C:\\Users\\Ethan\\CoreFiles\\ProjectsFile\\AcademicResearch-auto-workflow\\workspace\\references\\attachments\\关于房地产周期波动的比较研究——深圳—中国.pdf""]",0,[]
1666,1,"[""C:\\Users\\Ethan\\CoreFiles\\ProjectsFile\\AcademicResearch-auto-workflow\\workspace\\references\\attachments\\房地产泡沫经济与经济增长波动.pdf""]",0,[]
1667,1,"[""C:\\Users\\Ethan\\CoreFiles\\ProjectsFile\\AcademicResearch-auto-workflow\\workspace\\references\\attachments\\基于噪声交易预期的房地产价格波动特性分析——以海口市房地产市场为例.pdf""]",0,[]
1668,1,"[""C:\\Users\\Ethan\\CoreFiles\\ProjectsFile\\AcademicResearch-auto-workflow\\workspace\\references\\attachments\\信贷资产证券化对我国商业银行流动性风险的影响分析.pdf""]",0,[]
1669,1,"[""C:\\Users\\Ethan\\CoreFiles\\ProjectsFile\\AcademicResearch-auto-workflow\\workspace\\references\\attachments\\资管新规对银行理财产品市场系统性风险的影响研究.pdf""]",0,[]
1670,1,"[""C:\\Users\\Ethan\\CoreFiles\\ProjectsFile\\AcademicResearch-auto-workflow\\workspace\\references\\attachments\\碳减排政策、银行系统性金融风险与“双支柱”调控.pdf""]",0,[]
1671,1,"[""C:\\Users\\Ethan\\CoreFiles\\ProjectsFile\\AcademicResearch-auto-workflow\\workspace\\references\\attachments\\银行清算机制的债务结构优化与系统性风险缓释.pdf""]",0,[]
1672,1,"[""C:\\Users\\Ethan\\CoreFiles\\ProjectsFile\\AcademicResearch-auto-workflow\\workspace\\references\\attachments\\银行业系统性风险研究.pdf""]",0,[]
1673,1,"[""C:\\Users\\Ethan\\CoreFiles\\ProjectsFile\\AcademicResearch-auto-workflow\\workspace\\references\\attachments\\要更加注重防范系统性金融风险——访全国人大代表、人民银行南京分行行长周学东.pdf""]",0,[]
1674,1,"[""C:\\Users\\Ethan\\CoreFiles\\ProjectsFile\\AcademicResearch-auto-workflow\\workspace\\references\\attachments\\人民银行如何防范化解系统性金融风险应对全球性金融危机.pdf""]",0,[]
1675,1,"[""C:\\Users\\Ethan\\CoreFiles\\ProjectsFile\\AcademicResearch-auto-workflow\\workspace\\references\\attachments\\房地产业风险及其对银行业溢出效应研究.pdf""]",0,[]
1676,1,"[""C:\\Users\\Ethan\\CoreFiles\\ProjectsFile\\AcademicResearch-auto-workflow\\workspace\\references\\attachments\\“人民金融最根本的价值追求是聚焦人民关切”.pdf""]",0,[]
1677,1,"[""C:\\Users\\Ethan\\CoreFiles\\ProjectsFile\\AcademicResearch-auto-workflow\\workspace\\references\\attachments\\我国房地产市场风险对宏观经济及金融机构的影响研究.pdf""]",0,[]
1678,1,"[""C:\\Users\\Ethan\\CoreFiles\\ProjectsFile\\AcademicResearch-auto-workflow\\workspace\\references\\attachments\\商业银行资金流向与银行系统性风险的动态分析.pdf""]",0,[]
1679,0,[],0,[]
1680,1,"[""C:\\Users\\Ethan\\CoreFiles\\ProjectsFile\\AcademicResearch-auto-workflow\\workspace\\references\\attachments\\美国《多德·弗兰克法案》及其对我国金融审计制度创新的启示.pdf""]",0,[]
1681,1,"[""C:\\Users\\Ethan\\CoreFiles\\ProjectsFile\\AcademicResearch-auto-workflow\\workspace\\references\\attachments\\房地产价格波动影响因素的实证研究——基于广州市的VAR模型.pdf""]",0,[]
1682,1,"[""C:\\Users\\Ethan\\CoreFiles\\ProjectsFile\\AcademicResearch-auto-workflow\\workspace\\references\\attachments\\我国省际房价波动的财政效应研究.pdf""]",0,[]
1683,1,"[""C:\\Users\\Ethan\\CoreFiles\\ProjectsFile\\AcademicResearch-auto-workflow\\workspace\\references\\attachments\\欧元区银行部门系统性风险测度及管理研究.pdf""]",0,[]
1684,1,"[""C:\\Users\\Ethan\\CoreFiles\\ProjectsFile\\AcademicResearch-auto-workflow\\workspace\\references\\attachments\\房价冲击如何生成系统性金融风险.pdf""]",0,[]
1685,1,"[""C:\\Users\\Ethan\\CoreFiles\\ProjectsFile\\AcademicResearch-auto-workflow\\workspace\\references\\attachments\\银行系统性风险及其测度研究综述.pdf""]",0,[]
1686,1,"[""C:\\Users\\Ethan\\CoreFiles\\ProjectsFile\\AcademicResearch-auto-workflow\\workspace\\references\\attachments\\保险业在房地产融资中的作用.pdf""]",0,[]
1687,1,"[""C:\\Users\\Ethan\\CoreFiles\\ProjectsFile\\AcademicResearch-auto-workflow\\workspace\\references\\attachments\\影子银行风险传染机理及测度研究.pdf""]",0,[]
1688,1,"[""C:\\Users\\Ethan\\CoreFiles\\ProjectsFile\\AcademicResearch-auto-workflow\\workspace\\references\\attachments\\中国影子银行面临着巨大系统性风险.pdf""]",0,[]
1689,1,"[""C:\\Users\\Ethan\\CoreFiles\\ProjectsFile\\AcademicResearch-auto-workflow\\workspace\\references\\attachments\\房地产价格的波动对居民消费的传导渠道.pdf""]",0,[]
1690,1,"[""C:\\Users\\Ethan\\CoreFiles\\ProjectsFile\\AcademicResearch-auto-workflow\\workspace\\references\\attachments\\当前商业银行房地产贷款风险管理的困境及其策略.pdf""]",0,[]
1691,1,"[""C:\\Users\\Ethan\\CoreFiles\\ProjectsFile\\AcademicResearch-auto-workflow\\workspace\\references\\attachments\\我国住宅价格波动与效应研究.pdf""]",0,[]
1692,1,"[""C:\\Users\\Ethan\\CoreFiles\\ProjectsFile\\AcademicResearch-auto-workflow\\workspace\\references\\attachments\\我国商业银行系统性金融风险评估与防范研究.pdf""]",0,[]
1693,1,"[""C:\\Users\\Ethan\\CoreFiles\\ProjectsFile\\AcademicResearch-auto-workflow\\workspace\\references\\attachments\\房地产泡沫化对银行体系的影响.pdf""]",0,[]
1694,1,"[""C:\\Users\\Ethan\\CoreFiles\\ProjectsFile\\AcademicResearch-auto-workflow\\workspace\\references\\attachments\\一二线城市房地产价格波动之货币政策解释.pdf""]",0,[]
1695,1,"[""C:\\Users\\Ethan\\CoreFiles\\ProjectsFile\\AcademicResearch-auto-workflow\\workspace\\references\\attachments\\浅论我国非标金融产品业务及政策建议.pdf""]",0,[]
1696,1,"[""C:\\Users\\Ethan\\CoreFiles\\ProjectsFile\\AcademicResearch-auto-workflow\\workspace\\references\\attachments\\浅论房地产经济周期问题.pdf""]",0,[]
1697,1,"[""C:\\Users\\Ethan\\CoreFiles\\ProjectsFile\\AcademicResearch-auto-workflow\\workspace\\references\\attachments\\浅析宏观调控政策对我国房地产周期波动的影响.pdf""]",0,[]
1698,1,"[""C:\\Users\\Ethan\\CoreFiles\\ProjectsFile\\AcademicResearch-auto-workflow\\workspace\\references\\attachments\\表内外杠杆对商业银行稳定性的影响研究.pdf""]",0,[]
1699,1,"[""C:\\Users\\Ethan\\CoreFiles\\ProjectsFile\\AcademicResearch-auto-workflow\\workspace\\references\\attachments\\韩国金融监管体系研究.pdf""]",0,[]
1700,1,"[""C:\\Users\\Ethan\\CoreFiles\\ProjectsFile\\AcademicResearch-auto-workflow\\workspace\\references\\attachments\\硅谷银行破产预示系统性金融风险.pdf""]",0,[]
1701,1,"[""C:\\Users\\Ethan\\CoreFiles\\ProjectsFile\\AcademicResearch-auto-workflow\\workspace\\references\\attachments\\收入分配差距与银行信用风险累积——基于企业部门杠杆的视角.pdf""]",0,[]
1702,1,"[""C:\\Users\\Ethan\\CoreFiles\\ProjectsFile\\AcademicResearch-auto-workflow\\workspace\\references\\attachments\\基于复杂网络的银行系统性风险评估及影响因素研究.pdf""]",0,[]
1703,1,"[""C:\\Users\\Ethan\\CoreFiles\\ProjectsFile\\AcademicResearch-auto-workflow\\workspace\\references\\attachments\\商业银行房地产开发信贷风险的影响因素研究.pdf""]",0,[]
1704,1,"[""C:\\Users\\Ethan\\CoreFiles\\ProjectsFile\\AcademicResearch-auto-workflow\\workspace\\references\\attachments\\投资性房地产对商业银行的影响及对策研究.pdf""]",0,[]
1705,1,"[""C:\\Users\\Ethan\\CoreFiles\\ProjectsFile\\AcademicResearch-auto-workflow\\workspace\\references\\attachments\\房贷利率改革对我国房地产经济波动的溢出效应分析.pdf""]",0,[]
1706,1,"[""C:\\Users\\Ethan\\CoreFiles\\ProjectsFile\\AcademicResearch-auto-workflow\\workspace\\references\\attachments\\我国银行业系统性风险度量.pdf""]",0,[]
1707,1,"[""C:\\Users\\Ethan\\CoreFiles\\ProjectsFile\\AcademicResearch-auto-workflow\\workspace\\references\\attachments\\我国银行信贷增长对房地产价格波动影响的实证研究.pdf""]",0,[]
1708,1,"[""C:\\Users\\Ethan\\CoreFiles\\ProjectsFile\\AcademicResearch-auto-workflow\\workspace\\references\\attachments\\基于网络视角的资产系统性风险测度.pdf""]",0,[]
1709,1,"[""C:\\Users\\Ethan\\CoreFiles\\ProjectsFile\\AcademicResearch-auto-workflow\\workspace\\references\\attachments\\“双支柱”政策对我国银行系统性风险的影响.pdf""]",0,[]
1710,1,"[""C:\\Users\\Ethan\\CoreFiles\\ProjectsFile\\AcademicResearch-auto-workflow\\workspace\\references\\attachments\\中国商业银行系统性风险溢出研究.pdf""]",0,[]
1711,1,"[""C:\\Users\\Ethan\\CoreFiles\\ProjectsFile\\AcademicResearch-auto-workflow\\workspace\\references\\attachments\\预期、地价与住房价格波动的关联性研究——机理分析与实证检验.pdf""]",0,[]
1712,1,"[""C:\\Users\\Ethan\\CoreFiles\\ProjectsFile\\AcademicResearch-auto-workflow\\workspace\\references\\attachments\\住房抵押贷款证券化对银行利率风险的影响.pdf""]",0,[]
1713,1,"[""C:\\Users\\Ethan\\CoreFiles\\ProjectsFile\\AcademicResearch-auto-workflow\\workspace\\references\\attachments\\商业银行系统重要性及贷款结构对其影响的研究.pdf""]",0,[]
1714,0,[],0,[]
1715,1,"[""C:\\Users\\Ethan\\CoreFiles\\ProjectsFile\\AcademicResearch-auto-workflow\\workspace\\references\\attachments\\我国影子银行监管法律制度的反思及重构——美国的经验及其借鉴.pdf""]",0,[]
1716,1,"[""C:\\Users\\Ethan\\CoreFiles\\ProjectsFile\\AcademicResearch-auto-workflow\\workspace\\references\\attachments\\房地产价格波动对区域金融稳定的影响机制研究.pdf""]",0,[]
1717,1,"[""C:\\Users\\Ethan\\CoreFiles\\ProjectsFile\\AcademicResearch-auto-workflow\\workspace\\references\\attachments\\短期跨境资本流动对银行系统性风险的影响研究.pdf""]",0,[]
1718,1,"[""C:\\Users\\Ethan\\CoreFiles\\ProjectsFile\\AcademicResearch-auto-workflow\\workspace\\references\\attachments\\杠杆率监管能有效降低银行体系系统性风险吗？——基于内生性网络模型的模拟分析.pdf""]",0,[]
1719,1,"[""C:\\Users\\Ethan\\CoreFiles\\ProjectsFile\\AcademicResearch-auto-workflow\\workspace\\references\\attachments\\房地产价格、经济杠杆与金融系统性风险.pdf""]",0,[]
1720,1,"[""C:\\Users\\Ethan\\CoreFiles\\ProjectsFile\\AcademicResearch-auto-workflow\\workspace\\references\\attachments\\汇率、汇率衍生产品与银行业风险.pdf""]",0,[]
1721,1,"[""C:\\Users\\Ethan\\CoreFiles\\ProjectsFile\\AcademicResearch-auto-workflow\\workspace\\references\\attachments\\中国上市商业银行关联性及风险溢出效应研究.pdf""]",0,[]
1722,1,"[""C:\\Users\\Ethan\\CoreFiles\\ProjectsFile\\AcademicResearch-auto-workflow\\workspace\\references\\attachments\\金融系统性风险与银行监管.pdf""]",0,[]
1723,1,"[""C:\\Users\\Ethan\\CoreFiles\\ProjectsFile\\AcademicResearch-auto-workflow\\workspace\\references\\attachments\\我国房地产价格波动对我国银行信贷风险的影响——基于动态面板模型GMM的分析.pdf""]",0,[]
1724,1,"[""C:\\Users\\Ethan\\CoreFiles\\ProjectsFile\\AcademicResearch-auto-workflow\\workspace\\references\\attachments\\区域房地产价格波动的数学模型构建与应用.pdf""]",0,[]
1725,1,"[""C:\\Users\\Ethan\\CoreFiles\\ProjectsFile\\AcademicResearch-auto-workflow\\workspace\\references\\attachments\\中国房地产价格波动与货币政策分析——基于贝叶斯估计的动态随机一般均衡模型.pdf""]",0,[]
1726,1,"[""C:\\Users\\Ethan\\CoreFiles\\ProjectsFile\\AcademicResearch-auto-workflow\\workspace\\references\\attachments\\银行系统性金融风险的测度与预警研究.pdf""]",0,[]
1727,1,"[""C:\\Users\\Ethan\\CoreFiles\\ProjectsFile\\AcademicResearch-auto-workflow\\workspace\\references\\attachments\\房地产价格波动对地方财政收入的效应研究——基于京、津、沪、渝四个直辖市面板数据的实证分析.pdf""]",0,[]
1728,1,"[""C:\\Users\\Ethan\\CoreFiles\\ProjectsFile\\AcademicResearch-auto-workflow\\workspace\\references\\attachments\\中国城市住房价格变化的影响因素分析——基于31个城市面板数据的实证研究.pdf""]",0,[]
1729,1,"[""C:\\Users\\Ethan\\CoreFiles\\ProjectsFile\\AcademicResearch-auto-workflow\\workspace\\references\\attachments\\深化金融体制改革和守住不发生系统性风险底线研究——以商业银行体制改革为例.pdf""]",0,[]
1730,1,"[""C:\\Users\\Ethan\\CoreFiles\\ProjectsFile\\AcademicResearch-auto-workflow\\workspace\\references\\attachments\\银行投资组合多元化与系统性风险的关系研究.pdf""]",0,[]
1731,0,[],0,[]
1732,1,"[""C:\\Users\\Ethan\\CoreFiles\\ProjectsFile\\AcademicResearch-auto-workflow\\workspace\\references\\attachments\\内江市住宅房地产市场的现状、问题及对策研究.pdf""]",0,[]
1733,1,"[""C:\\Users\\Ethan\\CoreFiles\\ProjectsFile\\AcademicResearch-auto-workflow\\workspace\\references\\attachments\\房价变动的影响因素研究_一个文献综述.pdf""]",0,[]
1734,1,"[""C:\\Users\\Ethan\\CoreFiles\\ProjectsFile\\AcademicResearch-auto-workflow\\workspace\\references\\attachments\\媒体报道对商业银行非系统性风险管理的影响研究.pdf""]",0,[]
1735,1,"[""C:\\Users\\Ethan\\CoreFiles\\ProjectsFile\\AcademicResearch-auto-workflow\\workspace\\references\\attachments\\我国影子银行监管研究.pdf""]",0,[]
1736,1,"[""C:\\Users\\Ethan\\CoreFiles\\ProjectsFile\\AcademicResearch-auto-workflow\\workspace\\references\\attachments\\互联网金融风险对我国商业银行系统性风险的溢出效应研究.pdf""]",0,[]
1737,1,"[""C:\\Users\\Ethan\\CoreFiles\\ProjectsFile\\AcademicResearch-auto-workflow\\workspace\\references\\attachments\\地方土地出让收入、财政支出与房价的关联研究.pdf""]",0,[]
1738,1,"[""C:\\Users\\Ethan\\CoreFiles\\ProjectsFile\\AcademicResearch-auto-workflow\\workspace\\references\\attachments\\碳市场价格波动对上市银行系统性风险的影响.pdf""]",0,[]
1739,1,"[""C:\\Users\\Ethan\\CoreFiles\\ProjectsFile\\AcademicResearch-auto-workflow\\workspace\\references\\attachments\\货币政策对房地产价格的影响.pdf""]",0,[]
1740,0,[],0,[]
1741,1,"[""C:\\Users\\Ethan\\CoreFiles\\ProjectsFile\\AcademicResearch-auto-workflow\\workspace\\references\\attachments\\房产税对我国房价的调控效应研究.pdf""]",0,[]
1742,1,"[""C:\\Users\\Ethan\\CoreFiles\\ProjectsFile\\AcademicResearch-auto-workflow\\workspace\\references\\attachments\\流动性视角下中国银行业系统性风险的测度.pdf""]",0,[]
1743,1,"[""C:\\Users\\Ethan\\CoreFiles\\ProjectsFile\\AcademicResearch-auto-workflow\\workspace\\references\\attachments\\基于媒体效应的房地产价格波动研究——以西安市为例.pdf""]",0,[]
1744,1,"[""C:\\Users\\Ethan\\CoreFiles\\ProjectsFile\\AcademicResearch-auto-workflow\\workspace\\references\\attachments\\我国商业银行系统性风险传染的测度研究.pdf""]",0,[]
1745,1,"[""C:\\Users\\Ethan\\CoreFiles\\ProjectsFile\\AcademicResearch-auto-workflow\\workspace\\references\\attachments\\相对利率、信贷资源挤占与房地产市场波动——基于河南省辖市面板数据的研究.pdf""]",0,[]
1746,1,"[""C:\\Users\\Ethan\\CoreFiles\\ProjectsFile\\AcademicResearch-auto-workflow\\workspace\\references\\attachments\\中国宏观审慎监管有效性检验——基于商业银行系统性风险贡献度视角.pdf""]",0,[]
1747,1,"[""C:\\Users\\Ethan\\CoreFiles\\ProjectsFile\\AcademicResearch-auto-workflow\\workspace\\references\\attachments\\确保不发生区域性系统性金融风险.pdf""]",0,[]
1748,1,"[""C:\\Users\\Ethan\\CoreFiles\\ProjectsFile\\AcademicResearch-auto-workflow\\workspace\\references\\attachments\\土地批租制下房地产资产价格波动与金融安全研究.pdf""]",0,[]
1749,1,"[""C:\\Users\\Ethan\\CoreFiles\\ProjectsFile\\AcademicResearch-auto-workflow\\workspace\\references\\attachments\\论我国转轨时期商业银行面临的系统性风险及其防范.pdf""]",0,[]
1750,1,"[""C:\\Users\\Ethan\\CoreFiles\\ProjectsFile\\AcademicResearch-auto-workflow\\workspace\\references\\attachments\\经济政策影响房地产股价波动的机制分析.pdf""]",0,[]
1751,1,"[""C:\\Users\\Ethan\\CoreFiles\\ProjectsFile\\AcademicResearch-auto-workflow\\workspace\\references\\attachments\\流动性创造与银行系统性风险.pdf""]",0,[]
1752,1,"[""C:\\Users\\Ethan\\CoreFiles\\ProjectsFile\\AcademicResearch-auto-workflow\\workspace\\references\\attachments\\中国影子银行体系与系统性风险压力指数构建.pdf""]",0,[]
1753,1,"[""C:\\Users\\Ethan\\CoreFiles\\ProjectsFile\\AcademicResearch-auto-workflow\\workspace\\references\\attachments\\金融支持对我国房地产市场量价波动影响的理论框架研究——一个修正的局部均衡模型.pdf""]",0,[]
1754,1,"[""C:\\Users\\Ethan\\CoreFiles\\ProjectsFile\\AcademicResearch-auto-workflow\\workspace\\references\\attachments\\论宏观调控中的系统性金融风险与防范.pdf""]",0,[]
1755,1,"[""C:\\Users\\Ethan\\CoreFiles\\ProjectsFile\\AcademicResearch-auto-workflow\\workspace\\references\\attachments\\房地产周期波动的经济解释及实证分析.pdf""]",0,[]
1756,1,"[""C:\\Users\\Ethan\\CoreFiles\\ProjectsFile\\AcademicResearch-auto-workflow\\workspace\\references\\attachments\\低碳经济下商业银行房地产信贷风险研究.pdf""]",0,[]
1757,1,"[""C:\\Users\\Ethan\\CoreFiles\\ProjectsFile\\AcademicResearch-auto-workflow\\workspace\\references\\attachments\\浅析京津冀地区房地产价格波动的影响因素.pdf""]",0,[]
1758,1,"[""C:\\Users\\Ethan\\CoreFiles\\ProjectsFile\\AcademicResearch-auto-workflow\\workspace\\references\\attachments\\资本账户开放背景下影子银行系统性风险及监管模式研究.pdf""]",0,[]
1759,1,"[""C:\\Users\\Ethan\\CoreFiles\\ProjectsFile\\AcademicResearch-auto-workflow\\workspace\\references\\attachments\\市场周期波动中房地产项目开发运营风险分析——以浙江省为例.pdf""]",0,[]
1760,1,"[""C:\\Users\\Ethan\\CoreFiles\\ProjectsFile\\AcademicResearch-auto-workflow\\workspace\\references\\attachments\\后危机时代的中国金融宏观审慎监管研究.pdf""]",0,[]
1761,1,"[""C:\\Users\\Ethan\\CoreFiles\\ProjectsFile\\AcademicResearch-auto-workflow\\workspace\\references\\attachments\\房地产税对房价的影响机理与实证分析.pdf""]",0,[]
1762,1,"[""C:\\Users\\Ethan\\CoreFiles\\ProjectsFile\\AcademicResearch-auto-workflow\\workspace\\references\\attachments\\中国上市商业银行的系统性风险研究.pdf""]",0,[]
1763,1,"[""C:\\Users\\Ethan\\CoreFiles\\ProjectsFile\\AcademicResearch-auto-workflow\\workspace\\references\\attachments\\基于短序列房价网络的关联效应及预警研究.pdf""]",0,[]
1764,1,"[""C:\\Users\\Ethan\\CoreFiles\\ProjectsFile\\AcademicResearch-auto-workflow\\workspace\\references\\attachments\\影子银行的第三类风险.pdf""]",0,[]
1765,1,"[""C:\\Users\\Ethan\\CoreFiles\\ProjectsFile\\AcademicResearch-auto-workflow\\workspace\\references\\attachments\\房地产价格波动对企业债务风险的影响及异质性分析.pdf""]",0,[]
1766,1,"[""C:\\Users\\Ethan\\CoreFiles\\ProjectsFile\\AcademicResearch-auto-workflow\\workspace\\references\\attachments\\基于Va R模型的商业银行体系系统性风险研究.pdf""]",0,[]
1767,1,"[""C:\\Users\\Ethan\\CoreFiles\\ProjectsFile\\AcademicResearch-auto-workflow\\workspace\\references\\attachments\\房地产、土地要素与宏观经济波动的文献综述——基于动态一般均衡模型(DSGE)的应用.pdf""]",0,[]
1768,1,"[""C:\\Users\\Ethan\\CoreFiles\\ProjectsFile\\AcademicResearch-auto-workflow\\workspace\\references\\attachments\\金融创新与银行系统性风险：敏感性、异质性及可接受性.pdf""]",0,[]
1769,1,"[""C:\\Users\\Ethan\\CoreFiles\\ProjectsFile\\AcademicResearch-auto-workflow\\workspace\\references\\attachments\\后金融危机时代中央银行法律地位之反思.pdf""]",0,[]
1770,1,"[""C:\\Users\\Ethan\\CoreFiles\\ProjectsFile\\AcademicResearch-auto-workflow\\workspace\\references\\attachments\\系统性风险贡献评估方法改进及在商业银行的应用.pdf""]",0,[]
1771,1,"[""C:\\Users\\Ethan\\CoreFiles\\ProjectsFile\\AcademicResearch-auto-workflow\\workspace\\references\\attachments\\杠杆率视角的商业银行系统性风险测度与分析.pdf""]",0,[]
1772,1,"[""C:\\Users\\Ethan\\CoreFiles\\ProjectsFile\\AcademicResearch-auto-workflow\\workspace\\references\\attachments\\国内外影子银行体系差异及监管对策分析.pdf""]",0,[]
1773,1,"[""C:\\Users\\Ethan\\CoreFiles\\ProjectsFile\\AcademicResearch-auto-workflow\\workspace\\references\\attachments\\银行业地理复杂性对系统性风险影响实证研究.pdf""]",0,[]
1774,1,"[""C:\\Users\\Ethan\\CoreFiles\\ProjectsFile\\AcademicResearch-auto-workflow\\workspace\\references\\attachments\\中国宏观审慎监管预警指标选取及模型构建——基于对国外指标的比较和实证检验.pdf""]",0,[]
1775,1,"[""C:\\Users\\Ethan\\CoreFiles\\ProjectsFile\\AcademicResearch-auto-workflow\\workspace\\references\\attachments\\房地产新政对银行信贷业务的影响分析.pdf""]",0,[]
1776,1,"[""C:\\Users\\Ethan\\CoreFiles\\ProjectsFile\\AcademicResearch-auto-workflow\\workspace\\references\\attachments\\我国房地产价格波动影响因素的研究.pdf""]",0,[]
1777,1,"[""C:\\Users\\Ethan\\CoreFiles\\ProjectsFile\\AcademicResearch-auto-workflow\\workspace\\references\\attachments\\房地产市场价格波动的成因与对策.pdf""]",0,[]
1778,1,"[""C:\\Users\\Ethan\\CoreFiles\\ProjectsFile\\AcademicResearch-auto-workflow\\workspace\\references\\attachments\\基于共同风险因素的我国上市银行系统性风险分析.pdf""]",0,[]
1779,1,"[""C:\\Users\\Ethan\\CoreFiles\\ProjectsFile\\AcademicResearch-auto-workflow\\workspace\\references\\attachments\\基于复杂网络理论的银行系统性风险研究评述.pdf""]",0,[]
1780,1,"[""C:\\Users\\Ethan\\CoreFiles\\ProjectsFile\\AcademicResearch-auto-workflow\\workspace\\references\\attachments\\影子银行对系统性金融风险的影响及防范.pdf""]",0,[]
1781,1,"[""C:\\Users\\Ethan\\CoreFiles\\ProjectsFile\\AcademicResearch-auto-workflow\\workspace\\references\\attachments\\房地产价格波动的微观传导效应研究——基于融资约束的视角.pdf""]",0,[]
1782,1,"[""C:\\Users\\Ethan\\CoreFiles\\ProjectsFile\\AcademicResearch-auto-workflow\\workspace\\references\\attachments\\房地产价格波动_投资效应、财富效应与通货膨胀效应.pdf""]",0,[]
1783,0,[],0,[]
1784,1,"[""C:\\Users\\Ethan\\CoreFiles\\ProjectsFile\\AcademicResearch-auto-workflow\\workspace\\references\\attachments\\商业银行资本监管与金融风险传递.pdf""]",0,[]
1785,1,"[""C:\\Users\\Ethan\\CoreFiles\\ProjectsFile\\AcademicResearch-auto-workflow\\workspace\\references\\attachments\\房地产价格与宏观经济互动关系实证研究——基于我国31个省份面板数据分析.pdf""]",0,[]
1786,1,"[""C:\\Users\\Ethan\\CoreFiles\\ProjectsFile\\AcademicResearch-auto-workflow\\workspace\\references\\attachments\\复杂银行网络系统的传染性风险研究.pdf""]",0,[]
1787,1,"[""C:\\Users\\Ethan\\CoreFiles\\ProjectsFile\\AcademicResearch-auto-workflow\\workspace\\references\\attachments\\全球银行尾部风险溢出网络的统计分析.pdf""]",0,[]
1788,1,"[""C:\\Users\\Ethan\\CoreFiles\\ProjectsFile\\AcademicResearch-auto-workflow\\workspace\\references\\attachments\\人口流出型城市房价影响因素研究.pdf""]",0,[]
1789,1,"[""C:\\Users\\Ethan\\CoreFiles\\ProjectsFile\\AcademicResearch-auto-workflow\\workspace\\references\\attachments\\信贷市场与房价波动——基于省级数据的实证研究.pdf""]",0,[]
1790,1,"[""C:\\Users\\Ethan\\CoreFiles\\ProjectsFile\\AcademicResearch-auto-workflow\\workspace\\references\\attachments\\基于MS-VAR模型的我国房地产市场波动对金融稳定的影响研究.pdf""]",0,[]
1791,1,"[""C:\\Users\\Ethan\\CoreFiles\\ProjectsFile\\AcademicResearch-auto-workflow\\workspace\\references\\attachments\\房地产市场价格波动对居民消费的影响.pdf""]",0,[]
1792,1,"[""C:\\Users\\Ethan\\CoreFiles\\ProjectsFile\\AcademicResearch-auto-workflow\\workspace\\references\\attachments\\房地产经济波动与金融风险防范对策研究.pdf""]",0,[]
1793,1,"[""C:\\Users\\Ethan\\CoreFiles\\ProjectsFile\\AcademicResearch-auto-workflow\\workspace\\references\\attachments\\金融政策对房价波动的加速器效应研究.pdf""]",0,[]
1794,0,[],0,[]
1795,1,"[""C:\\Users\\Ethan\\CoreFiles\\ProjectsFile\\AcademicResearch-auto-workflow\\workspace\\references\\attachments\\房地产公共政策对昆明市房价调控效果研究.pdf""]",0,[]
1796,1,"[""C:\\Users\\Ethan\\CoreFiles\\ProjectsFile\\AcademicResearch-auto-workflow\\workspace\\references\\attachments\\从全国金融工作会议看金融发展新动向.pdf""]",0,[]
1797,1,"[""C:\\Users\\Ethan\\CoreFiles\\ProjectsFile\\AcademicResearch-auto-workflow\\workspace\\references\\attachments\\基于因子分析的我国房地产业信用风险的实证研究.pdf""]",0,[]
1798,1,"[""C:\\Users\\Ethan\\CoreFiles\\ProjectsFile\\AcademicResearch-auto-workflow\\workspace\\references\\attachments\\房地产价格波动与区域金融稳定.pdf""]",0,[]
1799,1,"[""C:\\Users\\Ethan\\CoreFiles\\ProjectsFile\\AcademicResearch-auto-workflow\\workspace\\references\\attachments\\房地产信贷潜在的系统性风险分析.pdf""]",0,[]
1800,1,"[""C:\\Users\\Ethan\\CoreFiles\\ProjectsFile\\AcademicResearch-auto-workflow\\workspace\\references\\attachments\\基于动态因子Copula模型的我国银行系统性风险度量.pdf""]",0,[]
1801,1,"[""C:\\Users\\Ethan\\CoreFiles\\ProjectsFile\\AcademicResearch-auto-workflow\\workspace\\references\\attachments\\浅议新政策下银行房贷风险导向及对策.pdf""]",0,[]
1802,1,"[""C:\\Users\\Ethan\\CoreFiles\\ProjectsFile\\AcademicResearch-auto-workflow\\workspace\\references\\attachments\\基于社交媒体的房地产市场舆情研究.pdf""]",0,[]
1803,1,"[""C:\\Users\\Ethan\\CoreFiles\\ProjectsFile\\AcademicResearch-auto-workflow\\workspace\\references\\attachments\\房地产周期、居民杠杆与货币政策空间.pdf""]",0,[]
1804,1,"[""C:\\Users\\Ethan\\CoreFiles\\ProjectsFile\\AcademicResearch-auto-workflow\\workspace\\references\\attachments\\我国商业银行系统性风险及其非对称性溢出效应研究.pdf""]",0,[]
1805,1,"[""C:\\Users\\Ethan\\CoreFiles\\ProjectsFile\\AcademicResearch-auto-workflow\\workspace\\references\\attachments\\关于房地产价格波动经济影响因素的探讨.pdf""]",0,[]
1806,1,"[""C:\\Users\\Ethan\\CoreFiles\\ProjectsFile\\AcademicResearch-auto-workflow\\workspace\\references\\attachments\\理性预期合约、银行系统性风险与宏观审慎政策.pdf""]",0,[]
1807,1,"[""C:\\Users\\Ethan\\CoreFiles\\ProjectsFile\\AcademicResearch-auto-workflow\\workspace\\references\\attachments\\巴塞尔新资本协议与银行贷款定价——一个基于信贷市场系统性风险的模型.pdf""]",0,[]
1808,1,"[""C:\\Users\\Ethan\\CoreFiles\\ProjectsFile\\AcademicResearch-auto-workflow\\workspace\\references\\attachments\\商业银行对系统性金融风险的异质性影响——基于所有制与经营范围的双重视角.pdf""]",0,[]
1809,1,"[""C:\\Users\\Ethan\\CoreFiles\\ProjectsFile\\AcademicResearch-auto-workflow\\workspace\\references\\attachments\\房地产价格波动中直接调控政策的影响研究.pdf""]",0,[]
1810,1,"[""C:\\Users\\Ethan\\CoreFiles\\ProjectsFile\\AcademicResearch-auto-workflow\\workspace\\references\\attachments\\房地产价格与基本面关系的研究综述.pdf""]",0,[]
1811,1,"[""C:\\Users\\Ethan\\CoreFiles\\ProjectsFile\\AcademicResearch-auto-workflow\\workspace\\references\\attachments\\我国系统重要性银行监管制度研究.pdf""]",0,[]
1812,0,[],0,[]
1813,1,"[""C:\\Users\\Ethan\\CoreFiles\\ProjectsFile\\AcademicResearch-auto-workflow\\workspace\\references\\attachments\\银行信贷规模与房地产价格波动关系研究.pdf""]",0,[]
1814,1,"[""C:\\Users\\Ethan\\CoreFiles\\ProjectsFile\\AcademicResearch-auto-workflow\\workspace\\references\\attachments\\MPA视角下商业银行系统性风险测度.pdf""]",0,[]
1815,0,[],0,[]
1816,1,"[""C:\\Users\\Ethan\\CoreFiles\\ProjectsFile\\AcademicResearch-auto-workflow\\workspace\\references\\attachments\\银行异质性、系统性风险与宏观经济运行——兼论货币政策与宏观审慎政策的协调与搭配.pdf""]",0,[]
1817,1,"[""C:\\Users\\Ethan\\CoreFiles\\ProjectsFile\\AcademicResearch-auto-workflow\\workspace\\references\\attachments\\商业银行公司治理对系统性风险溢出的影响研究.pdf""]",0,[]
1818,1,"[""C:\\Users\\Ethan\\CoreFiles\\ProjectsFile\\AcademicResearch-auto-workflow\\workspace\\references\\attachments\\中国房地产市场财富效应研究——基于不同时期的实证与比较分析.pdf""]",0,[]
1819,1,"[""C:\\Users\\Ethan\\CoreFiles\\ProjectsFile\\AcademicResearch-auto-workflow\\workspace\\references\\attachments\\试论房地产经济波动的影响及对策.pdf""]",0,[]
1820,0,[],0,[]
1821,1,"[""C:\\Users\\Ethan\\CoreFiles\\ProjectsFile\\AcademicResearch-auto-workflow\\workspace\\references\\attachments\\银行高管薪酬与系统性风险——基于中国上市银行(2007-2013)的实证研究.pdf""]",0,[]
1822,1,"[""C:\\Users\\Ethan\\CoreFiles\\ProjectsFile\\AcademicResearch-auto-workflow\\workspace\\references\\attachments\\金融稳定需要完善双支柱调控模式.pdf""]",0,[]
1823,0,[],0,[]
1824,1,"[""C:\\Users\\Ethan\\CoreFiles\\ProjectsFile\\AcademicResearch-auto-workflow\\workspace\\references\\attachments\\中国信贷支持与房地产价格波动——基于SVAR模型的实证研究.pdf""]",0,[]
1825,1,"[""C:\\Users\\Ethan\\CoreFiles\\ProjectsFile\\AcademicResearch-auto-workflow\\workspace\\references\\attachments\\中国上市银行的系统性风险度量.pdf""]",0,[]
1826,1,"[""C:\\Users\\Ethan\\CoreFiles\\ProjectsFile\\AcademicResearch-auto-workflow\\workspace\\references\\attachments\\利率市场化对我国金融机构风险的影响.pdf""]",0,[]
1827,0,[],0,[]
1828,1,"[""C:\\Users\\Ethan\\CoreFiles\\ProjectsFile\\AcademicResearch-auto-workflow\\workspace\\references\\attachments\\性别比例变动对住房价格影响的实证研究.pdf""]",0,[]
1829,1,"[""C:\\Users\\Ethan\\CoreFiles\\ProjectsFile\\AcademicResearch-auto-workflow\\workspace\\references\\attachments\\非利息收入变化对中国商业银行系统性风险的影响分析.pdf""]",0,[]
1830,1,"[""C:\\Users\\Ethan\\CoreFiles\\ProjectsFile\\AcademicResearch-auto-workflow\\workspace\\references\\attachments\\居民资产价格波动的财富效应研究.pdf""]",0,[]
1831,1,"[""C:\\Users\\Ethan\\CoreFiles\\ProjectsFile\\AcademicResearch-auto-workflow\\workspace\\references\\attachments\\中国金融机构系统性风险溢出效应研究.pdf""]",0,[]
1832,1,"[""C:\\Users\\Ethan\\CoreFiles\\ProjectsFile\\AcademicResearch-auto-workflow\\workspace\\references\\attachments\\全球系统性重要银行风险研究.pdf""]",0,[]
1833,1,"[""C:\\Users\\Ethan\\CoreFiles\\ProjectsFile\\AcademicResearch-auto-workflow\\workspace\\references\\attachments\\银行系统性风险拨备研究.pdf""]",0,[]
1834,1,"[""C:\\Users\\Ethan\\CoreFiles\\ProjectsFile\\AcademicResearch-auto-workflow\\workspace\\references\\attachments\\影子银行研究综述与展望.pdf""]",0,[]
1835,1,"[""C:\\Users\\Ethan\\CoreFiles\\ProjectsFile\\AcademicResearch-auto-workflow\\workspace\\references\\attachments\\基于波动溢出网络的金融机构系统性金融风险预警研究.pdf""]",0,[]
1836,1,"[""C:\\Users\\Ethan\\CoreFiles\\ProjectsFile\\AcademicResearch-auto-workflow\\workspace\\references\\attachments\\量化金融产品和交易必须循序渐进发展.pdf""]",0,[]
1837,1,"[""C:\\Users\\Ethan\\CoreFiles\\ProjectsFile\\AcademicResearch-auto-workflow\\workspace\\references\\attachments\\系统重要性金融机构的宏观审慎监管法律问题.pdf""]",0,[]
1838,1,"[""C:\\Users\\Ethan\\CoreFiles\\ProjectsFile\\AcademicResearch-auto-workflow\\workspace\\references\\attachments\\跨境融资宏观审慎管理与商业银行系统性风险.pdf""]",0,[]
1839,1,"[""C:\\Users\\Ethan\\CoreFiles\\ProjectsFile\\AcademicResearch-auto-workflow\\workspace\\references\\attachments\\我国商业银行系统性风险溢出监管研究.pdf""]",0,[]
1840,1,"[""C:\\Users\\Ethan\\CoreFiles\\ProjectsFile\\AcademicResearch-auto-workflow\\workspace\\references\\attachments\\跨境资本周期性波动对中国银行部门的风险溢出机制分析.pdf""]",0,[]
1841,1,"[""C:\\Users\\Ethan\\CoreFiles\\ProjectsFile\\AcademicResearch-auto-workflow\\workspace\\references\\attachments\\房地产价格波动与居民消费文献综述与影响分析.pdf""]",0,[]
1842,1,"[""C:\\Users\\Ethan\\CoreFiles\\ProjectsFile\\AcademicResearch-auto-workflow\\workspace\\references\\attachments\\强监管背景下银行数字化转型对系统性金融风险的影响研究.pdf""]",0,[]
1843,1,"[""C:\\Users\\Ethan\\CoreFiles\\ProjectsFile\\AcademicResearch-auto-workflow\\workspace\\references\\attachments\\宏观审慎管理工作机制及商业银行应对策略.pdf""]",0,[]
1844,1,"[""C:\\Users\\Ethan\\CoreFiles\\ProjectsFile\\AcademicResearch-auto-workflow\\workspace\\references\\attachments\\银行系统性风险成因及度量研究综述.pdf""]",0,[]
1845,0,[],0,[]
1846,1,"[""C:\\Users\\Ethan\\CoreFiles\\ProjectsFile\\AcademicResearch-auto-workflow\\workspace\\references\\attachments\\论信贷风险控制中的制度建设.pdf""]",0,[]
1847,0,[],0,[]
1848,1,"[""C:\\Users\\Ethan\\CoreFiles\\ProjectsFile\\AcademicResearch-auto-workflow\\workspace\\references\\attachments\\住房价格上涨是否挤占居民消费——基于SVAR模型的实证研究.pdf""]",0,[]
1849,1,"[""C:\\Users\\Ethan\\CoreFiles\\ProjectsFile\\AcademicResearch-auto-workflow\\workspace\\references\\attachments\\对拉鲁什预言的思考——兼论中国金融业存在的风险隐患及防范措施.pdf""]",0,[]
1850,1,"[""C:\\Users\\Ethan\\CoreFiles\\ProjectsFile\\AcademicResearch-auto-workflow\\workspace\\references\\attachments\\我国货币政策在房地产市场的调控效应研究.pdf""]",0,[]
1851,1,"[""C:\\Users\\Ethan\\CoreFiles\\ProjectsFile\\AcademicResearch-auto-workflow\\workspace\\references\\attachments\\“双支柱”调控与银行系统性风险——基于SRISK指标的实证分析.pdf""]",0,[]
1852,1,"[""C:\\Users\\Ethan\\CoreFiles\\ProjectsFile\\AcademicResearch-auto-workflow\\workspace\\references\\attachments\\基于宏观审慎视角的银行系统性风险研究.pdf""]",0,[]
1853,1,"[""C:\\Users\\Ethan\\CoreFiles\\ProjectsFile\\AcademicResearch-auto-workflow\\workspace\\references\\attachments\\我国货币政策与宏观审慎政策的互动协调研究——基于中国商业银行数据的实证检验.pdf""]",0,[]
1854,1,"[""C:\\Users\\Ethan\\CoreFiles\\ProjectsFile\\AcademicResearch-auto-workflow\\workspace\\references\\attachments\\国际游资与房地产价格波动_理论与实证.pdf""]",0,[]
1855,1,"[""C:\\Users\\Ethan\\CoreFiles\\ProjectsFile\\AcademicResearch-auto-workflow\\workspace\\references\\attachments\\我国城市商业银行系统性风险溢出效应的测度研究——基于CoVaR模型的分位数估计.pdf""]",0,[]
1856,1,"[""C:\\Users\\Ethan\\CoreFiles\\ProjectsFile\\AcademicResearch-auto-workflow\\workspace\\references\\attachments\\商业银行信贷对房地产价格的影响分析.pdf""]",0,[]
1857,1,"[""C:\\Users\\Ethan\\CoreFiles\\ProjectsFile\\AcademicResearch-auto-workflow\\workspace\\references\\attachments\\我国系统重要性银行统计框架研究——基于FSB“通用数据模板”的视角.pdf""]",0,[]
1858,1,"[""C:\\Users\\Ethan\\CoreFiles\\ProjectsFile\\AcademicResearch-auto-workflow\\workspace\\references\\attachments\\基于风险矩阵的地产信贷项目风险评估研究.pdf""]",0,[]
1859,1,"[""C:\\Users\\Ethan\\CoreFiles\\ProjectsFile\\AcademicResearch-auto-workflow\\workspace\\references\\attachments\\我国金融创新中的金融安全问题研究.pdf""]",0,[]
1860,1,"[""C:\\Users\\Ethan\\CoreFiles\\ProjectsFile\\AcademicResearch-auto-workflow\\workspace\\references\\attachments\\公司治理机制对商业银行风险承担影响的实证分析.pdf""]",0,[]
1861,1,"[""C:\\Users\\Ethan\\CoreFiles\\ProjectsFile\\AcademicResearch-auto-workflow\\workspace\\references\\attachments\\问题金融机构处理中相关政府部门之职责划分.pdf""]",0,[]
1862,1,"[""C:\\Users\\Ethan\\CoreFiles\\ProjectsFile\\AcademicResearch-auto-workflow\\workspace\\references\\attachments\\开启金融业综合统计新征程.pdf""]",0,[]
1863,1,"[""C:\\Users\\Ethan\\CoreFiles\\ProjectsFile\\AcademicResearch-auto-workflow\\workspace\\references\\attachments\\货币政策与西安市房地产价格指数波动——基于Granger因果检验的数据分析.pdf""]",0,[]
1864,1,"[""C:\\Users\\Ethan\\CoreFiles\\ProjectsFile\\AcademicResearch-auto-workflow\\workspace\\references\\attachments\\货币政策调控房地产价格的有效性研究.pdf""]",0,[]
1865,1,"[""C:\\Users\\Ethan\\CoreFiles\\ProjectsFile\\AcademicResearch-auto-workflow\\workspace\\references\\attachments\\复杂网络下金融机构的系统性风险研究.pdf""]",0,[]
1866,1,"[""C:\\Users\\Ethan\\CoreFiles\\ProjectsFile\\AcademicResearch-auto-workflow\\workspace\\references\\attachments\\宏观审慎视角下我国商业银行系统性风险预警及监管研究.pdf""]",0,[]
1867,1,"[""C:\\Users\\Ethan\\CoreFiles\\ProjectsFile\\AcademicResearch-auto-workflow\\workspace\\references\\attachments\\我国影子银行发展对经济增长的影响研究.pdf""]",0,[]
1868,0,[],0,[]
1869,1,"[""C:\\Users\\Ethan\\CoreFiles\\ProjectsFile\\AcademicResearch-auto-workflow\\workspace\\references\\attachments\\辽宁省房地产市场周期波动谱分析及实证研究.pdf""]",0,[]
1870,1,"[""C:\\Users\\Ethan\\CoreFiles\\ProjectsFile\\AcademicResearch-auto-workflow\\workspace\\references\\attachments\\资产负债表效应与房地产金融风险.pdf""]",0,[]
1871,1,"[""C:\\Users\\Ethan\\CoreFiles\\ProjectsFile\\AcademicResearch-auto-workflow\\workspace\\references\\attachments\\货币政策、商业银行杠杆与系统性金融风险.pdf""]",0,[]
1872,1,"[""C:\\Users\\Ethan\\CoreFiles\\ProjectsFile\\AcademicResearch-auto-workflow\\workspace\\references\\attachments\\思源研究院：细究京沪深房地产周期波动原因.pdf""]",0,[]
1873,1,"[""C:\\Users\\Ethan\\CoreFiles\\ProjectsFile\\AcademicResearch-auto-workflow\\workspace\\references\\attachments\\城镇化视角下房价波动对居民消费的影响——基于省际动态面板的实证研究.pdf""]",0,[]
1874,0,[],0,[]
1875,1,"[""C:\\Users\\Ethan\\CoreFiles\\ProjectsFile\\AcademicResearch-auto-workflow\\workspace\\references\\attachments\\地方政府债务对系统性金融风险的影响研究.pdf""]",0,[]
1876,1,"[""C:\\Users\\Ethan\\CoreFiles\\ProjectsFile\\AcademicResearch-auto-workflow\\workspace\\references\\attachments\\货币政策、房价波动对我国消费影响研究.pdf""]",0,[]
1877,1,"[""C:\\Users\\Ethan\\CoreFiles\\ProjectsFile\\AcademicResearch-auto-workflow\\workspace\\references\\attachments\\信息与市场途径传染银行风险的机制及程度研究.pdf""]",0,[]
1878,1,"[""C:\\Users\\Ethan\\CoreFiles\\ProjectsFile\\AcademicResearch-auto-workflow\\workspace\\references\\attachments\\商业银行融资租赁业务的机会与风险分析.pdf""]",0,[]
1879,1,"[""C:\\Users\\Ethan\\CoreFiles\\ProjectsFile\\AcademicResearch-auto-workflow\\workspace\\references\\attachments\\银行利率上调对房地产市场的影响.pdf""]",0,[]
1880,1,"[""C:\\Users\\Ethan\\CoreFiles\\ProjectsFile\\AcademicResearch-auto-workflow\\workspace\\references\\attachments\\论系统性风险因子对金融脆弱性的条件性影响.pdf""]",0,[]
1881,1,"[""C:\\Users\\Ethan\\CoreFiles\\ProjectsFile\\AcademicResearch-auto-workflow\\workspace\\references\\attachments\\扩大内需政策下的房价冲击与居民消费增长──厦门的实证研究.pdf""]",0,[]
1882,1,"[""C:\\Users\\Ethan\\CoreFiles\\ProjectsFile\\AcademicResearch-auto-workflow\\workspace\\references\\attachments\\中国上市银行系统性风险测度及溢出效应研究.pdf""]",0,[]
1883,1,"[""C:\\Users\\Ethan\\CoreFiles\\ProjectsFile\\AcademicResearch-auto-workflow\\workspace\\references\\attachments\\中小城市房价与经济发展综合关系研究.pdf""]",0,[]
1884,1,"[""C:\\Users\\Ethan\\CoreFiles\\ProjectsFile\\AcademicResearch-auto-workflow\\workspace\\references\\attachments\\我国上市银行系统性风险预测研究.pdf""]",0,[]
1885,1,"[""C:\\Users\\Ethan\\CoreFiles\\ProjectsFile\\AcademicResearch-auto-workflow\\workspace\\references\\attachments\\宏观经济波动对我国房地产行业上市公司盈余管理的影响研究.pdf""]",0,[]
1886,1,"[""C:\\Users\\Ethan\\CoreFiles\\ProjectsFile\\AcademicResearch-auto-workflow\\workspace\\references\\attachments\\金融体制改革的遗留与展望.pdf""]",0,[]
1887,1,"[""C:\\Users\\Ethan\\CoreFiles\\ProjectsFile\\AcademicResearch-auto-workflow\\workspace\\references\\attachments\\影子银行监管_国际比较分析及启示.pdf""]",0,[]
1888,1,"[""C:\\Users\\Ethan\\CoreFiles\\ProjectsFile\\AcademicResearch-auto-workflow\\workspace\\references\\attachments\\系统性风险传染机制中的级联故障研究——兼论“多而不能倒”与“大而不能倒”.pdf""]",0,[]
1889,1,"[""C:\\Users\\Ethan\\CoreFiles\\ProjectsFile\\AcademicResearch-auto-workflow\\workspace\\references\\attachments\\基于自然预期的美国房价动态研究.pdf""]",0,[]
1890,1,"[""C:\\Users\\Ethan\\CoreFiles\\ProjectsFile\\AcademicResearch-auto-workflow\\workspace\\references\\attachments\\银行竞争、银行创新与银行风险承担.pdf""]",0,[]
1891,1,"[""C:\\Users\\Ethan\\CoreFiles\\ProjectsFile\\AcademicResearch-auto-workflow\\workspace\\references\\attachments\\金融科技发展对商业银行风险防控的影响——基于中国176家商业银行的实证分析.pdf""]",0,[]
1892,1,"[""C:\\Users\\Ethan\\CoreFiles\\ProjectsFile\\AcademicResearch-auto-workflow\\workspace\\references\\attachments\\住房贷款利率上调对房地产业的影响.pdf""]",0,[]
1893,1,"[""C:\\Users\\Ethan\\CoreFiles\\ProjectsFile\\AcademicResearch-auto-workflow\\workspace\\references\\attachments\\商业银行拨备制度研究.pdf""]",0,[]
1894,1,"[""C:\\Users\\Ethan\\CoreFiles\\ProjectsFile\\AcademicResearch-auto-workflow\\workspace\\references\\attachments\\关于中国商业银行系统性风险测度和判断研究——基于MIMIC模型在风险管理中的应用.pdf""]",0,[]
1895,1,"[""C:\\Users\\Ethan\\CoreFiles\\ProjectsFile\\AcademicResearch-auto-workflow\\workspace\\references\\attachments\\广西房地产价格波动风险分析.pdf""]",0,[]
1896,1,"[""C:\\Users\\Ethan\\CoreFiles\\ProjectsFile\\AcademicResearch-auto-workflow\\workspace\\references\\attachments\\信贷、房价波动与银行稳定关系的实证研究.pdf""]",0,[]
1897,1,"[""C:\\Users\\Ethan\\CoreFiles\\ProjectsFile\\AcademicResearch-auto-workflow\\workspace\\references\\attachments\\中国上市商业银行系统性风险溢出效应分析——基于CoVaR技术的分位数估计.pdf""]",0,[]
1898,1,"[""C:\\Users\\Ethan\\CoreFiles\\ProjectsFile\\AcademicResearch-auto-workflow\\workspace\\references\\attachments\\后危机时代中国有效金融监管问题研究.pdf""]",0,[]
1899,0,[],0,[]
1900,1,"[""C:\\Users\\Ethan\\CoreFiles\\ProjectsFile\\AcademicResearch-auto-workflow\\workspace\\references\\attachments\\商业银行逆周期资本监管的锚定指标选择及其效应研究.pdf""]",0,[]
1901,1,"[""C:\\Users\\Ethan\\CoreFiles\\ProjectsFile\\AcademicResearch-auto-workflow\\workspace\\references\\attachments\\基于利益主体行为的房地产市场利益协调政策研究.pdf""]",0,[]
1902,0,[],0,[]
1903,1,"[""C:\\Users\\Ethan\\CoreFiles\\ProjectsFile\\AcademicResearch-auto-workflow\\workspace\\references\\attachments\\房地产价格波动对通货膨胀的传导机制研究.pdf""]",0,[]
1904,1,"[""C:\\Users\\Ethan\\CoreFiles\\ProjectsFile\\AcademicResearch-auto-workflow\\workspace\\references\\attachments\\产业波及效应分析及其在商业银行的应用.pdf""]",0,[]
1905,1,"[""C:\\Users\\Ethan\\CoreFiles\\ProjectsFile\\AcademicResearch-auto-workflow\\workspace\\references\\attachments\\市场竞争与商业银行系统性风险.pdf""]",0,[]
1906,1,"[""C:\\Users\\Ethan\\CoreFiles\\ProjectsFile\\AcademicResearch-auto-workflow\\workspace\\references\\attachments\\适应新常态  深化改革促发展  立足新起点  依法履职开新篇.pdf""]",0,[]
1907,1,"[""C:\\Users\\Ethan\\CoreFiles\\ProjectsFile\\AcademicResearch-auto-workflow\\workspace\\references\\attachments\\我国银行体系系统性风险研究.pdf""]",0,[]
1908,1,"[""C:\\Users\\Ethan\\CoreFiles\\ProjectsFile\\AcademicResearch-auto-workflow\\workspace\\references\\attachments\\银行信贷对我国房地产市场的影响分析.pdf""]",0,[]
1909,1,"[""C:\\Users\\Ethan\\CoreFiles\\ProjectsFile\\AcademicResearch-auto-workflow\\workspace\\references\\attachments\\我国影子银行监管法律制度构建研究.pdf""]",0,[]
1910,1,"[""C:\\Users\\Ethan\\CoreFiles\\ProjectsFile\\AcademicResearch-auto-workflow\\workspace\\references\\attachments\\ESG评级对我国商业银行系统性风险的影响研究.pdf""]",0,[]
1911,1,"[""C:\\Users\\Ethan\\CoreFiles\\ProjectsFile\\AcademicResearch-auto-workflow\\workspace\\references\\attachments\\对我国商业银行系统性风险防范与控制的思考.pdf""]",0,[]
1912,1,"[""C:\\Users\\Ethan\\CoreFiles\\ProjectsFile\\AcademicResearch-auto-workflow\\workspace\\references\\attachments\\民间金融影子银行化的法律分析.pdf""]",0,[]
1913,1,"[""C:\\Users\\Ethan\\CoreFiles\\ProjectsFile\\AcademicResearch-auto-workflow\\workspace\\references\\attachments\\房地产价格与经济增长波动之间的关系研究.pdf""]",0,[]
1914,1,"[""C:\\Users\\Ethan\\CoreFiles\\ProjectsFile\\AcademicResearch-auto-workflow\\workspace\\references\\attachments\\金融稳定视角下国际影子银行监管改革框架研究.pdf""]",0,[]
1915,1,"[""C:\\Users\\Ethan\\CoreFiles\\ProjectsFile\\AcademicResearch-auto-workflow\\workspace\\references\\attachments\\金融危机背景下房地产价格波动对住房消费的影响研究.pdf""]",0,[]
1916,1,"[""C:\\Users\\Ethan\\CoreFiles\\ProjectsFile\\AcademicResearch-auto-workflow\\workspace\\references\\attachments\\房地产市场非线性博弈模型及其内在复杂性研究.pdf""]",0,[]
1917,1,"[""C:\\Users\\Ethan\\CoreFiles\\ProjectsFile\\AcademicResearch-auto-workflow\\workspace\\references\\attachments\\“影子银行”体系的风险特征与监管体系催生.pdf""]",0,[]
1918,1,"[""C:\\Users\\Ethan\\CoreFiles\\ProjectsFile\\AcademicResearch-auto-workflow\\workspace\\references\\attachments\\人口年龄结构变化对房价波动影响的实证研究.pdf""]",0,[]
1919,1,"[""C:\\Users\\Ethan\\CoreFiles\\ProjectsFile\\AcademicResearch-auto-workflow\\workspace\\references\\attachments\\政策“组合拳”应对内外挑战.pdf""]",0,[]
1920,1,"[""C:\\Users\\Ethan\\CoreFiles\\ProjectsFile\\AcademicResearch-auto-workflow\\workspace\\references\\attachments\\房地产市场周期波动与预警系统研究——以武汉市为例.pdf""]",0,[]
1921,1,"[""C:\\Users\\Ethan\\CoreFiles\\ProjectsFile\\AcademicResearch-auto-workflow\\workspace\\references\\attachments\\中国金融改革的逻辑困境及其出路.pdf""]",0,[]
1922,1,"[""C:\\Users\\Ethan\\CoreFiles\\ProjectsFile\\AcademicResearch-auto-workflow\\workspace\\references\\attachments\\结构突变下房地产市场与股票市场的波动溢出效应实证研究.pdf""]",0,[]
1923,1,"[""C:\\Users\\Ethan\\CoreFiles\\ProjectsFile\\AcademicResearch-auto-workflow\\workspace\\references\\attachments\\中国金融改革之路系列访谈之1  影子银行若达30万亿元恐致系统性风险.pdf""]",0,[]
1924,1,"[""C:\\Users\\Ethan\\CoreFiles\\ProjectsFile\\AcademicResearch-auto-workflow\\workspace\\references\\attachments\\实体经济杠杆率、影子银行规模与系统性金融风险——基于TVP-VAR模型的实证研究.pdf""]",0,[]
1925,1,"[""C:\\Users\\Ethan\\CoreFiles\\ProjectsFile\\AcademicResearch-auto-workflow\\workspace\\references\\attachments\\房地产价格波动对货币政策传导的作用研究.pdf""]",0,[]
1926,1,"[""C:\\Users\\Ethan\\CoreFiles\\ProjectsFile\\AcademicResearch-auto-workflow\\workspace\\references\\attachments\\房地产价格波动的系统动力学分析.pdf""]",0,[]
1927,1,"[""C:\\Users\\Ethan\\CoreFiles\\ProjectsFile\\AcademicResearch-auto-workflow\\workspace\\references\\attachments\\对房地产信贷的风险性分析与认识.pdf""]",0,[]
1928,1,"[""C:\\Users\\Ethan\\CoreFiles\\ProjectsFile\\AcademicResearch-auto-workflow\\workspace\\references\\attachments\\政策执行效果的“强化”和“衰减”.pdf""]",0,[]
1929,1,"[""C:\\Users\\Ethan\\CoreFiles\\ProjectsFile\\AcademicResearch-auto-workflow\\workspace\\references\\attachments\\房地产泡沫对商业银行抵押贷款的风险分析.pdf""]",0,[]
1930,1,"[""C:\\Users\\Ethan\\CoreFiles\\ProjectsFile\\AcademicResearch-auto-workflow\\workspace\\references\\attachments\\战略转型——银行抵御系统性风险的途径.pdf""]",0,[]
1931,1,"[""C:\\Users\\Ethan\\CoreFiles\\ProjectsFile\\AcademicResearch-auto-workflow\\workspace\\references\\attachments\\我国金融控股公司发展及监管问题研究.pdf""]",0,[]
1932,1,"[""C:\\Users\\Ethan\\CoreFiles\\ProjectsFile\\AcademicResearch-auto-workflow\\workspace\\references\\attachments\\中国房地产市场供需对房价波动的影响分析.pdf""]",0,[]
1933,1,"[""C:\\Users\\Ethan\\CoreFiles\\ProjectsFile\\AcademicResearch-auto-workflow\\workspace\\references\\attachments\\科创金融对商业银行的系统性风险溢出效应研究——基于硅谷银行破产的启示.pdf""]",0,[]
1934,1,"[""C:\\Users\\Ethan\\CoreFiles\\ProjectsFile\\AcademicResearch-auto-workflow\\workspace\\references\\attachments\\基于霍太林法则的房地产价格波动分析.pdf""]",0,[]
1935,1,"[""C:\\Users\\Ethan\\CoreFiles\\ProjectsFile\\AcademicResearch-auto-workflow\\workspace\\references\\attachments\\“大金融”体系架构下的宏观审慎监管与银行业系统性风险防范.pdf""]",0,[]
1936,0,[],0,[]
1937,1,"[""C:\\Users\\Ethan\\CoreFiles\\ProjectsFile\\AcademicResearch-auto-workflow\\workspace\\references\\attachments\\中国银行网络系统性风险传染研究.pdf""]",0,[]
1938,1,"[""C:\\Users\\Ethan\\CoreFiles\\ProjectsFile\\AcademicResearch-auto-workflow\\workspace\\references\\attachments\\开展区域融资规模统计.pdf""]",0,[]
1939,1,"[""C:\\Users\\Ethan\\CoreFiles\\ProjectsFile\\AcademicResearch-auto-workflow\\workspace\\references\\attachments\\中日房地产价格影响因素的比较研究.pdf""]",0,[]
1940,1,"[""C:\\Users\\Ethan\\CoreFiles\\ProjectsFile\\AcademicResearch-auto-workflow\\workspace\\references\\attachments\\日间流动性风险的计量与管理.pdf""]",0,[]
1941,1,"[""C:\\Users\\Ethan\\CoreFiles\\ProjectsFile\\AcademicResearch-auto-workflow\\workspace\\references\\attachments\\我国商业银行面临的金融风险及其控制.pdf""]",0,[]
1942,1,"[""C:\\Users\\Ethan\\CoreFiles\\ProjectsFile\\AcademicResearch-auto-workflow\\workspace\\references\\attachments\\中国房地产周期波动的评介与探析.pdf""]",0,[]
1943,1,"[""C:\\Users\\Ethan\\CoreFiles\\ProjectsFile\\AcademicResearch-auto-workflow\\workspace\\references\\attachments\\基于不同投资行为的动态银行网络稳定性研究.pdf""]",0,[]
1944,1,"[""C:\\Users\\Ethan\\CoreFiles\\ProjectsFile\\AcademicResearch-auto-workflow\\workspace\\references\\attachments\\宏观审慎管理视角下我国银行系统性风险监管研究.pdf""]",0,[]
1945,1,"[""C:\\Users\\Ethan\\CoreFiles\\ProjectsFile\\AcademicResearch-auto-workflow\\workspace\\references\\attachments\\我国房地产行业景气波动.pdf""]",0,[]
1946,1,"[""C:\\Users\\Ethan\\CoreFiles\\ProjectsFile\\AcademicResearch-auto-workflow\\workspace\\references\\attachments\\创新型货币政策工具影响银行系统性风险溢出效应的研究.pdf""]",0,[]
1947,1,"[""C:\\Users\\Ethan\\CoreFiles\\ProjectsFile\\AcademicResearch-auto-workflow\\workspace\\references\\attachments\\我国房地产市场泡沫与商业银行系统性风险关联性研究.pdf""]",0,[]
1948,1,"[""C:\\Users\\Ethan\\CoreFiles\\ProjectsFile\\AcademicResearch-auto-workflow\\workspace\\references\\attachments\\房地产价格波动对地方财政收入的效应研究.pdf""]",0,[]
1949,1,"[""C:\\Users\\Ethan\\CoreFiles\\ProjectsFile\\AcademicResearch-auto-workflow\\workspace\\references\\attachments\\上海房地产业“十一五”发展规划前瞻性研究.pdf""]",0,[]
1950,1,"[""C:\\Users\\Ethan\\CoreFiles\\ProjectsFile\\AcademicResearch-auto-workflow\\workspace\\references\\attachments\\公允价值会计能否放大银行体系的系统性风险.pdf""]",0,[]
1951,1,"[""C:\\Users\\Ethan\\CoreFiles\\ProjectsFile\\AcademicResearch-auto-workflow\\workspace\\references\\attachments\\保险公司资产风险传染的评估与控制.pdf""]",0,[]
1952,1,"[""C:\\Users\\Ethan\\CoreFiles\\ProjectsFile\\AcademicResearch-auto-workflow\\workspace\\references\\attachments\\房地产与银行间高依赖性及风险分析.pdf""]",0,[]
1953,1,"[""C:\\Users\\Ethan\\CoreFiles\\ProjectsFile\\AcademicResearch-auto-workflow\\workspace\\references\\attachments\\影子银行监管的国际改革及对我国的启示.pdf""]",0,[]
1954,1,"[""C:\\Users\\Ethan\\CoreFiles\\ProjectsFile\\AcademicResearch-auto-workflow\\workspace\\references\\attachments\\中国境内跨国银行系统性风险的对策分析.pdf""]",0,[]
1955,1,"[""C:\\Users\\Ethan\\CoreFiles\\ProjectsFile\\AcademicResearch-auto-workflow\\workspace\\references\\attachments\\中国房地产价格波动与宏观经济——基于SVAR模型的研究.pdf""]",0,[]
1956,1,"[""C:\\Users\\Ethan\\CoreFiles\\ProjectsFile\\AcademicResearch-auto-workflow\\workspace\\references\\attachments\\房地产市场价格波动对居民消费的影响及其调控政策研究——基于新常态视角.pdf""]",0,[]
1957,1,"[""C:\\Users\\Ethan\\CoreFiles\\ProjectsFile\\AcademicResearch-auto-workflow\\workspace\\references\\attachments\\房地产经济波动的影响原因及措施分析.pdf""]",0,[]
1958,1,"[""C:\\Users\\Ethan\\CoreFiles\\ProjectsFile\\AcademicResearch-auto-workflow\\workspace\\references\\attachments\\中国“热钱”与资产价格波动的实证研究.pdf""]",0,[]
1959,1,"[""C:\\Users\\Ethan\\CoreFiles\\ProjectsFile\\AcademicResearch-auto-workflow\\workspace\\references\\attachments\\房地产价格波动对银行系统性金融风险的影响研究.pdf""]",0,[]
1960,0,[],0,[]
1961,1,"[""C:\\Users\\Ethan\\CoreFiles\\ProjectsFile\\AcademicResearch-auto-workflow\\workspace\\references\\attachments\\商业银行LEI应用及展望.pdf""]",0,[]
1962,1,"[""C:\\Users\\Ethan\\CoreFiles\\ProjectsFile\\AcademicResearch-auto-workflow\\workspace\\references\\attachments\\银行系统性风险研究及系统重要性银行识别.pdf""]",0,[]
1963,1,"[""C:\\Users\\Ethan\\CoreFiles\\ProjectsFile\\AcademicResearch-auto-workflow\\workspace\\references\\attachments\\基于可拓聚类的银行系统性风险评估研究.pdf""]",0,[]
1964,1,"[""C:\\Users\\Ethan\\CoreFiles\\ProjectsFile\\AcademicResearch-auto-workflow\\workspace\\references\\attachments\\房地产价格对实体经济波动的动态影响——基于Sys-GMM模型的实证分析.pdf""]",0,[]
1965,1,"[""C:\\Users\\Ethan\\CoreFiles\\ProjectsFile\\AcademicResearch-auto-workflow\\workspace\\references\\attachments\\技术创新与房地产价格波动的分析.pdf""]",0,[]
1966,1,"[""C:\\Users\\Ethan\\CoreFiles\\ProjectsFile\\AcademicResearch-auto-workflow\\workspace\\references\\attachments\\房地产贷款对商业银行风险的影响效应研究.pdf""]",0,[]
1967,1,"[""C:\\Users\\Ethan\\CoreFiles\\ProjectsFile\\AcademicResearch-auto-workflow\\workspace\\references\\attachments\\我国四大国有银行对银行系统的风险溢出效应研究.pdf""]",0,[]
1968,1,"[""C:\\Users\\Ethan\\CoreFiles\\ProjectsFile\\AcademicResearch-auto-workflow\\workspace\\references\\attachments\\房价波动与经济增长的实证研究.pdf""]",0,[]
1969,1,"[""C:\\Users\\Ethan\\CoreFiles\\ProjectsFile\\AcademicResearch-auto-workflow\\workspace\\references\\attachments\\上证A股银行股系统性风险实证分析.pdf""]",0,[]
1970,1,"[""C:\\Users\\Ethan\\CoreFiles\\ProjectsFile\\AcademicResearch-auto-workflow\\workspace\\references\\attachments\\我国上市商业银行的系统重要性识别.pdf""]",0,[]
1971,1,"[""C:\\Users\\Ethan\\CoreFiles\\ProjectsFile\\AcademicResearch-auto-workflow\\workspace\\references\\attachments\\银行业系统性风险溢出影响因素研究.pdf""]",0,[]
1972,1,"[""C:\\Users\\Ethan\\CoreFiles\\ProjectsFile\\AcademicResearch-auto-workflow\\workspace\\references\\attachments\\我国货币政策对房地产市场调控的有效性研究.pdf""]",0,[]
1973,1,"[""C:\\Users\\Ethan\\CoreFiles\\ProjectsFile\\AcademicResearch-auto-workflow\\workspace\\references\\attachments\\我国城市房地产政策与价格波动的关系研究.pdf""]",0,[]
1974,1,"[""C:\\Users\\Ethan\\CoreFiles\\ProjectsFile\\AcademicResearch-auto-workflow\\workspace\\references\\attachments\\空间异质性与区域房地产价格波动的差异——基于地理加权回归的实证研究.pdf""]",0,[]
1975,1,"[""C:\\Users\\Ethan\\CoreFiles\\ProjectsFile\\AcademicResearch-auto-workflow\\workspace\\references\\attachments\\房地产价格对商业银行贷款损失拨备的影响——基于长三角地区商业银行的实证研究.pdf""]",0,[]
1976,1,"[""C:\\Users\\Ethan\\CoreFiles\\ProjectsFile\\AcademicResearch-auto-workflow\\workspace\\references\\attachments\\我国房地产金融与房地产行业风险关系分析.pdf""]",0,[]
1977,1,"[""C:\\Users\\Ethan\\CoreFiles\\ProjectsFile\\AcademicResearch-auto-workflow\\workspace\\references\\attachments\\房地产金融风险的成因及防范对策.pdf""]",0,[]
1978,1,"[""C:\\Users\\Ethan\\CoreFiles\\ProjectsFile\\AcademicResearch-auto-workflow\\workspace\\references\\attachments\\商业银行的房地产信贷风险分析.pdf""]",0,[]
1979,1,"[""C:\\Users\\Ethan\\CoreFiles\\ProjectsFile\\AcademicResearch-auto-workflow\\workspace\\references\\attachments\\股价与房价波动对居民消费影响的动态研究.pdf""]",0,[]
1980,1,"[""C:\\Users\\Ethan\\CoreFiles\\ProjectsFile\\AcademicResearch-auto-workflow\\workspace\\references\\attachments\\中国影子银行  金融体系的不定时炸弹.pdf""]",0,[]
1981,1,"[""C:\\Users\\Ethan\\CoreFiles\\ProjectsFile\\AcademicResearch-auto-workflow\\workspace\\references\\attachments\\我国房地产经济安全及调控监管模式研究.pdf""]",0,[]
1982,1,"[""C:\\Users\\Ethan\\CoreFiles\\ProjectsFile\\AcademicResearch-auto-workflow\\workspace\\references\\attachments\\房地产行业周期变化与银行不良贷款相关性增强,警惕房市调控对银行资产的冲击.pdf""]",0,[]
1983,1,"[""C:\\Users\\Ethan\\CoreFiles\\ProjectsFile\\AcademicResearch-auto-workflow\\workspace\\references\\attachments\\中央银行职能调整后基层行怎么做.pdf""]",0,[]
1984,1,"[""C:\\Users\\Ethan\\CoreFiles\\ProjectsFile\\AcademicResearch-auto-workflow\\workspace\\references\\attachments\\住房金融宏观审慎政策有效性研究——基于房价分化特征.pdf""]",0,[]
1985,1,"[""C:\\Users\\Ethan\\CoreFiles\\ProjectsFile\\AcademicResearch-auto-workflow\\workspace\\references\\attachments\\我国当前防范系统性金融风险的思考.pdf""]",0,[]
1986,1,"[""C:\\Users\\Ethan\\CoreFiles\\ProjectsFile\\AcademicResearch-auto-workflow\\workspace\\references\\attachments\\银行、影子银行体系与系统性风险研究.pdf""]",0,[]
1987,1,"[""C:\\Users\\Ethan\\CoreFiles\\ProjectsFile\\AcademicResearch-auto-workflow\\workspace\\references\\attachments\\房地产市场对我国银行系统性风险的影响.pdf""]",0,[]
1988,1,"[""C:\\Users\\Ethan\\CoreFiles\\ProjectsFile\\AcademicResearch-auto-workflow\\workspace\\references\\attachments\\我国商业银行存款保险差别费率分级系统的实证研究.pdf""]",0,[]
1989,0,[],0,[]
1990,1,"[""C:\\Users\\Ethan\\CoreFiles\\ProjectsFile\\AcademicResearch-auto-workflow\\workspace\\references\\attachments\\经济波动、不良贷款与银行业系统性风险.pdf""]",0,[]
1991,1,"[""C:\\Users\\Ethan\\CoreFiles\\ProjectsFile\\AcademicResearch-auto-workflow\\workspace\\references\\attachments\\泡沫还是理性——2003-2014年学术界对中国房价的研究综述.pdf""]",0,[]
1992,1,"[""C:\\Users\\Ethan\\CoreFiles\\ProjectsFile\\AcademicResearch-auto-workflow\\workspace\\references\\attachments\\中国房地产价格区域差异实证研究.pdf""]",0,[]
1993,0,[],0,[]
1994,1,"[""C:\\Users\\Ethan\\CoreFiles\\ProjectsFile\\AcademicResearch-auto-workflow\\workspace\\references\\attachments\\深港住房价格波动相关性研究.pdf""]",0,[]
1995,1,"[""C:\\Users\\Ethan\\CoreFiles\\ProjectsFile\\AcademicResearch-auto-workflow\\workspace\\references\\attachments\\从光山县看影响房地产价格波动的因素.pdf""]",0,[]
1996,1,"[""C:\\Users\\Ethan\\CoreFiles\\ProjectsFile\\AcademicResearch-auto-workflow\\workspace\\references\\attachments\\商业银行数字化转型如何影响系统性风险——基于系统重要性风险与系统脆弱性风险维度.pdf""]",0,[]
1997,1,"[""C:\\Users\\Ethan\\CoreFiles\\ProjectsFile\\AcademicResearch-auto-workflow\\workspace\\references\\attachments\\流动性风险对我国商业银行风险承担的影响.pdf""]",0,[]
1998,1,"[""C:\\Users\\Ethan\\CoreFiles\\ProjectsFile\\AcademicResearch-auto-workflow\\workspace\\references\\attachments\\货币政策对我国房地产业波动影响的实证分析.pdf""]",0,[]
1999,1,"[""C:\\Users\\Ethan\\CoreFiles\\ProjectsFile\\AcademicResearch-auto-workflow\\workspace\\references\\attachments\\我国影子银行规模对银行系统性风险的影响及其路径研究.pdf""]",0,[]
2000,0,[],0,[]
2001,1,"[""C:\\Users\\Ethan\\CoreFiles\\ProjectsFile\\AcademicResearch-auto-workflow\\workspace\\references\\attachments\\宏观审慎框架下中国上市银行系统性风险监测研究.pdf""]",0,[]
2002,1,"[""C:\\Users\\Ethan\\CoreFiles\\ProjectsFile\\AcademicResearch-auto-workflow\\workspace\\references\\attachments\\股票与房地产价格波动影响银行系统稳定的传导机制分析.pdf""]",0,[]
2003,1,"[""C:\\Users\\Ethan\\CoreFiles\\ProjectsFile\\AcademicResearch-auto-workflow\\workspace\\references\\attachments\\房地产风险很大.pdf""]",0,[]
2004,1,"[""C:\\Users\\Ethan\\CoreFiles\\ProjectsFile\\AcademicResearch-auto-workflow\\workspace\\references\\attachments\\中国房地产泡沫趋向还是理性回归_——基于CCIEE房地产价格波动预警指数分析若干判断.pdf""]",0,[]
2005,1,"[""C:\\Users\\Ethan\\CoreFiles\\ProjectsFile\\AcademicResearch-auto-workflow\\workspace\\references\\attachments\\通货膨胀与房地产价格作用机制研究.pdf""]",0,[]
2006,1,"[""C:\\Users\\Ethan\\CoreFiles\\ProjectsFile\\AcademicResearch-auto-workflow\\workspace\\references\\attachments\\房地产周期波动对房地产信贷业务的影响.pdf""]",0,[]
2007,0,[],0,[]
2008,1,"[""C:\\Users\\Ethan\\CoreFiles\\ProjectsFile\\AcademicResearch-auto-workflow\\workspace\\references\\attachments\\银行业系统性风险及其防范综述.pdf""]",0,[]
2009,1,"[""C:\\Users\\Ethan\\CoreFiles\\ProjectsFile\\AcademicResearch-auto-workflow\\workspace\\references\\attachments\\市场风险对银行体系风险的影响实证分析.pdf""]",0,[]
2010,1,"[""C:\\Users\\Ethan\\CoreFiles\\ProjectsFile\\AcademicResearch-auto-workflow\\workspace\\references\\attachments\\资本账户开放对中国商业银行系统性风险的影响研究.pdf""]",0,[]
2011,1,"[""C:\\Users\\Ethan\\CoreFiles\\ProjectsFile\\AcademicResearch-auto-workflow\\workspace\\references\\attachments\\我国银行房地产信贷对房地产价格波动的影响.pdf""]",0,[]
2012,1,"[""C:\\Users\\Ethan\\CoreFiles\\ProjectsFile\\AcademicResearch-auto-workflow\\workspace\\references\\attachments\\银行在危机中的作用研究.pdf""]",0,[]
2013,0,[],0,[]
2014,1,"[""C:\\Users\\Ethan\\CoreFiles\\ProjectsFile\\AcademicResearch-auto-workflow\\workspace\\references\\attachments\\家庭住房需求与房价波动影响效度研究.pdf""]",0,[]
2015,1,"[""C:\\Users\\Ethan\\CoreFiles\\ProjectsFile\\AcademicResearch-auto-workflow\\workspace\\references\\attachments\\探究新时代下的金融监管与商业银行风险防范策略.pdf""]",0,[]
2016,1,"[""C:\\Users\\Ethan\\CoreFiles\\ProjectsFile\\AcademicResearch-auto-workflow\\workspace\\references\\attachments\\货币政策调控房价的地区差异性——基于VAR的实证研究.pdf""]",0,[]
2017,1,"[""C:\\Users\\Ethan\\CoreFiles\\ProjectsFile\\AcademicResearch-auto-workflow\\workspace\\references\\attachments\\中国金融监管顶层设计尤为重要.pdf""]",0,[]
2018,1,"[""C:\\Users\\Ethan\\CoreFiles\\ProjectsFile\\AcademicResearch-auto-workflow\\workspace\\references\\attachments\\基于Hedonic模型上海市房价影响因素研究.pdf""]",0,[]
2019,0,[],0,[]
2020,1,"[""C:\\Users\\Ethan\\CoreFiles\\ProjectsFile\\AcademicResearch-auto-workflow\\workspace\\references\\attachments\\土地价格波动的SARCH效应研究.pdf""]",0,[]
2021,1,"[""C:\\Users\\Ethan\\CoreFiles\\ProjectsFile\\AcademicResearch-auto-workflow\\workspace\\references\\attachments\\房价波动对我国系统性金融风险的影响研究.pdf""]",0,[]
2022,1,"[""C:\\Users\\Ethan\\CoreFiles\\ProjectsFile\\AcademicResearch-auto-workflow\\workspace\\references\\attachments\\余额宝的经济意义评价及其监管建议.pdf""]",0,[]
2023,1,"[""C:\\Users\\Ethan\\CoreFiles\\ProjectsFile\\AcademicResearch-auto-workflow\\workspace\\references\\attachments\\房地产企业过度金融化对其财务风险的影响.pdf""]",0,[]
2024,0,[],0,[]
2025,1,"[""C:\\Users\\Ethan\\CoreFiles\\ProjectsFile\\AcademicResearch-auto-workflow\\workspace\\references\\attachments\\存款保险制度对银行业系统性金融风险的影响研究.pdf""]",0,[]
2026,1,"[""C:\\Users\\Ethan\\CoreFiles\\ProjectsFile\\AcademicResearch-auto-workflow\\workspace\\references\\attachments\\房地产价格泡沫对系统性金融风险的影响研究.pdf""]",0,[]
2027,1,"[""C:\\Users\\Ethan\\CoreFiles\\ProjectsFile\\AcademicResearch-auto-workflow\\workspace\\references\\attachments\\多层次风险并表管理模式研究.pdf""]",0,[]
2028,1,"[""C:\\Users\\Ethan\\CoreFiles\\ProjectsFile\\AcademicResearch-auto-workflow\\workspace\\references\\attachments\\要重视防范银行群体性不理智信贷行为导致系统性风险.pdf""]",0,[]
2029,1,"[""C:\\Users\\Ethan\\CoreFiles\\ProjectsFile\\AcademicResearch-auto-workflow\\workspace\\references\\attachments\\房地产市场波动与银行风险控制.pdf""]",0,[]
2030,1,"[""C:\\Users\\Ethan\\CoreFiles\\ProjectsFile\\AcademicResearch-auto-workflow\\workspace\\references\\attachments\\债券投资如何影响商业银行系统性风险？——基于系统性风险分解的视角.pdf""]",0,[]
2031,1,"[""C:\\Users\\Ethan\\CoreFiles\\ProjectsFile\\AcademicResearch-auto-workflow\\workspace\\references\\attachments\\房价波动与购房者非理性行为研究综述.pdf""]",0,[]
2032,1,"[""C:\\Users\\Ethan\\CoreFiles\\ProjectsFile\\AcademicResearch-auto-workflow\\workspace\\references\\attachments\\影子银行对商业银行传统业务的影响研究.pdf""]",0,[]
2033,1,"[""C:\\Users\\Ethan\\CoreFiles\\ProjectsFile\\AcademicResearch-auto-workflow\\workspace\\references\\attachments\\问题银行公共资金救助法律制度研究.pdf""]",0,[]
2034,1,"[""C:\\Users\\Ethan\\CoreFiles\\ProjectsFile\\AcademicResearch-auto-workflow\\workspace\\references\\attachments\\金融业来了“金稳会”——7月财经金融热点观察.pdf""]",0,[]
2035,1,"[""C:\\Users\\Ethan\\CoreFiles\\ProjectsFile\\AcademicResearch-auto-workflow\\workspace\\references\\attachments\\金融审计化解系统性金融风险的路径探析.pdf""]",0,[]
2036,1,"[""C:\\Users\\Ethan\\CoreFiles\\ProjectsFile\\AcademicResearch-auto-workflow\\workspace\\references\\attachments\\房地产价格波动与货币政策反应研究.pdf""]",0,[]
2037,1,"[""C:\\Users\\Ethan\\CoreFiles\\ProjectsFile\\AcademicResearch-auto-workflow\\workspace\\references\\attachments\\逾10家上市银行对公房地产贷款不良率抬升.pdf""]",0,[]
2038,1,"[""C:\\Users\\Ethan\\CoreFiles\\ProjectsFile\\AcademicResearch-auto-workflow\\workspace\\references\\attachments\\影子银行、房地产价格与中国经济波动.pdf""]",0,[]
2039,1,"[""C:\\Users\\Ethan\\CoreFiles\\ProjectsFile\\AcademicResearch-auto-workflow\\workspace\\references\\attachments\\基于同业投资回报的银行系统性风险传染过程分析.pdf""]",0,[]
2040,1,"[""C:\\Users\\Ethan\\CoreFiles\\ProjectsFile\\AcademicResearch-auto-workflow\\workspace\\references\\attachments\\从两个视角看银行业监管.pdf""]",0,[]
2041,1,"[""C:\\Users\\Ethan\\CoreFiles\\ProjectsFile\\AcademicResearch-auto-workflow\\workspace\\references\\attachments\\预期冲击与中国房地产市场波动异象.pdf""]",0,[]
2042,1,"[""C:\\Users\\Ethan\\CoreFiles\\ProjectsFile\\AcademicResearch-auto-workflow\\workspace\\references\\attachments\\关于房价影响因素的理论分析与实证研究.pdf""]",0,[]
2043,1,"[""C:\\Users\\Ethan\\CoreFiles\\ProjectsFile\\AcademicResearch-auto-workflow\\workspace\\references\\attachments\\我国房地产信贷与房价波动关系的实证研究——基于增速层面.pdf""]",0,[]
2044,1,"[""C:\\Users\\Ethan\\CoreFiles\\ProjectsFile\\AcademicResearch-auto-workflow\\workspace\\references\\attachments\\基于Knight不确定性与系统性风险的存款保险定价研究.pdf""]",0,[]
2045,1,"[""C:\\Users\\Ethan\\CoreFiles\\ProjectsFile\\AcademicResearch-auto-workflow\\workspace\\references\\attachments\\我国居民资产价格波动的财富效应研究.pdf""]",0,[]
2046,0,[],0,[]
2047,1,"[""C:\\Users\\Ethan\\CoreFiles\\ProjectsFile\\AcademicResearch-auto-workflow\\workspace\\references\\attachments\\基于传染模型的银行网络上的风险扩散.pdf""]",0,[]
2048,1,"[""C:\\Users\\Ethan\\CoreFiles\\ProjectsFile\\AcademicResearch-auto-workflow\\workspace\\references\\attachments\\房地产贷款对我国商业银行系统性风险的影响研究.pdf""]",0,[]
2049,1,"[""C:\\Users\\Ethan\\CoreFiles\\ProjectsFile\\AcademicResearch-auto-workflow\\workspace\\references\\attachments\\房地产中资美元债市场价格波动：回顾与展望.pdf""]",0,[]
2050,1,"[""C:\\Users\\Ethan\\CoreFiles\\ProjectsFile\\AcademicResearch-auto-workflow\\workspace\\references\\attachments\\中国商业银行系统性风险评估与管理.pdf""]",0,[]
2051,1,"[""C:\\Users\\Ethan\\CoreFiles\\ProjectsFile\\AcademicResearch-auto-workflow\\workspace\\references\\attachments\\金融开放对我国银行业系统性风险的影响分析.pdf""]",0,[]
2052,1,"[""C:\\Users\\Ethan\\CoreFiles\\ProjectsFile\\AcademicResearch-auto-workflow\\workspace\\references\\attachments\\汇率冲击与房地产价格波动.pdf""]",0,[]
2053,1,"[""C:\\Users\\Ethan\\CoreFiles\\ProjectsFile\\AcademicResearch-auto-workflow\\workspace\\references\\attachments\\中国房地产价格与经济发展关系的实证研究.pdf""]",0,[]
2054,1,"[""C:\\Users\\Ethan\\CoreFiles\\ProjectsFile\\AcademicResearch-auto-workflow\\workspace\\references\\attachments\\影子银行业务对系统性风险的影响研究.pdf""]",0,[]
2055,1,"[""C:\\Users\\Ethan\\CoreFiles\\ProjectsFile\\AcademicResearch-auto-workflow\\workspace\\references\\attachments\\嵌入、脱嵌与引领_浙江的省市县府际关系改革及理论贡献——改革开放40年的回顾与反思.pdf""]",0,[]
2056,1,"[""C:\\Users\\Ethan\\CoreFiles\\ProjectsFile\\AcademicResearch-auto-workflow\\workspace\\references\\attachments\\宏观金融调控对房地产业的影响.pdf""]",0,[]
2057,1,"[""C:\\Users\\Ethan\\CoreFiles\\ProjectsFile\\AcademicResearch-auto-workflow\\workspace\\references\\attachments\\金融稳定视角下房地产周期波动和驱动效应研究.pdf""]",0,[]
2058,1,"[""C:\\Users\\Ethan\\CoreFiles\\ProjectsFile\\AcademicResearch-auto-workflow\\workspace\\references\\attachments\\商业银行房地产信贷风险的应对策略.pdf""]",0,[]
2059,1,"[""C:\\Users\\Ethan\\CoreFiles\\ProjectsFile\\AcademicResearch-auto-workflow\\workspace\\references\\attachments\\利率市场化对房地产行业资本结构影响的实证研究.pdf""]",0,[]
2060,0,[],0,[]
2061,1,"[""C:\\Users\\Ethan\\CoreFiles\\ProjectsFile\\AcademicResearch-auto-workflow\\workspace\\references\\attachments\\利率下调对房地产业的影响.pdf""]",0,[]
2062,1,"[""C:\\Users\\Ethan\\CoreFiles\\ProjectsFile\\AcademicResearch-auto-workflow\\workspace\\references\\attachments\\中小银行应以新思路应对新趋势.pdf""]",0,[]
2063,1,"[""C:\\Users\\Ethan\\CoreFiles\\ProjectsFile\\AcademicResearch-auto-workflow\\workspace\\references\\attachments\\房地产市场波动对经济稳定的影响机制与调控策略研究.pdf""]",0,[]
2064,1,"[""C:\\Users\\Ethan\\CoreFiles\\ProjectsFile\\AcademicResearch-auto-workflow\\workspace\\references\\attachments\\银行风险传染随机模型研究.pdf""]",0,[]
2065,1,"[""C:\\Users\\Ethan\\CoreFiles\\ProjectsFile\\AcademicResearch-auto-workflow\\workspace\\references\\attachments\\房地产经济管理过程中如何应对金融风险的冲击.pdf""]",0,[]
2066,1,"[""C:\\Users\\Ethan\\CoreFiles\\ProjectsFile\\AcademicResearch-auto-workflow\\workspace\\references\\attachments\\系统性风险新认识与我国宏观审慎监管探索.pdf""]",0,[]
2067,1,"[""C:\\Users\\Ethan\\CoreFiles\\ProjectsFile\\AcademicResearch-auto-workflow\\workspace\\references\\attachments\\国有商业银行上市后面临的挑战及经营对策.pdf""]",0,[]
2068,1,"[""C:\\Users\\Ethan\\CoreFiles\\ProjectsFile\\AcademicResearch-auto-workflow\\workspace\\references\\attachments\\金融开放对银行系统性风险的影响研究.pdf""]",0,[]
2069,1,"[""C:\\Users\\Ethan\\CoreFiles\\ProjectsFile\\AcademicResearch-auto-workflow\\workspace\\references\\attachments\\我国系统性金融风险分析及防范研究.pdf""]",0,[]
2070,1,"[""C:\\Users\\Ethan\\CoreFiles\\ProjectsFile\\AcademicResearch-auto-workflow\\workspace\\references\\attachments\\基于CoVaR的中国商业银行系统性风险溢出效应研究.pdf""]",0,[]
2071,1,"[""C:\\Users\\Ethan\\CoreFiles\\ProjectsFile\\AcademicResearch-auto-workflow\\workspace\\references\\attachments\\结构性货币政策与银行系统性风险承担：基于LPR改革实验的证据.pdf""]",0,[]
2072,1,"[""C:\\Users\\Ethan\\CoreFiles\\ProjectsFile\\AcademicResearch-auto-workflow\\workspace\\references\\attachments\\银行业：背着包袱的新战场.pdf""]",0,[]
2073,1,"[""C:\\Users\\Ethan\\CoreFiles\\ProjectsFile\\AcademicResearch-auto-workflow\\workspace\\references\\attachments\\基于“城房指数”的中国城市新建商品住房市场有效性研究.pdf""]",0,[]
2074,1,"[""C:\\Users\\Ethan\\CoreFiles\\ProjectsFile\\AcademicResearch-auto-workflow\\workspace\\references\\attachments\\美国联邦存款保险公司处置问题银行的依据与实操.pdf""]",0,[]
2075,1,"[""C:\\Users\\Ethan\\CoreFiles\\ProjectsFile\\AcademicResearch-auto-workflow\\workspace\\references\\attachments\\金融摩擦、货币政策传导与系统性金融风险——影子银行风险承担角度的研究.pdf""]",0,[]
2076,1,"[""C:\\Users\\Ethan\\CoreFiles\\ProjectsFile\\AcademicResearch-auto-workflow\\workspace\\references\\attachments\\基于CCA模型的我国银行系统性金融风险实证研究.pdf""]",0,[]
2077,1,"[""C:\\Users\\Ethan\\CoreFiles\\ProjectsFile\\AcademicResearch-auto-workflow\\workspace\\references\\attachments\\基于“三维”竞争情报的银行系统性风险防范.pdf""]",0,[]
2078,1,"[""C:\\Users\\Ethan\\CoreFiles\\ProjectsFile\\AcademicResearch-auto-workflow\\workspace\\references\\attachments\\房价中的公共品资本化效应研究.pdf""]",0,[]
2079,1,"[""C:\\Users\\Ethan\\CoreFiles\\ProjectsFile\\AcademicResearch-auto-workflow\\workspace\\references\\attachments\\房价波动对中国工业生产率影响的实证研究.pdf""]",0,[]
2080,1,"[""C:\\Users\\Ethan\\CoreFiles\\ProjectsFile\\AcademicResearch-auto-workflow\\workspace\\references\\attachments\\中国房价影响因素的研究综述.pdf""]",0,[]
2081,1,"[""C:\\Users\\Ethan\\CoreFiles\\ProjectsFile\\AcademicResearch-auto-workflow\\workspace\\references\\attachments\\北京市房地产业投资环境研究.pdf""]",0,[]
2082,1,"[""C:\\Users\\Ethan\\CoreFiles\\ProjectsFile\\AcademicResearch-auto-workflow\\workspace\\references\\attachments\\加强银行业系统性风险关联数据库建设.pdf""]",0,[]
2083,1,"[""C:\\Users\\Ethan\\CoreFiles\\ProjectsFile\\AcademicResearch-auto-workflow\\workspace\\references\\attachments\\中国房地产业波动对国民经济的影响研究.pdf""]",0,[]
2084,1,"[""C:\\Users\\Ethan\\CoreFiles\\ProjectsFile\\AcademicResearch-auto-workflow\\workspace\\references\\attachments\\“太相似而不能倒”：银行信贷同群效应与系统性风险.pdf""]",0,[]
2085,1,"[""C:\\Users\\Ethan\\CoreFiles\\ProjectsFile\\AcademicResearch-auto-workflow\\workspace\\references\\attachments\\互联网金融对中国商业银行系统性风险的影响——基于SVAR模型的实证研究.pdf""]",0,[]
2086,1,"[""C:\\Users\\Ethan\\CoreFiles\\ProjectsFile\\AcademicResearch-auto-workflow\\workspace\\references\\attachments\\中国房地产经济周期波动及对策的几点思考.pdf""]",0,[]
2087,1,"[""C:\\Users\\Ethan\\CoreFiles\\ProjectsFile\\AcademicResearch-auto-workflow\\workspace\\references\\attachments\\我国房地产投资周期波动的特征——基于主成分分析方法构建我国房地产投资景气指数.pdf""]",0,[]
2088,1,"[""C:\\Users\\Ethan\\CoreFiles\\ProjectsFile\\AcademicResearch-auto-workflow\\workspace\\references\\attachments\\MPA实施对股份制银行同业存单业务的影响.pdf""]",0,[]
2089,1,"[""C:\\Users\\Ethan\\CoreFiles\\ProjectsFile\\AcademicResearch-auto-workflow\\workspace\\references\\attachments\\商业银行操作风险与系统性风险度量研究.pdf""]",0,[]
2090,1,"[""C:\\Users\\Ethan\\CoreFiles\\ProjectsFile\\AcademicResearch-auto-workflow\\workspace\\references\\attachments\\对影子银行加强监管的国际金融法制改革.pdf""]",0,[]
2091,0,[],0,[]
2092,1,"[""C:\\Users\\Ethan\\CoreFiles\\ProjectsFile\\AcademicResearch-auto-workflow\\workspace\\references\\attachments\\资产价格波动与中国银行业系统性风险关系研究——基于SRISK指标的实证分析.pdf""]",0,[]
2093,0,[],0,[]
2094,1,"[""C:\\Users\\Ethan\\CoreFiles\\ProjectsFile\\AcademicResearch-auto-workflow\\workspace\\references\\attachments\\银行流动性风险影响房地产公司价值的机制与效果.pdf""]",0,[]
2095,0,[],0,[]
2096,1,"[""C:\\Users\\Ethan\\CoreFiles\\ProjectsFile\\AcademicResearch-auto-workflow\\workspace\\references\\attachments\\货币政策、银行杠杆率与银行系统性风险.pdf""]",0,[]
2097,1,"[""C:\\Users\\Ethan\\CoreFiles\\ProjectsFile\\AcademicResearch-auto-workflow\\workspace\\references\\attachments\\系统性风险防范与多重金融政策搭配——基于DSGE模型的逆周期监管效应分析.pdf""]",0,[]
2098,1,"[""C:\\Users\\Ethan\\CoreFiles\\ProjectsFile\\AcademicResearch-auto-workflow\\workspace\\references\\attachments\\房地产价格波动与银行信贷增长的实证研究.pdf""]",0,[]
2099,1,"[""C:\\Users\\Ethan\\CoreFiles\\ProjectsFile\\AcademicResearch-auto-workflow\\workspace\\references\\attachments\\房地产周期波动的理论与实证研究.pdf""]",0,[]
2100,1,"[""C:\\Users\\Ethan\\CoreFiles\\ProjectsFile\\AcademicResearch-auto-workflow\\workspace\\references\\attachments\\宏观审慎政策：理论发展与中国特色实践创新.pdf""]",0,[]
2101,1,"[""C:\\Users\\Ethan\\CoreFiles\\ProjectsFile\\AcademicResearch-auto-workflow\\workspace\\references\\attachments\\房地产贷款占比对我国商业银行稳健经营能力影响研究.pdf""]",0,[]
2102,1,"[""C:\\Users\\Ethan\\CoreFiles\\ProjectsFile\\AcademicResearch-auto-workflow\\workspace\\references\\attachments\\从金融结构演进角度客观评估影子银行.pdf""]",0,[]
2103,1,"[""C:\\Users\\Ethan\\CoreFiles\\ProjectsFile\\AcademicResearch-auto-workflow\\workspace\\references\\attachments\\后危机时代我国宏观审慎性管理制度研究.pdf""]",0,[]
2104,1,"[""C:\\Users\\Ethan\\CoreFiles\\ProjectsFile\\AcademicResearch-auto-workflow\\workspace\\references\\attachments\\中小银行市场退出预警机制研究.pdf""]",0,[]
2105,1,"[""C:\\Users\\Ethan\\CoreFiles\\ProjectsFile\\AcademicResearch-auto-workflow\\workspace\\references\\attachments\\基于复杂网络理论的银行系统性风险传染研究.pdf""]",0,[]
2106,1,"[""C:\\Users\\Ethan\\CoreFiles\\ProjectsFile\\AcademicResearch-auto-workflow\\workspace\\references\\attachments\\基于百度搜索指数的房地产调控政策效果研究.pdf""]",0,[]
2107,1,"[""C:\\Users\\Ethan\\CoreFiles\\ProjectsFile\\AcademicResearch-auto-workflow\\workspace\\references\\attachments\\我国房地产业的系统性金融风险研究.pdf""]",0,[]
2108,1,"[""C:\\Users\\Ethan\\CoreFiles\\ProjectsFile\\AcademicResearch-auto-workflow\\workspace\\references\\attachments\\银行信贷对房地产价格波动影响研究——以日照市为例.pdf""]",0,[]
2109,1,"[""C:\\Users\\Ethan\\CoreFiles\\ProjectsFile\\AcademicResearch-auto-workflow\\workspace\\references\\attachments\\市场传闻、澄清公告对银行系统性风险的影响研究——基于2006-2014年的传闻数据.pdf""]",0,[]
2110,1,"[""C:\\Users\\Ethan\\CoreFiles\\ProjectsFile\\AcademicResearch-auto-workflow\\workspace\\references\\attachments\\从货币发行量看房地产价格波动——基于行为金融学.pdf""]",0,[]
2111,1,"[""C:\\Users\\Ethan\\CoreFiles\\ProjectsFile\\AcademicResearch-auto-workflow\\workspace\\references\\attachments\\长沙工商银行房地产开发贷款的风险管理研究.pdf""]",0,[]
2112,1,"[""C:\\Users\\Ethan\\CoreFiles\\ProjectsFile\\AcademicResearch-auto-workflow\\workspace\\references\\attachments\\影子银行信贷对房地产企业的影响.pdf""]",0,[]
2113,1,"[""C:\\Users\\Ethan\\CoreFiles\\ProjectsFile\\AcademicResearch-auto-workflow\\workspace\\references\\attachments\\我国房地产价格泡沫及其引致因素实证分析.pdf""]",0,[]
2114,1,"[""C:\\Users\\Ethan\\CoreFiles\\ProjectsFile\\AcademicResearch-auto-workflow\\workspace\\references\\attachments\\房地产企业资本结构对股价波动的传递效应分析——基于结构化GARCH模型.pdf""]",0,[]
2115,0,[],0,[]
2116,1,"[""C:\\Users\\Ethan\\CoreFiles\\ProjectsFile\\AcademicResearch-auto-workflow\\workspace\\references\\attachments\\跨行业资产管理业务风险问题及政策建议.pdf""]",0,[]
2117,0,[],0,[]
2118,1,"[""C:\\Users\\Ethan\\CoreFiles\\ProjectsFile\\AcademicResearch-auto-workflow\\workspace\\references\\attachments\\资产价格与银行信贷规模关系的实证研究.pdf""]",0,[]
2119,1,"[""C:\\Users\\Ethan\\CoreFiles\\ProjectsFile\\AcademicResearch-auto-workflow\\workspace\\references\\attachments\\房价波动、房贷扩张与商业银行系统性风险的关联性研究.pdf""]",0,[]
2120,0,[],0,[]
2121,1,"[""C:\\Users\\Ethan\\CoreFiles\\ProjectsFile\\AcademicResearch-auto-workflow\\workspace\\references\\attachments\\存款保险制度、影子银行与银行系统性风险.pdf""]",0,[]
2122,1,"[""C:\\Users\\Ethan\\CoreFiles\\ProjectsFile\\AcademicResearch-auto-workflow\\workspace\\references\\attachments\\我国商业银行的系统性风险指数.pdf""]",0,[]
2123,1,"[""C:\\Users\\Ethan\\CoreFiles\\ProjectsFile\\AcademicResearch-auto-workflow\\workspace\\references\\attachments\\我国系统重要性银行测度研究.pdf""]",0,[]
2124,1,"[""C:\\Users\\Ethan\\CoreFiles\\ProjectsFile\\AcademicResearch-auto-workflow\\workspace\\references\\attachments\\中国影子银行的流动性创造和金融稳定性研究.pdf""]",0,[]
2125,1,"[""C:\\Users\\Ethan\\CoreFiles\\ProjectsFile\\AcademicResearch-auto-workflow\\workspace\\references\\attachments\\房地产价格波动对金融稳定性的影响研究.pdf""]",0,[]
2126,1,"[""C:\\Users\\Ethan\\CoreFiles\\ProjectsFile\\AcademicResearch-auto-workflow\\workspace\\references\\attachments\\降低银行业系统风险的几点思考.pdf""]",0,[]
2127,1,"[""C:\\Users\\Ethan\\CoreFiles\\ProjectsFile\\AcademicResearch-auto-workflow\\workspace\\references\\attachments\\引入系统性风险变量的商业银行存款保险定价研究.pdf""]",0,[]
2128,1,"[""C:\\Users\\Ethan\\CoreFiles\\ProjectsFile\\AcademicResearch-auto-workflow\\workspace\\references\\attachments\\美国三方回购市场_机制、系统性风险与监管.pdf""]",0,[]
2129,1,"[""C:\\Users\\Ethan\\CoreFiles\\ProjectsFile\\AcademicResearch-auto-workflow\\workspace\\references\\attachments\\基于银行风险承担视角的房地产信贷政策调控效果研究.pdf""]",0,[]
2130,1,"[""C:\\Users\\Ethan\\CoreFiles\\ProjectsFile\\AcademicResearch-auto-workflow\\workspace\\references\\attachments\\中国房地产市场和股票市场价格波动机制探究.pdf""]",0,[]
2131,1,"[""C:\\Users\\Ethan\\CoreFiles\\ProjectsFile\\AcademicResearch-auto-workflow\\workspace\\references\\attachments\\“双支柱”政策框架对我国商业银行系统性风险的影响研究.pdf""]",0,[]
2132,1,"[""C:\\Users\\Ethan\\CoreFiles\\ProjectsFile\\AcademicResearch-auto-workflow\\workspace\\references\\attachments\\银行业对房地产信贷风险管控的国际经验及启示.pdf""]",0,[]
2133,1,"[""C:\\Users\\Ethan\\CoreFiles\\ProjectsFile\\AcademicResearch-auto-workflow\\workspace\\references\\attachments\\我国银行业系统性风险传染仿真研究.pdf""]",0,[]
2134,1,"[""C:\\Users\\Ethan\\CoreFiles\\ProjectsFile\\AcademicResearch-auto-workflow\\workspace\\references\\attachments\\上市金融机构的风险溢出效应研究.pdf""]",0,[]
2135,1,"[""C:\\Users\\Ethan\\CoreFiles\\ProjectsFile\\AcademicResearch-auto-workflow\\workspace\\references\\attachments\\我国上市金融机构系统性风险及对绩效的影响研究.pdf""]",0,[]
2136,0,[],0,[]
2137,1,"[""C:\\Users\\Ethan\\CoreFiles\\ProjectsFile\\AcademicResearch-auto-workflow\\workspace\\references\\attachments\\房地产价格波动对居民消费的影响研究——基于30个省市自治区的面板数据.pdf""]",0,[]
2138,1,"[""C:\\Users\\Ethan\\CoreFiles\\ProjectsFile\\AcademicResearch-auto-workflow\\workspace\\references\\attachments\\影响房地产市场波动的因素分析.pdf""]",0,[]
2139,1,"[""C:\\Users\\Ethan\\CoreFiles\\ProjectsFile\\AcademicResearch-auto-workflow\\workspace\\references\\attachments\\聚焦新一轮金融业改革开放  打造更具核心竞争力的商业银行.pdf""]",0,[]
2140,1,"[""C:\\Users\\Ethan\\CoreFiles\\ProjectsFile\\AcademicResearch-auto-workflow\\workspace\\references\\attachments\\防范房地产金融风险.pdf""]",0,[]
2141,1,"[""C:\\Users\\Ethan\\CoreFiles\\ProjectsFile\\AcademicResearch-auto-workflow\\workspace\\references\\attachments\\基于行为经济学视角的房地产价格波动分析.pdf""]",0,[]
2142,0,[],0,[]
2143,1,"[""C:\\Users\\Ethan\\CoreFiles\\ProjectsFile\\AcademicResearch-auto-workflow\\workspace\\references\\attachments\\基于银行持有共同资产网络的风险传染研究.pdf""]",0,[]
2144,1,"[""C:\\Users\\Ethan\\CoreFiles\\ProjectsFile\\AcademicResearch-auto-workflow\\workspace\\references\\attachments\\一线城市房地产限贷政策效应研究.pdf""]",0,[]
2145,1,"[""C:\\Users\\Ethan\\CoreFiles\\ProjectsFile\\AcademicResearch-auto-workflow\\workspace\\references\\attachments\\房地产业对金融业系统性风险的溢出效应研究.pdf""]",0,[]
2146,1,"[""C:\\Users\\Ethan\\CoreFiles\\ProjectsFile\\AcademicResearch-auto-workflow\\workspace\\references\\attachments\\我国房地产市场的价格波动与宏观调控效应分析.pdf""]",0,[]
2147,1,"[""C:\\Users\\Ethan\\CoreFiles\\ProjectsFile\\AcademicResearch-auto-workflow\\workspace\\references\\attachments\\主成分分析法确定综合指数的房地产周期波动实证研究——以河北省为例.pdf""]",0,[]
2148,1,"[""C:\\Users\\Ethan\\CoreFiles\\ProjectsFile\\AcademicResearch-auto-workflow\\workspace\\references\\attachments\\防范影子银行引发系统性金融风险重在监管.pdf""]",0,[]
2149,1,"[""C:\\Users\\Ethan\\CoreFiles\\ProjectsFile\\AcademicResearch-auto-workflow\\workspace\\references\\attachments\\我国影子银行对系统性金融风险影响的实证研究——基于2013—2020年省际面板数据.pdf""]",0,[]
2150,1,"[""C:\\Users\\Ethan\\CoreFiles\\ProjectsFile\\AcademicResearch-auto-workflow\\workspace\\references\\attachments\\我国上市商业银行系统性风险的动态相关性研究.pdf""]",0,[]
2151,1,"[""C:\\Users\\Ethan\\CoreFiles\\ProjectsFile\\AcademicResearch-auto-workflow\\workspace\\references\\attachments\\系统动力学在房地产周期波动规律研究中的运用.pdf""]",0,[]
2152,1,"[""C:\\Users\\Ethan\\CoreFiles\\ProjectsFile\\AcademicResearch-auto-workflow\\workspace\\references\\attachments\\货币政策不确定性对银行风险承担的影响.pdf""]",0,[]
2153,1,"[""C:\\Users\\Ethan\\CoreFiles\\ProjectsFile\\AcademicResearch-auto-workflow\\workspace\\references\\attachments\\VAR模型下我国房地产价格波动对区域消费影响研究.pdf""]",0,[]
2154,1,"[""C:\\Users\\Ethan\\CoreFiles\\ProjectsFile\\AcademicResearch-auto-workflow\\workspace\\references\\attachments\\如何理解中国的金融现象？.pdf""]",0,[]
2155,1,"[""C:\\Users\\Ethan\\CoreFiles\\ProjectsFile\\AcademicResearch-auto-workflow\\workspace\\references\\attachments\\影子银行监管法律问题研究.pdf""]",0,[]
2156,1,"[""C:\\Users\\Ethan\\CoreFiles\\ProjectsFile\\AcademicResearch-auto-workflow\\workspace\\references\\attachments\\房价波动对房地产信贷风险的影响分析.pdf""]",0,[]
2157,1,"[""C:\\Users\\Ethan\\CoreFiles\\ProjectsFile\\AcademicResearch-auto-workflow\\workspace\\references\\attachments\\我国货币政策与资产价格波动的动态研究.pdf""]",0,[]
2158,1,"[""C:\\Users\\Ethan\\CoreFiles\\ProjectsFile\\AcademicResearch-auto-workflow\\workspace\\references\\attachments\\科技赋能金融和监管的探索与实践.pdf""]",0,[]
2159,1,"[""C:\\Users\\Ethan\\CoreFiles\\ProjectsFile\\AcademicResearch-auto-workflow\\workspace\\references\\attachments\\商业银行信贷资产同质化对我国系统性风险的影响研究.pdf""]",0,[]
2160,1,"[""C:\\Users\\Ethan\\CoreFiles\\ProjectsFile\\AcademicResearch-auto-workflow\\workspace\\references\\attachments\\中国银行业风险综合评估与宏观审慎监管.pdf""]",0,[]
2161,1,"[""C:\\Users\\Ethan\\CoreFiles\\ProjectsFile\\AcademicResearch-auto-workflow\\workspace\\references\\attachments\\缓解房地产周期性波动的路径选择.pdf""]",0,[]
2162,1,"[""C:\\Users\\Ethan\\CoreFiles\\ProjectsFile\\AcademicResearch-auto-workflow\\workspace\\references\\attachments\\中国城镇居民房地产财富效应实证研究.pdf""]",0,[]
2163,1,"[""C:\\Users\\Ethan\\CoreFiles\\ProjectsFile\\AcademicResearch-auto-workflow\\workspace\\references\\attachments\\企业金融化与系统性风险.pdf""]",0,[]
2164,1,"[""C:\\Users\\Ethan\\CoreFiles\\ProjectsFile\\AcademicResearch-auto-workflow\\workspace\\references\\attachments\\中国(上海)自由贸易试验区金融改革对宏观审慎监管政策的考验.pdf""]",0,[]
2165,1,"[""C:\\Users\\Ethan\\CoreFiles\\ProjectsFile\\AcademicResearch-auto-workflow\\workspace\\references\\attachments\\关于老龄化引发房价波动与房地产信贷风险研究的综述.pdf""]",0,[]
2166,1,"[""C:\\Users\\Ethan\\CoreFiles\\ProjectsFile\\AcademicResearch-auto-workflow\\workspace\\references\\attachments\\监管处罚对上市银行系统性风险的影响研究.pdf""]",0,[]
2167,0,[],0,[]
2168,1,"[""C:\\Users\\Ethan\\CoreFiles\\ProjectsFile\\AcademicResearch-auto-workflow\\workspace\\references\\attachments\\双循环新发展格局下上市商业银行系统性风险及影响因素研究.pdf""]",0,[]
2169,1,"[""C:\\Users\\Ethan\\CoreFiles\\ProjectsFile\\AcademicResearch-auto-workflow\\workspace\\references\\attachments\\防范和化解房地产业金融风险分析.pdf""]",0,[]
2170,1,"[""C:\\Users\\Ethan\\CoreFiles\\ProjectsFile\\AcademicResearch-auto-workflow\\workspace\\references\\attachments\\浅析房地产金融风险.pdf""]",0,[]
2171,1,"[""C:\\Users\\Ethan\\CoreFiles\\ProjectsFile\\AcademicResearch-auto-workflow\\workspace\\references\\attachments\\我国商业银行系统性风险的防范与控制研究.pdf""]",0,[]
2172,1,"[""C:\\Users\\Ethan\\CoreFiles\\ProjectsFile\\AcademicResearch-auto-workflow\\workspace\\references\\attachments\\资产证券化对我国商业银行风险承担的影响.pdf""]",0,[]
2173,1,"[""C:\\Users\\Ethan\\CoreFiles\\ProjectsFile\\AcademicResearch-auto-workflow\\workspace\\references\\attachments\\房地产价格波动对银行系统性风险影响的研究.pdf""]",0,[]
2174,1,"[""C:\\Users\\Ethan\\CoreFiles\\ProjectsFile\\AcademicResearch-auto-workflow\\workspace\\references\\attachments\\武汉房地产周期波动实证研究.pdf""]",0,[]
2175,0,[],0,[]
2176,1,"[""C:\\Users\\Ethan\\CoreFiles\\ProjectsFile\\AcademicResearch-auto-workflow\\workspace\\references\\attachments\\关于国有商业银行信贷风险及其防范的研究.pdf""]",0,[]
2177,1,"[""C:\\Users\\Ethan\\CoreFiles\\ProjectsFile\\AcademicResearch-auto-workflow\\workspace\\references\\attachments\\中国债务水平对系统性风险的影响研究.pdf""]",0,[]
2178,1,"[""C:\\Users\\Ethan\\CoreFiles\\ProjectsFile\\AcademicResearch-auto-workflow\\workspace\\references\\attachments\\基于静态与动态CoVaR方法银行系统性风险研究.pdf""]",0,[]
2179,1,"[""C:\\Users\\Ethan\\CoreFiles\\ProjectsFile\\AcademicResearch-auto-workflow\\workspace\\references\\attachments\\防范商业银行系统性风险.pdf""]",0,[]
2180,0,[],0,[]
2181,1,"[""C:\\Users\\Ethan\\CoreFiles\\ProjectsFile\\AcademicResearch-auto-workflow\\workspace\\references\\attachments\\银行风险与系统性金融风险关系的国外研究综述.pdf""]",0,[]
2182,1,"[""C:\\Users\\Ethan\\CoreFiles\\ProjectsFile\\AcademicResearch-auto-workflow\\workspace\\references\\attachments\\贵阳市房地产价格波动行为金融学研究.pdf""]",0,[]
2183,1,"[""C:\\Users\\Ethan\\CoreFiles\\ProjectsFile\\AcademicResearch-auto-workflow\\workspace\\references\\attachments\\金融系统性风险测度文献综述.pdf""]",0,[]
2184,1,"[""C:\\Users\\Ethan\\CoreFiles\\ProjectsFile\\AcademicResearch-auto-workflow\\workspace\\references\\attachments\\殷兴山_画出最大同心圆.pdf""]",0,[]
2185,1,"[""C:\\Users\\Ethan\\CoreFiles\\ProjectsFile\\AcademicResearch-auto-workflow\\workspace\\references\\attachments\\防范“灰犀牛”_守住风险底线.pdf""]",0,[]
2186,1,"[""C:\\Users\\Ethan\\CoreFiles\\ProjectsFile\\AcademicResearch-auto-workflow\\workspace\\references\\attachments\\问题银行的判断与破产早期干预机制.pdf""]",0,[]
2187,1,"[""C:\\Users\\Ethan\\CoreFiles\\ProjectsFile\\AcademicResearch-auto-workflow\\workspace\\references\\attachments\\我国房价与GDP的相关性研究.pdf""]",0,[]
2188,1,"[""C:\\Users\\Ethan\\CoreFiles\\ProjectsFile\\AcademicResearch-auto-workflow\\workspace\\references\\attachments\\集成随机森林和支持向量机的商业银行财务困境预测研究.pdf""]",0,[]
2189,1,"[""C:\\Users\\Ethan\\CoreFiles\\ProjectsFile\\AcademicResearch-auto-workflow\\workspace\\references\\attachments\\银行金融科技对企业债务资源配置的优化研究.pdf""]",0,[]
2190,1,"[""C:\\Users\\Ethan\\CoreFiles\\ProjectsFile\\AcademicResearch-auto-workflow\\workspace\\references\\attachments\\西安市房地产市场周期波动研究.pdf""]",0,[]
2191,1,"[""C:\\Users\\Ethan\\CoreFiles\\ProjectsFile\\AcademicResearch-auto-workflow\\workspace\\references\\attachments\\房地产业经济特征与信贷风险防范.pdf""]",0,[]
2192,1,"[""C:\\Users\\Ethan\\CoreFiles\\ProjectsFile\\AcademicResearch-auto-workflow\\workspace\\references\\attachments\\利率水平变动对商业银行系统性风险的动态影响研究.pdf""]",0,[]
2193,1,"[""C:\\Users\\Ethan\\CoreFiles\\ProjectsFile\\AcademicResearch-auto-workflow\\workspace\\references\\attachments\\房地产投资与经济波动的相互影响问题研究.pdf""]",0,[]
2194,1,"[""C:\\Users\\Ethan\\CoreFiles\\ProjectsFile\\AcademicResearch-auto-workflow\\workspace\\references\\attachments\\再接再厉  扎实工作  确保全年各项任务顺利完成.pdf""]",0,[]
2195,1,"[""C:\\Users\\Ethan\\CoreFiles\\ProjectsFile\\AcademicResearch-auto-workflow\\workspace\\references\\attachments\\基于银行-资产双边网络模型的系统性风险及投资策略研究.pdf""]",0,[]
2196,1,"[""C:\\Users\\Ethan\\CoreFiles\\ProjectsFile\\AcademicResearch-auto-workflow\\workspace\\references\\attachments\\政府金融审计对商业银行系统性风险的影响研究.pdf""]",0,[]
2197,1,"[""C:\\Users\\Ethan\\CoreFiles\\ProjectsFile\\AcademicResearch-auto-workflow\\workspace\\references\\attachments\\浅析影子银行对商业银行的影响及风险管控措施.pdf""]",0,[]
2198,1,"[""C:\\Users\\Ethan\\CoreFiles\\ProjectsFile\\AcademicResearch-auto-workflow\\workspace\\references\\attachments\\中小银行整合加速.pdf""]",0,[]
2199,1,"[""C:\\Users\\Ethan\\CoreFiles\\ProjectsFile\\AcademicResearch-auto-workflow\\workspace\\references\\attachments\\影子银行对我国系统性金融风险的影响研究.pdf""]",0,[]
2200,1,"[""C:\\Users\\Ethan\\CoreFiles\\ProjectsFile\\AcademicResearch-auto-workflow\\workspace\\references\\attachments\\深圳房地产价格影响因素的实证研究.pdf""]",0,[]
2201,1,"[""C:\\Users\\Ethan\\CoreFiles\\ProjectsFile\\AcademicResearch-auto-workflow\\workspace\\references\\attachments\\以系统重要性银行为重点  筑牢系统性金融风险防线.pdf""]",0,[]
2202,1,"[""C:\\Users\\Ethan\\CoreFiles\\ProjectsFile\\AcademicResearch-auto-workflow\\workspace\\references\\attachments\\基于CoES模型的我国商业银行系统性风险度量.pdf""]",0,[]
2203,1,"[""C:\\Users\\Ethan\\CoreFiles\\ProjectsFile\\AcademicResearch-auto-workflow\\workspace\\references\\attachments\\房地产价格与城市价值相关性实证研究.pdf""]",0,[]
2204,1,"[""C:\\Users\\Ethan\\CoreFiles\\ProjectsFile\\AcademicResearch-auto-workflow\\workspace\\references\\attachments\\经济政策不确定性、投资者情绪与银行系统性金融风险.pdf""]",0,[]
2205,1,"[""C:\\Users\\Ethan\\CoreFiles\\ProjectsFile\\AcademicResearch-auto-workflow\\workspace\\references\\attachments\\低碳转型与银行系统性风险——基于低碳城市试点的经验证据.pdf""]",0,[]
2206,1,"[""C:\\Users\\Ethan\\CoreFiles\\ProjectsFile\\AcademicResearch-auto-workflow\\workspace\\references\\attachments\\非利息收入对上市银行系统性风险的影响研究.pdf""]",0,[]
2207,1,"[""C:\\Users\\Ethan\\CoreFiles\\ProjectsFile\\AcademicResearch-auto-workflow\\workspace\\references\\attachments\\我国商业银行系统风险贡献度评估研究.pdf""]",0,[]
2208,1,"[""C:\\Users\\Ethan\\CoreFiles\\ProjectsFile\\AcademicResearch-auto-workflow\\workspace\\references\\attachments\\业务多元化对银行系统性风险及其周期性的影响——基于“服务中介型”与“金融市场型”的分析.pdf""]",0,[]
2209,1,"[""C:\\Users\\Ethan\\CoreFiles\\ProjectsFile\\AcademicResearch-auto-workflow\\workspace\\references\\attachments\\银行信贷对不同区域房地产价格的影响分析.pdf""]",0,[]
2210,1,"[""C:\\Users\\Ethan\\CoreFiles\\ProjectsFile\\AcademicResearch-auto-workflow\\workspace\\references\\attachments\\基于中国房地产“去杠杆”与波动溢出视角的生产网络传递效应研究.pdf""]",0,[]
2211,1,"[""C:\\Users\\Ethan\\CoreFiles\\ProjectsFile\\AcademicResearch-auto-workflow\\workspace\\references\\attachments\\系统性风险下商业银行经营策略研究.pdf""]",0,[]
2212,1,"[""C:\\Users\\Ethan\\CoreFiles\\ProjectsFile\\AcademicResearch-auto-workflow\\workspace\\references\\attachments\\浅析房地产经济波动.pdf""]",0,[]
2213,1,"[""C:\\Users\\Ethan\\CoreFiles\\ProjectsFile\\AcademicResearch-auto-workflow\\workspace\\references\\attachments\\我国房地产业与银行业的相关性及风险溢出性研究.pdf""]",0,[]
2214,1,"[""C:\\Users\\Ethan\\CoreFiles\\ProjectsFile\\AcademicResearch-auto-workflow\\workspace\\references\\attachments\\我国房地产市场价格波动的经济学解释.pdf""]",0,[]
2215,1,"[""C:\\Users\\Ethan\\CoreFiles\\ProjectsFile\\AcademicResearch-auto-workflow\\workspace\\references\\attachments\\发展我国房地产投资信托的必要性及障碍分析.pdf""]",0,[]
2216,1,"[""C:\\Users\\Ethan\\CoreFiles\\ProjectsFile\\AcademicResearch-auto-workflow\\workspace\\references\\attachments\\货币政策、宏观审慎政策与银行系统性风险.pdf""]",0,[]
2217,1,"[""C:\\Users\\Ethan\\CoreFiles\\ProjectsFile\\AcademicResearch-auto-workflow\\workspace\\references\\attachments\\引领经济发展新常态需要加强党对金融的领导.pdf""]",0,[]
2218,1,"[""C:\\Users\\Ethan\\CoreFiles\\ProjectsFile\\AcademicResearch-auto-workflow\\workspace\\references\\attachments\\资产短缺、房地产市场价格波动与中国通货膨胀.pdf""]",0,[]
2219,1,"[""C:\\Users\\Ethan\\CoreFiles\\ProjectsFile\\AcademicResearch-auto-workflow\\workspace\\references\\attachments\\试论我国房地产周期波动与当前政府宏观调控.pdf""]",0,[]
2220,1,"[""C:\\Users\\Ethan\\CoreFiles\\ProjectsFile\\AcademicResearch-auto-workflow\\workspace\\references\\attachments\\重庆市房地产周期波动理论与实证研究.pdf""]",0,[]
2221,0,[],0,[]
2222,1,"[""C:\\Users\\Ethan\\CoreFiles\\ProjectsFile\\AcademicResearch-auto-workflow\\workspace\\references\\attachments\\激进加息反噬美欧银行业  进退两难系统性风险加大.pdf""]",0,[]
2223,1,"[""C:\\Users\\Ethan\\CoreFiles\\ProjectsFile\\AcademicResearch-auto-workflow\\workspace\\references\\attachments\\银行信贷与房地产价格之间的影响机制和效应分析.pdf""]",0,[]
2224,1,"[""C:\\Users\\Ethan\\CoreFiles\\ProjectsFile\\AcademicResearch-auto-workflow\\workspace\\references\\attachments\\商业银行系统性风险_类别、机制与管理.pdf""]",0,[]
2225,1,"[""C:\\Users\\Ethan\\CoreFiles\\ProjectsFile\\AcademicResearch-auto-workflow\\workspace\\references\\attachments\\金融杠杆对我国商业银行系统性风险的异质性影响——基于MS-VAR模型的实证研究.pdf""]",0,[]
2226,1,"[""C:\\Users\\Ethan\\CoreFiles\\ProjectsFile\\AcademicResearch-auto-workflow\\workspace\\references\\attachments\\地方政府债务与省域系统性金融风险.pdf""]",0,[]
2227,1,"[""C:\\Users\\Ethan\\CoreFiles\\ProjectsFile\\AcademicResearch-auto-workflow\\workspace\\references\\attachments\\存款保险制度能有效降低商业银行风险吗_——基于CAPM模型的实证研究.pdf""]",0,[]
2228,1,"[""C:\\Users\\Ethan\\CoreFiles\\ProjectsFile\\AcademicResearch-auto-workflow\\workspace\\references\\attachments\\房地产经济周期性波动及发展趋势分析.pdf""]",0,[]
2229,1,"[""C:\\Users\\Ethan\\CoreFiles\\ProjectsFile\\AcademicResearch-auto-workflow\\workspace\\references\\attachments\\房价波动中再议房地产抵押价值评估风险.pdf""]",0,[]
2230,0,[],0,[]
2231,1,"[""C:\\Users\\Ethan\\CoreFiles\\ProjectsFile\\AcademicResearch-auto-workflow\\workspace\\references\\attachments\\浙江省房地产价格波动对宏观经济及部门经济的影响.pdf""]",0,[]
2232,1,"[""C:\\Users\\Ethan\\CoreFiles\\ProjectsFile\\AcademicResearch-auto-workflow\\workspace\\references\\attachments\\基于情感分析的投资者情绪对房价波动影响的实证研究.pdf""]",0,[]
2233,1,"[""C:\\Users\\Ethan\\CoreFiles\\ProjectsFile\\AcademicResearch-auto-workflow\\workspace\\references\\attachments\\房地产市场和股票市场周期波动的关系研究——基于上海的实证分析.pdf""]",0,[]
2234,1,"[""C:\\Users\\Ethan\\CoreFiles\\ProjectsFile\\AcademicResearch-auto-workflow\\workspace\\references\\attachments\\基于银行间市场网络的系统性风险传染研究.pdf""]",0,[]
2235,1,"[""C:\\Users\\Ethan\\CoreFiles\\ProjectsFile\\AcademicResearch-auto-workflow\\workspace\\references\\attachments\\房地产价格波动与宏观经济的时变关联性分析.pdf""]",0,[]
2236,1,"[""C:\\Users\\Ethan\\CoreFiles\\ProjectsFile\\AcademicResearch-auto-workflow\\workspace\\references\\attachments\\系统性金融风险防控体系研究——基于金稳会组织架构.pdf""]",0,[]
2237,1,"[""C:\\Users\\Ethan\\CoreFiles\\ProjectsFile\\AcademicResearch-auto-workflow\\workspace\\references\\attachments\\我国商业银行非利息收入对系统性风险影响效应研究.pdf""]",0,[]
2238,0,[],0,[]
2239,1,"[""C:\\Users\\Ethan\\CoreFiles\\ProjectsFile\\AcademicResearch-auto-workflow\\workspace\\references\\attachments\\利率市场化的宏观效应分析和政策建议.pdf""]",0,[]
2240,1,"[""C:\\Users\\Ethan\\CoreFiles\\ProjectsFile\\AcademicResearch-auto-workflow\\workspace\\references\\attachments\\地方财政压力、土地财政与“房价棘轮效应”及其调控策略研究.pdf""]",0,[]
2241,1,"[""C:\\Users\\Ethan\\CoreFiles\\ProjectsFile\\AcademicResearch-auto-workflow\\workspace\\references\\attachments\\一城一策下房地产价格波动的理论模型及实证研究.pdf""]",0,[]
2242,1,"[""C:\\Users\\Ethan\\CoreFiles\\ProjectsFile\\AcademicResearch-auto-workflow\\workspace\\references\\attachments\\关于金融稳定目标与宏观经济政策匹配问题的研究.pdf""]",0,[]
2243,1,"[""C:\\Users\\Ethan\\CoreFiles\\ProjectsFile\\AcademicResearch-auto-workflow\\workspace\\references\\attachments\\房地产市场波动对房贷影响加大.pdf""]",0,[]
2244,1,"[""C:\\Users\\Ethan\\CoreFiles\\ProjectsFile\\AcademicResearch-auto-workflow\\workspace\\references\\attachments\\中国银行同业业务_现状、类型、风险和应对.pdf""]",0,[]
2245,1,"[""C:\\Users\\Ethan\\CoreFiles\\ProjectsFile\\AcademicResearch-auto-workflow\\workspace\\references\\attachments\\论银行“太大不能倒”原则  兼评美国《2010华尔街改革与消费者保护法案》.pdf""]",0,[]
2246,1,"[""C:\\Users\\Ethan\\CoreFiles\\ProjectsFile\\AcademicResearch-auto-workflow\\workspace\\references\\attachments\\上证50是否调整到位.pdf""]",0,[]
2247,1,"[""C:\\Users\\Ethan\\CoreFiles\\ProjectsFile\\AcademicResearch-auto-workflow\\workspace\\references\\attachments\\中国房地产的周期波动影响因素与传导机制分析.pdf""]",0,[]
2248,1,"[""C:\\Users\\Ethan\\CoreFiles\\ProjectsFile\\AcademicResearch-auto-workflow\\workspace\\references\\attachments\\我国银行业系统性风险分析.pdf""]",0,[]
2249,1,"[""C:\\Users\\Ethan\\CoreFiles\\ProjectsFile\\AcademicResearch-auto-workflow\\workspace\\references\\attachments\\房地产价格波动的宏观经济及部门经济影响——基于可计算一般均衡模型的定量分析.pdf""]",0,[]
2250,1,"[""C:\\Users\\Ethan\\CoreFiles\\ProjectsFile\\AcademicResearch-auto-workflow\\workspace\\references\\attachments\\考虑多渠道风险溢出特征的银行业系统性风险预警研究.pdf""]",0,[]
2251,1,"[""C:\\Users\\Ethan\\CoreFiles\\ProjectsFile\\AcademicResearch-auto-workflow\\workspace\\references\\attachments\\房地产波动周期的博弈分析.pdf""]",0,[]
2252,1,"[""C:\\Users\\Ethan\\CoreFiles\\ProjectsFile\\AcademicResearch-auto-workflow\\workspace\\references\\attachments\\影子银行、地方政府债务及金融发展动态关系研究——基于省级面板VAR模型.pdf""]",0,[]
2253,1,"[""C:\\Users\\Ethan\\CoreFiles\\ProjectsFile\\AcademicResearch-auto-workflow\\workspace\\references\\attachments\\房地产价格、影子银行规模与系统性金融风险.pdf""]",0,[]
2254,0,[],0,[]
2255,1,"[""C:\\Users\\Ethan\\CoreFiles\\ProjectsFile\\AcademicResearch-auto-workflow\\workspace\\references\\attachments\\华商银行流动性风险管理改进研究.pdf""]",0,[]
2256,1,"[""C:\\Users\\Ethan\\CoreFiles\\ProjectsFile\\AcademicResearch-auto-workflow\\workspace\\references\\attachments\\房地产业贷款存在的风险及建议.pdf""]",0,[]
2257,1,"[""C:\\Users\\Ethan\\CoreFiles\\ProjectsFile\\AcademicResearch-auto-workflow\\workspace\\references\\attachments\\房地产市场、银行体系与中国宏观经济波动——基于多部门动态随机一般均衡模型的分析.pdf""]",0,[]
2258,1,"[""C:\\Users\\Ethan\\CoreFiles\\ProjectsFile\\AcademicResearch-auto-workflow\\workspace\\references\\attachments\\金融风险监测、预警及防范对策研究(上).pdf""]",0,[]
2259,1,"[""C:\\Users\\Ethan\\CoreFiles\\ProjectsFile\\AcademicResearch-auto-workflow\\workspace\\references\\attachments\\中国影子银行顺周期性的结构性特征分析——基于交叉谱的实证.pdf""]",0,[]
2260,1,"[""C:\\Users\\Ethan\\CoreFiles\\ProjectsFile\\AcademicResearch-auto-workflow\\workspace\\references\\attachments\\流动性与商业银行系统性风险研究.pdf""]",0,[]
2261,1,"[""C:\\Users\\Ethan\\CoreFiles\\ProjectsFile\\AcademicResearch-auto-workflow\\workspace\\references\\attachments\\房价区域差异对制造业集聚的影响效应研究.pdf""]",0,[]
2262,1,"[""C:\\Users\\Ethan\\CoreFiles\\ProjectsFile\\AcademicResearch-auto-workflow\\workspace\\references\\attachments\\银行系统稳定性问题.pdf""]",0,[]
2263,1,"[""C:\\Users\\Ethan\\CoreFiles\\ProjectsFile\\AcademicResearch-auto-workflow\\workspace\\references\\attachments\\货币利差、“热钱”流动与商业银行系统性风险——兼论宏观审慎政策的有效性.pdf""]",0,[]
2264,1,"[""C:\\Users\\Ethan\\CoreFiles\\ProjectsFile\\AcademicResearch-auto-workflow\\workspace\\references\\attachments\\中国商业银行风险溢出效应实证研究——基于CoVaR技术分析.pdf""]",0,[]
2265,1,"[""C:\\Users\\Ethan\\CoreFiles\\ProjectsFile\\AcademicResearch-auto-workflow\\workspace\\references\\attachments\\房地产价格波动与商业银行贷款损失准备——基于中国城市商业银行的实证研究.pdf""]",0,[]
2266,1,"[""C:\\Users\\Ethan\\CoreFiles\\ProjectsFile\\AcademicResearch-auto-workflow\\workspace\\references\\attachments\\中国城市房地产价格波动与风险值研究.pdf""]",0,[]
2267,1,"[""C:\\Users\\Ethan\\CoreFiles\\ProjectsFile\\AcademicResearch-auto-workflow\\workspace\\references\\attachments\\基于同业拆借网络模型的商业银行系统性风险研究.pdf""]",0,[]
2268,1,"[""C:\\Users\\Ethan\\CoreFiles\\ProjectsFile\\AcademicResearch-auto-workflow\\workspace\\references\\attachments\\我国房地产价格波动与金融稳定关系研究：指数构建和影响分析.pdf""]",0,[]
2269,1,"[""C:\\Users\\Ethan\\CoreFiles\\ProjectsFile\\AcademicResearch-auto-workflow\\workspace\\references\\attachments\\基于支持向量机的银行系统重要性评估研究.pdf""]",0,[]
2270,1,"[""C:\\Users\\Ethan\\CoreFiles\\ProjectsFile\\AcademicResearch-auto-workflow\\workspace\\references\\attachments\\我国商业银行非利息收入对银行系统性风险影响研究.pdf""]",0,[]
2271,1,"[""C:\\Users\\Ethan\\CoreFiles\\ProjectsFile\\AcademicResearch-auto-workflow\\workspace\\references\\attachments\\房地产金融风险防范的探讨.pdf""]",0,[]
2272,1,"[""C:\\Users\\Ethan\\CoreFiles\\ProjectsFile\\AcademicResearch-auto-workflow\\workspace\\references\\attachments\\新冠疫情背景下央行货币政策与银行系统性风险之间的关系研究.pdf""]",0,[]
2273,1,"[""C:\\Users\\Ethan\\CoreFiles\\ProjectsFile\\AcademicResearch-auto-workflow\\workspace\\references\\attachments\\我国宏观审慎政策有效性研究.pdf""]",0,[]
2274,0,[],0,[]
2275,1,"[""C:\\Users\\Ethan\\CoreFiles\\ProjectsFile\\AcademicResearch-auto-workflow\\workspace\\references\\attachments\\第三方支付对于我国上市商业银行系统性风险的影响研究.pdf""]",0,[]
2276,1,"[""C:\\Users\\Ethan\\CoreFiles\\ProjectsFile\\AcademicResearch-auto-workflow\\workspace\\references\\attachments\\资产证券化、同业存单与银行系统性风险——基于聚合与条件的时频域连通性方法.pdf""]",0,[]
2277,1,"[""C:\\Users\\Ethan\\CoreFiles\\ProjectsFile\\AcademicResearch-auto-workflow\\workspace\\references\\attachments\\社会信任与银行系统性风险.pdf""]",0,[]
2278,0,[],0,[]
2279,1,"[""C:\\Users\\Ethan\\CoreFiles\\ProjectsFile\\AcademicResearch-auto-workflow\\workspace\\references\\attachments\\房地产经济波动的影响因素及完善对策.pdf""]",0,[]
2280,0,[],0,[]
2281,1,"[""C:\\Users\\Ethan\\CoreFiles\\ProjectsFile\\AcademicResearch-auto-workflow\\workspace\\references\\attachments\\基于熵最优化的中国商业银行系统性风险传染效应的实证研究.pdf""]",0,[]
2282,1,"[""C:\\Users\\Ethan\\CoreFiles\\ProjectsFile\\AcademicResearch-auto-workflow\\workspace\\references\\attachments\\信息披露、存款保险制度与银行系统性风险.pdf""]",0,[]
2283,1,"[""C:\\Users\\Ethan\\CoreFiles\\ProjectsFile\\AcademicResearch-auto-workflow\\workspace\\references\\attachments\\中国上市商业银行系统性风险溢出效应研究.pdf""]",0,[]
2284,0,[],0,[]
2285,1,"[""C:\\Users\\Ethan\\CoreFiles\\ProjectsFile\\AcademicResearch-auto-workflow\\workspace\\references\\attachments\\非利息收入对商业银行系统性风险溢出效应的研究.pdf""]",0,[]
2286,0,[],0,[]
2287,1,"[""C:\\Users\\Ethan\\CoreFiles\\ProjectsFile\\AcademicResearch-auto-workflow\\workspace\\references\\attachments\\系统性风险分担、银行体系脆弱性与银行安全.pdf""]",0,[]
2288,1,"[""C:\\Users\\Ethan\\CoreFiles\\ProjectsFile\\AcademicResearch-auto-workflow\\workspace\\references\\attachments\\租购并举、货币政策与房地产市场波动.pdf""]",0,[]
2289,1,"[""C:\\Users\\Ethan\\CoreFiles\\ProjectsFile\\AcademicResearch-auto-workflow\\workspace\\references\\attachments\\关于房地产投资的羊群行为研究.pdf""]",0,[]
2290,1,"[""C:\\Users\\Ethan\\CoreFiles\\ProjectsFile\\AcademicResearch-auto-workflow\\workspace\\references\\attachments\\经济政策不确定性、网络关联性与银行业系统性风险——基于中国上市银行的实证检验.pdf""]",0,[]
2291,1,"[""C:\\Users\\Ethan\\CoreFiles\\ProjectsFile\\AcademicResearch-auto-workflow\\workspace\\references\\attachments\\银行业系统性风险与资本补充行为研究——来自16家上市银行的证据.pdf""]",0,[]
2292,1,"[""C:\\Users\\Ethan\\CoreFiles\\ProjectsFile\\AcademicResearch-auto-workflow\\workspace\\references\\attachments\\我国房地产价格波动与供需状态的影响分析.pdf""]",0,[]
2293,1,"[""C:\\Users\\Ethan\\CoreFiles\\ProjectsFile\\AcademicResearch-auto-workflow\\workspace\\references\\attachments\\我国房地产经济波动的形成原因及对策分析.pdf""]",0,[]
2294,1,"[""C:\\Users\\Ethan\\CoreFiles\\ProjectsFile\\AcademicResearch-auto-workflow\\workspace\\references\\attachments\\资产证券化对中国商业银行风险状况的影响研究.pdf""]",0,[]
2295,1,"[""C:\\Users\\Ethan\\CoreFiles\\ProjectsFile\\AcademicResearch-auto-workflow\\workspace\\references\\attachments\\商业银行守住系统性金融风险底线的策略研究.pdf""]",0,[]
2296,1,"[""C:\\Users\\Ethan\\CoreFiles\\ProjectsFile\\AcademicResearch-auto-workflow\\workspace\\references\\attachments\\我国商业银行市场风险计量及波动性研究.pdf""]",0,[]
2297,1,"[""C:\\Users\\Ethan\\CoreFiles\\ProjectsFile\\AcademicResearch-auto-workflow\\workspace\\references\\attachments\\房地产价格波动对我国金融脆弱性的影响研究.pdf""]",0,[]
2298,1,"[""C:\\Users\\Ethan\\CoreFiles\\ProjectsFile\\AcademicResearch-auto-workflow\\workspace\\references\\attachments\\市场约束、商业银行治理与风险的实证研究.pdf""]",0,[]
2299,1,"[""C:\\Users\\Ethan\\CoreFiles\\ProjectsFile\\AcademicResearch-auto-workflow\\workspace\\references\\attachments\\房地产价格波动与银行信贷支持关系研究.pdf""]",0,[]
2300,1,"[""C:\\Users\\Ethan\\CoreFiles\\ProjectsFile\\AcademicResearch-auto-workflow\\workspace\\references\\attachments\\正确理解实施稳健货币政策的现实重要性.pdf""]",0,[]
2301,1,"[""C:\\Users\\Ethan\\CoreFiles\\ProjectsFile\\AcademicResearch-auto-workflow\\workspace\\references\\attachments\\房地产经济波动与个人住房抵押贷款风险的探讨.pdf""]",0,[]
2302,1,"[""C:\\Users\\Ethan\\CoreFiles\\ProjectsFile\\AcademicResearch-auto-workflow\\workspace\\references\\attachments\\银行信贷对房地产价格波动的影响及其经验分析研究.pdf""]",0,[]
2303,1,"[""C:\\Users\\Ethan\\CoreFiles\\ProjectsFile\\AcademicResearch-auto-workflow\\workspace\\references\\attachments\\我国货币政策通过房地产价格传导的效应研究.pdf""]",0,[]
2304,1,"[""C:\\Users\\Ethan\\CoreFiles\\ProjectsFile\\AcademicResearch-auto-workflow\\workspace\\references\\attachments\\中国商业银行流动性溢出效应研究.pdf""]",0,[]
2305,1,"[""C:\\Users\\Ethan\\CoreFiles\\ProjectsFile\\AcademicResearch-auto-workflow\\workspace\\references\\attachments\\房地产债务风险分析及银行的应对策略.pdf""]",0,[]
2306,1,"[""C:\\Users\\Ethan\\CoreFiles\\ProjectsFile\\AcademicResearch-auto-workflow\\workspace\\references\\attachments\\银行加息对房地产市场的影响.pdf""]",0,[]
2307,1,"[""C:\\Users\\Ethan\\CoreFiles\\ProjectsFile\\AcademicResearch-auto-workflow\\workspace\\references\\attachments\\外源系统性风险及防范制度设计.pdf""]",0,[]
2308,1,"[""C:\\Users\\Ethan\\CoreFiles\\ProjectsFile\\AcademicResearch-auto-workflow\\workspace\\references\\attachments\\金融行政处罚与银行风险——基于“双罚制”和处罚类型视角.pdf""]",0,[]
2309,1,"[""C:\\Users\\Ethan\\CoreFiles\\ProjectsFile\\AcademicResearch-auto-workflow\\workspace\\references\\attachments\\中国房地产周期波动的实证研究.pdf""]",0,[]
2310,1,"[""C:\\Users\\Ethan\\CoreFiles\\ProjectsFile\\AcademicResearch-auto-workflow\\workspace\\references\\attachments\\金融开放下中国影子银行对银行系统性风险的影响研究.pdf""]",0,[]
2311,1,"[""C:\\Users\\Ethan\\CoreFiles\\ProjectsFile\\AcademicResearch-auto-workflow\\workspace\\references\\attachments\\盈余管理能否降低商业银行系统性风险？——基于中国上市银行的证据.pdf""]",0,[]
2312,1,"[""C:\\Users\\Ethan\\CoreFiles\\ProjectsFile\\AcademicResearch-auto-workflow\\workspace\\references\\attachments\\我国房地产价格波动与通货膨胀相关关系的研究.pdf""]",0,[]
2313,1,"[""C:\\Users\\Ethan\\CoreFiles\\ProjectsFile\\AcademicResearch-auto-workflow\\workspace\\references\\attachments\\房地产价格波动对中国物价的影响——基于投入产出价格影响模型.pdf""]",0,[]
2314,0,[],0,[]
2315,1,"[""C:\\Users\\Ethan\\CoreFiles\\ProjectsFile\\AcademicResearch-auto-workflow\\workspace\\references\\attachments\\杭州房地产周期波动及与日本、中国香港的对比分析.pdf""]",0,[]
2316,0,[],0,[]
2317,1,"[""C:\\Users\\Ethan\\CoreFiles\\ProjectsFile\\AcademicResearch-auto-workflow\\workspace\\references\\attachments\\我国影子银行存在的系统性风险及应对措施.pdf""]",0,[]
2318,1,"[""C:\\Users\\Ethan\\CoreFiles\\ProjectsFile\\AcademicResearch-auto-workflow\\workspace\\references\\attachments\\“强监管”对商业银行的影响分析.pdf""]",0,[]
2319,1,"[""C:\\Users\\Ethan\\CoreFiles\\ProjectsFile\\AcademicResearch-auto-workflow\\workspace\\references\\attachments\\我国商业银行系统性风险传染及防范研究——基于社会网络视角.pdf""]",0,[]
2320,1,"[""C:\\Users\\Ethan\\CoreFiles\\ProjectsFile\\AcademicResearch-auto-workflow\\workspace\\references\\attachments\\转型之下，物业企业如何突围.pdf""]",0,[]
2321,1,"[""C:\\Users\\Ethan\\CoreFiles\\ProjectsFile\\AcademicResearch-auto-workflow\\workspace\\references\\attachments\\我国上市金融机构系统性风险溢出研究——基于CoVaR和MES的比较分析.pdf""]",0,[]
2322,0,[],0,[]
2323,1,"[""C:\\Users\\Ethan\\CoreFiles\\ProjectsFile\\AcademicResearch-auto-workflow\\workspace\\references\\attachments\\金融紧缩政策对房地产行业的影响.pdf""]",0,[]
2324,1,"[""C:\\Users\\Ethan\\CoreFiles\\ProjectsFile\\AcademicResearch-auto-workflow\\workspace\\references\\attachments\\银信混业经营、价值创造与风险水平——以兴业银行并购联华信托为例.pdf""]",0,[]
2325,1,"[""C:\\Users\\Ethan\\CoreFiles\\ProjectsFile\\AcademicResearch-auto-workflow\\workspace\\references\\attachments\\区域性金融监管体系中金融审计价值研究.pdf""]",0,[]
2326,1,"[""C:\\Users\\Ethan\\CoreFiles\\ProjectsFile\\AcademicResearch-auto-workflow\\workspace\\references\\attachments\\银行存贷利率上调对房地产行业的影响.pdf""]",0,[]
2327,0,[],0,[]
2328,1,"[""C:\\Users\\Ethan\\CoreFiles\\ProjectsFile\\AcademicResearch-auto-workflow\\workspace\\references\\attachments\\商业银行流动性比率对系统性风险的影响研究——基于数字普惠金融的调节效应.pdf""]",0,[]
2329,1,"[""C:\\Users\\Ethan\\CoreFiles\\ProjectsFile\\AcademicResearch-auto-workflow\\workspace\\references\\attachments\\我国房地产周期研究.pdf""]",0,[]
2330,1,"[""C:\\Users\\Ethan\\CoreFiles\\ProjectsFile\\AcademicResearch-auto-workflow\\workspace\\references\\attachments\\中国金融与经济周期中的非对称性：理论与实证.pdf""]",0,[]
2331,1,"[""C:\\Users\\Ethan\\CoreFiles\\ProjectsFile\\AcademicResearch-auto-workflow\\workspace\\references\\attachments\\全面提升我国金融体系的活力与竞争力.pdf""]",0,[]
2332,1,"[""C:\\Users\\Ethan\\CoreFiles\\ProjectsFile\\AcademicResearch-auto-workflow\\workspace\\references\\attachments\\中国房价异常性波动的实证研究.pdf""]",0,[]
2333,1,"[""C:\\Users\\Ethan\\CoreFiles\\ProjectsFile\\AcademicResearch-auto-workflow\\workspace\\references\\attachments\\金融审计推动金融监管体制改革的路径研究.pdf""]",0,[]
2334,1,"[""C:\\Users\\Ethan\\CoreFiles\\ProjectsFile\\AcademicResearch-auto-workflow\\workspace\\references\\attachments\\房地产市场预期变化、信贷冲击与宏观经济波动.pdf""]",0,[]
2335,1,"[""C:\\Users\\Ethan\\CoreFiles\\ProjectsFile\\AcademicResearch-auto-workflow\\workspace\\references\\attachments\\地方法人金融机构同业业务快速发展的风险及对策.pdf""]",0,[]
2336,1,"[""C:\\Users\\Ethan\\CoreFiles\\ProjectsFile\\AcademicResearch-auto-workflow\\workspace\\references\\attachments\\股份制商业银行要加强防范系统性风险.pdf""]",0,[]
2337,0,[],0,[]
2338,1,"[""C:\\Users\\Ethan\\CoreFiles\\ProjectsFile\\AcademicResearch-auto-workflow\\workspace\\references\\attachments\\浅析商品房地产经济周期性波动.pdf""]",0,[]
2339,1,"[""C:\\Users\\Ethan\\CoreFiles\\ProjectsFile\\AcademicResearch-auto-workflow\\workspace\\references\\attachments\\资本监管下流动性创造对商业银行系统性风险的影响研究.pdf""]",0,[]
2340,1,"[""C:\\Users\\Ethan\\CoreFiles\\ProjectsFile\\AcademicResearch-auto-workflow\\workspace\\references\\attachments\\我国上市商业银行系统性风险与非利息收入研究——基于LRMES方法的创新探讨.pdf""]",0,[]
2341,1,"[""C:\\Users\\Ethan\\CoreFiles\\ProjectsFile\\AcademicResearch-auto-workflow\\workspace\\references\\attachments\\非银行支付机构风险防范——基于宏观审慎监管的角度.pdf""]",0,[]
2342,1,"[""C:\\Users\\Ethan\\CoreFiles\\ProjectsFile\\AcademicResearch-auto-workflow\\workspace\\references\\attachments\\基于SIRS模型的我国上市商业银行系统性风险传染机制研究.pdf""]",0,[]
2343,1,"[""C:\\Users\\Ethan\\CoreFiles\\ProjectsFile\\AcademicResearch-auto-workflow\\workspace\\references\\attachments\\宏观审慎框架下银行系统性风险管理研究.pdf""]",0,[]
2344,0,[],0,[]
2345,1,"[""C:\\Users\\Ethan\\CoreFiles\\ProjectsFile\\AcademicResearch-auto-workflow\\workspace\\references\\attachments\\区块链对系统性金融风险防范的可行性分析——以河南省为例.pdf""]",0,[]
2346,1,"[""C:\\Users\\Ethan\\CoreFiles\\ProjectsFile\\AcademicResearch-auto-workflow\\workspace\\references\\attachments\\探析加强房地产市场管理和促进房地产经济发展的策略.pdf""]",0,[]
2347,1,"[""C:\\Users\\Ethan\\CoreFiles\\ProjectsFile\\AcademicResearch-auto-workflow\\workspace\\references\\attachments\\基于随机仿真与机器学习的金融风险量化评估方法.pdf""]",0,[]
2348,1,"[""C:\\Users\\Ethan\\CoreFiles\\ProjectsFile\\AcademicResearch-auto-workflow\\workspace\\references\\attachments\\基于银行同业拆借市场网络模型的风险传导机制研究.pdf""]",0,[]
2349,1,"[""C:\\Users\\Ethan\\CoreFiles\\ProjectsFile\\AcademicResearch-auto-workflow\\workspace\\references\\attachments\\系统重要性、市场约束与宏观审慎管理的有效性.pdf""]",0,[]
2350,1,"[""C:\\Users\\Ethan\\CoreFiles\\ProjectsFile\\AcademicResearch-auto-workflow\\workspace\\references\\attachments\\基于传染渠道的银行系统性风险研究述评.pdf""]",0,[]
2351,1,"[""C:\\Users\\Ethan\\CoreFiles\\ProjectsFile\\AcademicResearch-auto-workflow\\workspace\\references\\attachments\\我国房地产金融风险的评价及防范.pdf""]",0,[]
2352,1,"[""C:\\Users\\Ethan\\CoreFiles\\ProjectsFile\\AcademicResearch-auto-workflow\\workspace\\references\\attachments\\宏观审慎外汇监管对银行跨境贷款转移效应的影响研究.pdf""]",0,[]
2353,1,"[""C:\\Users\\Ethan\\CoreFiles\\ProjectsFile\\AcademicResearch-auto-workflow\\workspace\\references\\attachments\\宏观审慎政策视角下商业银行系统性风险监管研究——基于VAR模型分析.pdf""]",0,[]
2354,1,"[""C:\\Users\\Ethan\\CoreFiles\\ProjectsFile\\AcademicResearch-auto-workflow\\workspace\\references\\attachments\\宏观审慎管理框架下系统性金融风险的测度与防范.pdf""]",0,[]
2355,1,"[""C:\\Users\\Ethan\\CoreFiles\\ProjectsFile\\AcademicResearch-auto-workflow\\workspace\\references\\attachments\\基于面板数据的我国房地产业对宏观经济的影响研究.pdf""]",0,[]
2356,1,"[""C:\\Users\\Ethan\\CoreFiles\\ProjectsFile\\AcademicResearch-auto-workflow\\workspace\\references\\attachments\\短期跨境资本流动、货币政策和商业银行系统性风险——来自中国上市银行的经验证据.pdf""]",0,[]
2357,1,"[""C:\\Users\\Ethan\\CoreFiles\\ProjectsFile\\AcademicResearch-auto-workflow\\workspace\\references\\attachments\\我国股市波动对银行业系统性风险的溢出效应.pdf""]",0,[]
2358,1,"[""C:\\Users\\Ethan\\CoreFiles\\ProjectsFile\\AcademicResearch-auto-workflow\\workspace\\references\\attachments\\金融杠杆与房地产价格波动的动态关联效应研究.pdf""]",0,[]
2359,1,"[""C:\\Users\\Ethan\\CoreFiles\\ProjectsFile\\AcademicResearch-auto-workflow\\workspace\\references\\attachments\\银行流动性创造如何影响商业银行系统性风险？——基于系统性风险分解的视角.pdf""]",0,[]
2360,1,"[""C:\\Users\\Ethan\\CoreFiles\\ProjectsFile\\AcademicResearch-auto-workflow\\workspace\\references\\attachments\\市场利率波动是否会影响银行的风险承担.pdf""]",0,[]
2361,1,"[""C:\\Users\\Ethan\\CoreFiles\\ProjectsFile\\AcademicResearch-auto-workflow\\workspace\\references\\attachments\\银行货币储备博弈的强化学习方法.pdf""]",0,[]
2362,1,"[""C:\\Users\\Ethan\\CoreFiles\\ProjectsFile\\AcademicResearch-auto-workflow\\workspace\\references\\attachments\\基于共同冲击和异质风险叠加传导的风险传染研究——来自中国上市银行网络的传染模拟.pdf""]",0,[]
2363,1,"[""C:\\Users\\Ethan\\CoreFiles\\ProjectsFile\\AcademicResearch-auto-workflow\\workspace\\references\\attachments\\2001年以来我国房价与宏观经济关系的实证研究.pdf""]",0,[]
2364,1,"[""C:\\Users\\Ethan\\CoreFiles\\ProjectsFile\\AcademicResearch-auto-workflow\\workspace\\references\\attachments\\债券投资与银行风险——兼论分类债券投资的差异化影响.pdf""]",0,[]
2365,1,"[""C:\\Users\\Ethan\\CoreFiles\\ProjectsFile\\AcademicResearch-auto-workflow\\workspace\\references\\attachments\\资产价格与我国广义货币政策选择.pdf""]",0,[]
2366,1,"[""C:\\Users\\Ethan\\CoreFiles\\ProjectsFile\\AcademicResearch-auto-workflow\\workspace\\references\\attachments\\数字普惠金融发展对银行系统性风险的影响研究.pdf""]",0,[]
2367,1,"[""C:\\Users\\Ethan\\CoreFiles\\ProjectsFile\\AcademicResearch-auto-workflow\\workspace\\references\\attachments\\房地产价格波动对经济的金融加速效应实证研究.pdf""]",0,[]
2368,1,"[""C:\\Users\\Ethan\\CoreFiles\\ProjectsFile\\AcademicResearch-auto-workflow\\workspace\\references\\attachments\\互联网平台信贷业务的风险传染特征研究.pdf""]",0,[]
2369,1,"[""C:\\Users\\Ethan\\CoreFiles\\ProjectsFile\\AcademicResearch-auto-workflow\\workspace\\references\\attachments\\中国房地产市场财富效应研究.pdf""]",0,[]
2370,1,"[""C:\\Users\\Ethan\\CoreFiles\\ProjectsFile\\AcademicResearch-auto-workflow\\workspace\\references\\attachments\\房地产的虚拟性与经济波动.pdf""]",0,[]
2371,1,"[""C:\\Users\\Ethan\\CoreFiles\\ProjectsFile\\AcademicResearch-auto-workflow\\workspace\\references\\attachments\\用分形理论探讨中国大陆房地产市场波动性.pdf""]",0,[]
2372,1,"[""C:\\Users\\Ethan\\CoreFiles\\ProjectsFile\\AcademicResearch-auto-workflow\\workspace\\references\\attachments\\银行同业及投资资产关联的风险传染.pdf""]",0,[]
2373,1,"[""C:\\Users\\Ethan\\CoreFiles\\ProjectsFile\\AcademicResearch-auto-workflow\\workspace\\references\\attachments\\影子银行、利率和房价波动对房地产价格的影响——基于EGARCH-M模型的实证分析.pdf""]",0,[]
2374,1,"[""C:\\Users\\Ethan\\CoreFiles\\ProjectsFile\\AcademicResearch-auto-workflow\\workspace\\references\\attachments\\我国上市商业银行系统性风险溢出效应研究——基于GARCH-Copula-CoVaR模型.pdf""]",0,[]
2375,0,[],0,[]
2376,1,"[""C:\\Users\\Ethan\\CoreFiles\\ProjectsFile\\AcademicResearch-auto-workflow\\workspace\\references\\attachments\\顶层设计指明金融发展改革方向——写在全国金融工作会议闭幕之际.pdf""]",0,[]
2377,1,"[""C:\\Users\\Ethan\\CoreFiles\\ProjectsFile\\AcademicResearch-auto-workflow\\workspace\\references\\attachments\\土地出让信号对城市房地产价格波动的影响研究.pdf""]",0,[]
2378,0,[],0,[]
2379,1,"[""C:\\Users\\Ethan\\CoreFiles\\ProjectsFile\\AcademicResearch-auto-workflow\\workspace\\references\\attachments\\宏观审慎政策工具的有效性检验——基于对114家商业银行的实证分析.pdf""]",0,[]
2380,1,"[""C:\\Users\\Ethan\\CoreFiles\\ProjectsFile\\AcademicResearch-auto-workflow\\workspace\\references\\attachments\\长三角16城市房地产价格波动差异研究.pdf""]",0,[]
2381,1,"[""C:\\Users\\Ethan\\CoreFiles\\ProjectsFile\\AcademicResearch-auto-workflow\\workspace\\references\\attachments\\系统性金融风险与我国宏观审慎管理体系研究.pdf""]",0,[]
2382,1,"[""C:\\Users\\Ethan\\CoreFiles\\ProjectsFile\\AcademicResearch-auto-workflow\\workspace\\references\\attachments\\利率衍生工具降低银行业系统性风险了吗_——基于面板变系数模型的实证分析.pdf""]",0,[]
2383,1,"[""C:\\Users\\Ethan\\CoreFiles\\ProjectsFile\\AcademicResearch-auto-workflow\\workspace\\references\\attachments\\城市创新效率测度及其对房价分化影响的实证研究.pdf""]",0,[]
2384,0,[],0,[]
2385,1,"[""C:\\Users\\Ethan\\CoreFiles\\ProjectsFile\\AcademicResearch-auto-workflow\\workspace\\references\\attachments\\基于DCC-GARCH-CoVaR模型的商业银行系统性风险溢出效应研究.pdf""]",0,[]
2386,1,"[""C:\\Users\\Ethan\\CoreFiles\\ProjectsFile\\AcademicResearch-auto-workflow\\workspace\\references\\attachments\\房地产价格波动与货币政策调控——基于DSGE模型数值模拟分析.pdf""]",0,[]
2387,1,"[""C:\\Users\\Ethan\\CoreFiles\\ProjectsFile\\AcademicResearch-auto-workflow\\workspace\\references\\attachments\\2018年中经济学家犀利谏言  “内忧外患”的中国经济走向何方_.pdf""]",0,[]
2388,1,"[""C:\\Users\\Ethan\\CoreFiles\\ProjectsFile\\AcademicResearch-auto-workflow\\workspace\\references\\attachments\\基于三维视角的银行系统性风险度量研究.pdf""]",0,[]
2389,1,"[""C:\\Users\\Ethan\\CoreFiles\\ProjectsFile\\AcademicResearch-auto-workflow\\workspace\\references\\attachments\\商业银行房地产信贷风险的影响因素研究.pdf""]",0,[]
2390,1,"[""C:\\Users\\Ethan\\CoreFiles\\ProjectsFile\\AcademicResearch-auto-workflow\\workspace\\references\\attachments\\资产价格波动对金融稳定的影响——基于中国数据的实证研究.pdf""]",0,[]
2391,1,"[""C:\\Users\\Ethan\\CoreFiles\\ProjectsFile\\AcademicResearch-auto-workflow\\workspace\\references\\attachments\\房地产价格波动对区域金融稳定的影响.pdf""]",0,[]
2392,1,"[""C:\\Users\\Ethan\\CoreFiles\\ProjectsFile\\AcademicResearch-auto-workflow\\workspace\\references\\attachments\\房地产价格波动对商业银行贷款损失准备的影响.pdf""]",0,[]
2393,1,"[""C:\\Users\\Ethan\\CoreFiles\\ProjectsFile\\AcademicResearch-auto-workflow\\workspace\\references\\attachments\\经济基本面对房地产价格波动的影响——对厦门的实证分析.pdf""]",0,[]
2394,0,[],0,[]
2395,1,"[""C:\\Users\\Ethan\\CoreFiles\\ProjectsFile\\AcademicResearch-auto-workflow\\workspace\\references\\attachments\\我国杠杆率与风险传导路径研究综述.pdf""]",0,[]
2396,1,"[""C:\\Users\\Ethan\\CoreFiles\\ProjectsFile\\AcademicResearch-auto-workflow\\workspace\\references\\attachments\\论中国影子银行的规范发展问题.pdf""]",0,[]
2397,1,"[""C:\\Users\\Ethan\\CoreFiles\\ProjectsFile\\AcademicResearch-auto-workflow\\workspace\\references\\attachments\\银行业转型还需“天时地利人和”.pdf""]",0,[]
2398,1,"[""C:\\Users\\Ethan\\CoreFiles\\ProjectsFile\\AcademicResearch-auto-workflow\\workspace\\references\\attachments\\货币超发冲击对金融稳定的影响——基于银行风险承担与系统性风险视角.pdf""]",0,[]
2399,1,"[""C:\\Users\\Ethan\\CoreFiles\\ProjectsFile\\AcademicResearch-auto-workflow\\workspace\\references\\attachments\\国家统计局：房地产市场虽有波动  政策成效仍在显现.pdf""]",0,[]
2400,1,"[""C:\\Users\\Ethan\\CoreFiles\\ProjectsFile\\AcademicResearch-auto-workflow\\workspace\\references\\attachments\\商业银行房地产金融风险及其防范研究.pdf""]",0,[]
2401,1,"[""C:\\Users\\Ethan\\CoreFiles\\ProjectsFile\\AcademicResearch-auto-workflow\\workspace\\references\\attachments\\基于ΔCoVaR方法的资管新规对银行系统性风险的影响研究.pdf""]",0,[]
2402,0,[],0,[]
2403,1,"[""C:\\Users\\Ethan\\CoreFiles\\ProjectsFile\\AcademicResearch-auto-workflow\\workspace\\references\\attachments\\动态银行网络系统中系统性风险定量计算方法研究.pdf""]",0,[]
2404,1,"[""C:\\Users\\Ethan\\CoreFiles\\ProjectsFile\\AcademicResearch-auto-workflow\\workspace\\references\\attachments\\试论我国房地产经济波动的特征及成因.pdf""]",0,[]
2405,1,"[""C:\\Users\\Ethan\\CoreFiles\\ProjectsFile\\AcademicResearch-auto-workflow\\workspace\\references\\attachments\\系统性风险与政府扮演的角色.pdf""]",0,[]
2406,1,"[""C:\\Users\\Ethan\\CoreFiles\\ProjectsFile\\AcademicResearch-auto-workflow\\workspace\\references\\attachments\\论房地产价格波动中政府的两难境地.pdf""]",0,[]
2407,1,"[""C:\\Users\\Ethan\\CoreFiles\\ProjectsFile\\AcademicResearch-auto-workflow\\workspace\\references\\attachments\\中国银行间系统性风险的相依性结构分析.pdf""]",0,[]
2408,1,"[""C:\\Users\\Ethan\\CoreFiles\\ProjectsFile\\AcademicResearch-auto-workflow\\workspace\\references\\attachments\\我国上市银行非系统性风险实证分析.pdf""]",0,[]
2409,1,"[""C:\\Users\\Ethan\\CoreFiles\\ProjectsFile\\AcademicResearch-auto-workflow\\workspace\\references\\attachments\\金融服务业双向开放对商业银行系统性风险的影响研究.pdf""]",0,[]
2410,1,"[""C:\\Users\\Ethan\\CoreFiles\\ProjectsFile\\AcademicResearch-auto-workflow\\workspace\\references\\attachments\\股票市场与房地产市场波动溢出效应研究.pdf""]",0,[]
2411,1,"[""C:\\Users\\Ethan\\CoreFiles\\ProjectsFile\\AcademicResearch-auto-workflow\\workspace\\references\\attachments\\中央银行的最后贷款标准分析.pdf""]",0,[]
2412,1,"[""C:\\Users\\Ethan\\CoreFiles\\ProjectsFile\\AcademicResearch-auto-workflow\\workspace\\references\\attachments\\政策连续性与商业银行系统性风险.pdf""]",0,[]
2413,1,"[""C:\\Users\\Ethan\\CoreFiles\\ProjectsFile\\AcademicResearch-auto-workflow\\workspace\\references\\attachments\\地方政府债务、商业银行经营绩效与系统性金融风险.pdf""]",0,[]
2414,1,"[""C:\\Users\\Ethan\\CoreFiles\\ProjectsFile\\AcademicResearch-auto-workflow\\workspace\\references\\attachments\\市场预期与房地产价格波动.pdf""]",0,[]
2415,1,"[""C:\\Users\\Ethan\\CoreFiles\\ProjectsFile\\AcademicResearch-auto-workflow\\workspace\\references\\attachments\\宏观审慎管理研究综述——基于中央银行宏观金融调控的视角.pdf""]",0,[]
2416,1,"[""C:\\Users\\Ethan\\CoreFiles\\ProjectsFile\\AcademicResearch-auto-workflow\\workspace\\references\\attachments\\中国商业银行竞争与系统性风险的研究——基于16家上市银行的实证分析.pdf""]",0,[]
2417,1,"[""C:\\Users\\Ethan\\CoreFiles\\ProjectsFile\\AcademicResearch-auto-workflow\\workspace\\references\\attachments\\衍生金融市场之监督管理初论.pdf""]",0,[]
2418,1,"[""C:\\Users\\Ethan\\CoreFiles\\ProjectsFile\\AcademicResearch-auto-workflow\\workspace\\references\\attachments\\中国金融市场系统性风险对公募基金收益率的溢出效应.pdf""]",0,[]
2419,1,"[""C:\\Users\\Ethan\\CoreFiles\\ProjectsFile\\AcademicResearch-auto-workflow\\workspace\\references\\attachments\\货币政策对区域房地产住宅市场的差异化影响——基于国内十城市房地产住宅市场的实证研究.pdf""]",0,[]
2420,1,"[""C:\\Users\\Ethan\\CoreFiles\\ProjectsFile\\AcademicResearch-auto-workflow\\workspace\\references\\attachments\\基于动态CoVar模型的商业银行系统性风险研究.pdf""]",0,[]
2421,1,"[""C:\\Users\\Ethan\\CoreFiles\\ProjectsFile\\AcademicResearch-auto-workflow\\workspace\\references\\attachments\\中国式影子银行表现形式及监管研究.pdf""]",0,[]
2422,0,[],0,[]
2423,1,"[""C:\\Users\\Ethan\\CoreFiles\\ProjectsFile\\AcademicResearch-auto-workflow\\workspace\\references\\attachments\\房地产价格波动  供给弹性与收入增长——基于VEC模型的实证分析.pdf""]",0,[]
2424,1,"[""C:\\Users\\Ethan\\CoreFiles\\ProjectsFile\\AcademicResearch-auto-workflow\\workspace\\references\\attachments\\新时期房地产企业经济波动的影响因素和应对措施.pdf""]",0,[]
2425,1,"[""C:\\Users\\Ethan\\CoreFiles\\ProjectsFile\\AcademicResearch-auto-workflow\\workspace\\references\\attachments\\中国影子银行风险管控研究.pdf""]",0,[]
2426,1,"[""C:\\Users\\Ethan\\CoreFiles\\ProjectsFile\\AcademicResearch-auto-workflow\\workspace\\references\\attachments\\基于网络结构的我国上市银行系统性风险研究.pdf""]",0,[]
2427,1,"[""C:\\Users\\Ethan\\CoreFiles\\ProjectsFile\\AcademicResearch-auto-workflow\\workspace\\references\\attachments\\房地产市场系统性风险研究.pdf""]",0,[]
2428,1,"[""C:\\Users\\Ethan\\CoreFiles\\ProjectsFile\\AcademicResearch-auto-workflow\\workspace\\references\\attachments\\长三角房地产价格波动与居民消费的实证分析.pdf""]",0,[]
2429,1,"[""C:\\Users\\Ethan\\CoreFiles\\ProjectsFile\\AcademicResearch-auto-workflow\\workspace\\references\\attachments\\存款保险制度能否防范银行的系统性风险——基于Panel-Logit模型的实证检验.pdf""]",0,[]
2430,1,"[""C:\\Users\\Ethan\\CoreFiles\\ProjectsFile\\AcademicResearch-auto-workflow\\workspace\\references\\attachments\\资产价格泡沫对银行系统性风险的影响研究.pdf""]",0,[]
2431,1,"[""C:\\Users\\Ethan\\CoreFiles\\ProjectsFile\\AcademicResearch-auto-workflow\\workspace\\references\\attachments\\房地产调控对我国商业银行的流动性风险的影响.pdf""]",0,[]
2432,1,"[""C:\\Users\\Ethan\\CoreFiles\\ProjectsFile\\AcademicResearch-auto-workflow\\workspace\\references\\attachments\\房价与地价因果关系的格兰杰检验——1998-2009中国房地产市场数据的实证研究.pdf""]",0,[]
2433,1,"[""C:\\Users\\Ethan\\CoreFiles\\ProjectsFile\\AcademicResearch-auto-workflow\\workspace\\references\\attachments\\S银行个人住房抵押贷款信用风险评估.pdf""]",0,[]
2434,1,"[""C:\\Users\\Ethan\\CoreFiles\\ProjectsFile\\AcademicResearch-auto-workflow\\workspace\\references\\attachments\\强化中央银行主导宏观审慎监管路径研究.pdf""]",0,[]
2435,1,"[""C:\\Users\\Ethan\\CoreFiles\\ProjectsFile\\AcademicResearch-auto-workflow\\workspace\\references\\attachments\\中国的影子银行会成为另一个次债_.pdf""]",0,[]
2436,1,"[""C:\\Users\\Ethan\\CoreFiles\\ProjectsFile\\AcademicResearch-auto-workflow\\workspace\\references\\attachments\\商业银行轻型化转型与系统性风险——基于我国上市银行2008-2017的实证研究.pdf""]",0,[]
2437,1,"[""C:\\Users\\Ethan\\CoreFiles\\ProjectsFile\\AcademicResearch-auto-workflow\\workspace\\references\\attachments\\央行金融调控政策对房地产业的影响分析.pdf""]",0,[]
2438,1,"[""C:\\Users\\Ethan\\CoreFiles\\ProjectsFile\\AcademicResearch-auto-workflow\\workspace\\references\\attachments\\房地产周期波动理论研究与实证分析.pdf""]",0,[]
2439,1,"[""C:\\Users\\Ethan\\CoreFiles\\ProjectsFile\\AcademicResearch-auto-workflow\\workspace\\references\\attachments\\商业银行贷款转让行为对银行系统性风险影响.pdf""]",0,[]
2440,1,"[""C:\\Users\\Ethan\\CoreFiles\\ProjectsFile\\AcademicResearch-auto-workflow\\workspace\\references\\attachments\\我国房地产金融宏观审慎管理有效性研究——基于河南省郑州市的实证研究.pdf""]",0,[]
2441,1,"[""C:\\Users\\Ethan\\CoreFiles\\ProjectsFile\\AcademicResearch-auto-workflow\\workspace\\references\\attachments\\房产税对房价影响的实证研究.pdf""]",0,[]
2442,1,"[""C:\\Users\\Ethan\\CoreFiles\\ProjectsFile\\AcademicResearch-auto-workflow\\workspace\\references\\attachments\\发展房地产业与防范金融风险.pdf""]",0,[]
2443,1,"[""C:\\Users\\Ethan\\CoreFiles\\ProjectsFile\\AcademicResearch-auto-workflow\\workspace\\references\\attachments\\金融稳定与金融安全网的建设.pdf""]",0,[]
2444,1,"[""C:\\Users\\Ethan\\CoreFiles\\ProjectsFile\\AcademicResearch-auto-workflow\\workspace\\references\\attachments\\我国商业银行流动性与房地产价格波动的关系研究.pdf""]",0,[]
2445,1,"[""C:\\Users\\Ethan\\CoreFiles\\ProjectsFile\\AcademicResearch-auto-workflow\\workspace\\references\\attachments\\次贷危机后全球金融监管理论的新近进展.pdf""]",0,[]
2446,1,"[""C:\\Users\\Ethan\\CoreFiles\\ProjectsFile\\AcademicResearch-auto-workflow\\workspace\\references\\attachments\\我国房地产业与银行业的相依关系.pdf""]",0,[]
2447,1,"[""C:\\Users\\Ethan\\CoreFiles\\ProjectsFile\\AcademicResearch-auto-workflow\\workspace\\references\\attachments\\我国商业银行系统性风险的动态波动研究.pdf""]",0,[]
2448,1,"[""C:\\Users\\Ethan\\CoreFiles\\ProjectsFile\\AcademicResearch-auto-workflow\\workspace\\references\\attachments\\商业银行系统性风险测度方法及防控策略.pdf""]",0,[]
2449,1,"[""C:\\Users\\Ethan\\CoreFiles\\ProjectsFile\\AcademicResearch-auto-workflow\\workspace\\references\\attachments\\房地产价格波动对商业银行经营绩效的影响研究.pdf""]",0,[]
2450,1,"[""C:\\Users\\Ethan\\CoreFiles\\ProjectsFile\\AcademicResearch-auto-workflow\\workspace\\references\\attachments\\人民银行在防范和化解经济金融运行中潜在风险的主要做法和建议探索.pdf""]",0,[]
2451,1,"[""C:\\Users\\Ethan\\CoreFiles\\ProjectsFile\\AcademicResearch-auto-workflow\\workspace\\references\\attachments\\住房货币化分配给金融业带来什么影响.pdf""]",0,[]
2452,1,"[""C:\\Users\\Ethan\\CoreFiles\\ProjectsFile\\AcademicResearch-auto-workflow\\workspace\\references\\attachments\\不同发展模式下房价波动对地方政府信用风险影响的实证研究.pdf""]",0,[]
2453,0,[],0,[]
2454,1,"[""C:\\Users\\Ethan\\CoreFiles\\ProjectsFile\\AcademicResearch-auto-workflow\\workspace\\references\\attachments\\泉州聚龙小镇开发项目中实物期权的实例研究.pdf""]",0,[]
2455,1,"[""C:\\Users\\Ethan\\CoreFiles\\ProjectsFile\\AcademicResearch-auto-workflow\\workspace\\references\\attachments\\国有商业银行非系统性金融风险管理研究.pdf""]",0,[]
2456,1,"[""C:\\Users\\Ethan\\CoreFiles\\ProjectsFile\\AcademicResearch-auto-workflow\\workspace\\references\\attachments\\人民币汇率波动对中国房地产市场价格的影响.pdf""]",0,[]
2457,1,"[""C:\\Users\\Ethan\\CoreFiles\\ProjectsFile\\AcademicResearch-auto-workflow\\workspace\\references\\attachments\\论中国影子银行的监管取向.pdf""]",0,[]
2458,1,"[""C:\\Users\\Ethan\\CoreFiles\\ProjectsFile\\AcademicResearch-auto-workflow\\workspace\\references\\attachments\\宏观审慎政策、货币政策与房地产市场波动研究.pdf""]",0,[]
2459,1,"[""C:\\Users\\Ethan\\CoreFiles\\ProjectsFile\\AcademicResearch-auto-workflow\\workspace\\references\\attachments\\建立和完善外汇监管体系的意义和措施.pdf""]",0,[]
2460,1,"[""C:\\Users\\Ethan\\CoreFiles\\ProjectsFile\\AcademicResearch-auto-workflow\\workspace\\references\\attachments\\基于消费视角的房地产调控经验研究.pdf""]",0,[]
2461,1,"[""C:\\Users\\Ethan\\CoreFiles\\ProjectsFile\\AcademicResearch-auto-workflow\\workspace\\references\\attachments\\金融机构尾部风险网络关联与系统性风险研究.pdf""]",0,[]
2462,1,"[""C:\\Users\\Ethan\\CoreFiles\\ProjectsFile\\AcademicResearch-auto-workflow\\workspace\\references\\attachments\\数字金融对商业银行系统性风险的影响.pdf""]",0,[]
2463,1,"[""C:\\Users\\Ethan\\CoreFiles\\ProjectsFile\\AcademicResearch-auto-workflow\\workspace\\references\\attachments\\房地产投资信托基金收益率的影响因素研究.pdf""]",0,[]
2464,1,"[""C:\\Users\\Ethan\\CoreFiles\\ProjectsFile\\AcademicResearch-auto-workflow\\workspace\\references\\attachments\\房地产市场影响因素及其周期波动理论分析.pdf""]",0,[]
2465,1,"[""C:\\Users\\Ethan\\CoreFiles\\ProjectsFile\\AcademicResearch-auto-workflow\\workspace\\references\\attachments\\人民币汇率波动对东部沿海房价的影响研究.pdf""]",0,[]
2466,1,"[""C:\\Users\\Ethan\\CoreFiles\\ProjectsFile\\AcademicResearch-auto-workflow\\workspace\\references\\attachments\\影子银行、货币政策与商业银行系统性金融风险.pdf""]",0,[]
2467,1,"[""C:\\Users\\Ethan\\CoreFiles\\ProjectsFile\\AcademicResearch-auto-workflow\\workspace\\references\\attachments\\论宏观调控中的金融系统性风险.pdf""]",0,[]
2468,1,"[""C:\\Users\\Ethan\\CoreFiles\\ProjectsFile\\AcademicResearch-auto-workflow\\workspace\\references\\attachments\\冲击条件下系统性金融风险传染的理论分析——基于新冠肺炎疫情视角.pdf""]",0,[]
2469,1,"[""C:\\Users\\Ethan\\CoreFiles\\ProjectsFile\\AcademicResearch-auto-workflow\\workspace\\references\\attachments\\双支柱调控框架下影子银行监管效果研究.pdf""]",0,[]
2470,1,"[""C:\\Users\\Ethan\\CoreFiles\\ProjectsFile\\AcademicResearch-auto-workflow\\workspace\\references\\attachments\\房地产价格波动与宏观调控.pdf""]",0,[]
2471,1,"[""C:\\Users\\Ethan\\CoreFiles\\ProjectsFile\\AcademicResearch-auto-workflow\\workspace\\references\\attachments\\PD模型开发中的关键技术方法.pdf""]",0,[]
2472,1,"[""C:\\Users\\Ethan\\CoreFiles\\ProjectsFile\\AcademicResearch-auto-workflow\\workspace\\references\\attachments\\我国商业银行金融风险评价.pdf""]",0,[]
2473,1,"[""C:\\Users\\Ethan\\CoreFiles\\ProjectsFile\\AcademicResearch-auto-workflow\\workspace\\references\\attachments\\中国金融发展十年主要成就及重要经验.pdf""]",0,[]
2474,1,"[""C:\\Users\\Ethan\\CoreFiles\\ProjectsFile\\AcademicResearch-auto-workflow\\workspace\\references\\attachments\\我国影子银行及其对商业银行的影响探析.pdf""]",0,[]
2475,1,"[""C:\\Users\\Ethan\\CoreFiles\\ProjectsFile\\AcademicResearch-auto-workflow\\workspace\\references\\attachments\\我国房地产经济周期波动与政府宏观调控对策研究.pdf""]",0,[]
2476,1,"[""C:\\Users\\Ethan\\CoreFiles\\ProjectsFile\\AcademicResearch-auto-workflow\\workspace\\references\\attachments\\银信合作视角下我国影子银行的风险与防范分析.pdf""]",0,[]
2477,1,"[""C:\\Users\\Ethan\\CoreFiles\\ProjectsFile\\AcademicResearch-auto-workflow\\workspace\\references\\attachments\\银行间市场网络稳定性与系统性金融风险最优应对策略：政府控股视角.pdf""]",0,[]
2478,1,"[""C:\\Users\\Ethan\\CoreFiles\\ProjectsFile\\AcademicResearch-auto-workflow\\workspace\\references\\attachments\\投资者行为、正反馈交易与房地产价格异常波动.pdf""]",0,[]
2479,1,"[""C:\\Users\\Ethan\\CoreFiles\\ProjectsFile\\AcademicResearch-auto-workflow\\workspace\\references\\attachments\\房地产价格波动与政府的干预政策.pdf""]",0,[]
2480,1,"[""C:\\Users\\Ethan\\CoreFiles\\ProjectsFile\\AcademicResearch-auto-workflow\\workspace\\references\\attachments\\我国影子银行发展业务模式与风险探究.pdf""]",0,[]
2481,1,"[""C:\\Users\\Ethan\\CoreFiles\\ProjectsFile\\AcademicResearch-auto-workflow\\workspace\\references\\attachments\\房价波动对银行信贷政策的影响研究.pdf""]",0,[]
2482,1,"[""C:\\Users\\Ethan\\CoreFiles\\ProjectsFile\\AcademicResearch-auto-workflow\\workspace\\references\\attachments\\系统性风险防控视角下的金融审计研究.pdf""]",0,[]
2483,1,"[""C:\\Users\\Ethan\\CoreFiles\\ProjectsFile\\AcademicResearch-auto-workflow\\workspace\\references\\attachments\\基于房地产价格波动下的银行理财产品投资分析.pdf""]",0,[]
2484,1,"[""C:\\Users\\Ethan\\CoreFiles\\ProjectsFile\\AcademicResearch-auto-workflow\\workspace\\references\\attachments\\我国影子银行业务违约风险研究.pdf""]",0,[]
2485,1,"[""C:\\Users\\Ethan\\CoreFiles\\ProjectsFile\\AcademicResearch-auto-workflow\\workspace\\references\\attachments\\我国影子银行体系金融压力对房地产市场的动态影响.pdf""]",0,[]
2486,1,"[""C:\\Users\\Ethan\\CoreFiles\\ProjectsFile\\AcademicResearch-auto-workflow\\workspace\\references\\attachments\\房地产价格波动与房地产信贷关系的研究.pdf""]",0,[]
2487,1,"[""C:\\Users\\Ethan\\CoreFiles\\ProjectsFile\\AcademicResearch-auto-workflow\\workspace\\references\\attachments\\房地产贷款违约与银行系统性风险——基于银行间市场债务违约与资产减值抛售视角.pdf""]",0,[]
2488,1,"[""C:\\Users\\Ethan\\CoreFiles\\ProjectsFile\\AcademicResearch-auto-workflow\\workspace\\references\\attachments\\金融期货在防范系统性金融风险中的作用研究.pdf""]",0,[]
2489,1,"[""C:\\Users\\Ethan\\CoreFiles\\ProjectsFile\\AcademicResearch-auto-workflow\\workspace\\references\\attachments\\基于同业拆借市场的银行系统性风险研究.pdf""]",0,[]
2490,1,"[""C:\\Users\\Ethan\\CoreFiles\\ProjectsFile\\AcademicResearch-auto-workflow\\workspace\\references\\attachments\\辽宁省房地产周期波动的实证研究.pdf""]",0,[]
2491,0,[],0,[]
2492,1,"[""C:\\Users\\Ethan\\CoreFiles\\ProjectsFile\\AcademicResearch-auto-workflow\\workspace\\references\\attachments\\我国房地产周期波动及对策研究.pdf""]",0,[]
2493,1,"[""C:\\Users\\Ethan\\CoreFiles\\ProjectsFile\\AcademicResearch-auto-workflow\\workspace\\references\\attachments\\房地产经济波动与金融风险防范措施.pdf""]",0,[]
2494,1,"[""C:\\Users\\Ethan\\CoreFiles\\ProjectsFile\\AcademicResearch-auto-workflow\\workspace\\references\\attachments\\房地产价格波动及特征分析.pdf""]",0,[]
2495,1,"[""C:\\Users\\Ethan\\CoreFiles\\ProjectsFile\\AcademicResearch-auto-workflow\\workspace\\references\\attachments\\存款保险制度对系统性金融风险的有效性研究.pdf""]",0,[]
2496,1,"[""C:\\Users\\Ethan\\CoreFiles\\ProjectsFile\\AcademicResearch-auto-workflow\\workspace\\references\\attachments\\金融周期视角下中美金融稳定性研究.pdf""]",0,[]
2497,0,[],0,[]
2498,1,"[""C:\\Users\\Ethan\\CoreFiles\\ProjectsFile\\AcademicResearch-auto-workflow\\workspace\\references\\attachments\\基于CAPM模型的我国沪市银行股  系统性风险的实证研究.pdf""]",0,[]
2499,1,"[""C:\\Users\\Ethan\\CoreFiles\\ProjectsFile\\AcademicResearch-auto-workflow\\workspace\\references\\attachments\\不同冲击下金融机构相关性分析.pdf""]",0,[]
2500,1,"[""C:\\Users\\Ethan\\CoreFiles\\ProjectsFile\\AcademicResearch-auto-workflow\\workspace\\references\\attachments\\长沙市住宅市场泡沫及预警研究.pdf""]",0,[]
2501,1,"[""C:\\Users\\Ethan\\CoreFiles\\ProjectsFile\\AcademicResearch-auto-workflow\\workspace\\references\\attachments\\金融科技与银行脆弱性——基于外源性金融科技和内部数字化转型视角.pdf""]",0,[]
2502,1,"[""C:\\Users\\Ethan\\CoreFiles\\ProjectsFile\\AcademicResearch-auto-workflow\\workspace\\references\\attachments\\地方政府性债务影响系统性金融风险的传导机制.pdf""]",0,[]
2503,1,"[""C:\\Users\\Ethan\\CoreFiles\\ProjectsFile\\AcademicResearch-auto-workflow\\workspace\\references\\attachments\\中小银行合并重组与银行业系统性风险防范化解——基于多重网络的研究视角.pdf""]",0,[]
2504,1,"[""C:\\Users\\Ethan\\CoreFiles\\ProjectsFile\\AcademicResearch-auto-workflow\\workspace\\references\\attachments\\银行间借贷系统的系统性风险和纳什均衡.pdf""]",0,[]
2505,1,"[""C:\\Users\\Ethan\\CoreFiles\\ProjectsFile\\AcademicResearch-auto-workflow\\workspace\\references\\attachments\\我国利率政策调控房地产价格有效性的实证研究.pdf""]",0,[]
2506,1,"[""C:\\Users\\Ethan\\CoreFiles\\ProjectsFile\\AcademicResearch-auto-workflow\\workspace\\references\\attachments\\银行贷款行业结构对系统性金融风险的影响研究.pdf""]",0,[]
2507,1,"[""C:\\Users\\Ethan\\CoreFiles\\ProjectsFile\\AcademicResearch-auto-workflow\\workspace\\references\\attachments\\我国上市银行的系统性风险评价研究.pdf""]",0,[]
2508,1,"[""C:\\Users\\Ethan\\CoreFiles\\ProjectsFile\\AcademicResearch-auto-workflow\\workspace\\references\\attachments\\中国上市银行系统性风险度量——基于MES方法的分析.pdf""]",0,[]
2509,1,"[""C:\\Users\\Ethan\\CoreFiles\\ProjectsFile\\AcademicResearch-auto-workflow\\workspace\\references\\attachments\\基于rSYR模型的中国银行业系统性风险度量.pdf""]",0,[]
2510,1,"[""C:\\Users\\Ethan\\CoreFiles\\ProjectsFile\\AcademicResearch-auto-workflow\\workspace\\references\\attachments\\政府支出的外部性、信贷约束与房地产波动.pdf""]",0,[]
2511,1,"[""C:\\Users\\Ethan\\CoreFiles\\ProjectsFile\\AcademicResearch-auto-workflow\\workspace\\references\\attachments\\金融网络关联与我国影子银行的风险溢出效应——基于GARCH-Copula-CoVaR模型的分析.pdf""]",0,[]
2512,1,"[""C:\\Users\\Ethan\\CoreFiles\\ProjectsFile\\AcademicResearch-auto-workflow\\workspace\\references\\attachments\\房地产经济波动的影响因素及对策探析.pdf""]",0,[]
2513,1,"[""C:\\Users\\Ethan\\CoreFiles\\ProjectsFile\\AcademicResearch-auto-workflow\\workspace\\references\\attachments\\银行业系统性风险测度和预警分析.pdf""]",0,[]
2514,1,"[""C:\\Users\\Ethan\\CoreFiles\\ProjectsFile\\AcademicResearch-auto-workflow\\workspace\\references\\attachments\\我国金融业系统性风险测度与风险网络研究.pdf""]",0,[]
2515,1,"[""C:\\Users\\Ethan\\CoreFiles\\ProjectsFile\\AcademicResearch-auto-workflow\\workspace\\references\\attachments\\央行：2010年坚持实施适度宽松货币政策.pdf""]",0,[]
2516,1,"[""C:\\Users\\Ethan\\CoreFiles\\ProjectsFile\\AcademicResearch-auto-workflow\\workspace\\references\\attachments\\中国商业银行系统性风险溢价实证研究.pdf""]",0,[]
2517,1,"[""C:\\Users\\Ethan\\CoreFiles\\ProjectsFile\\AcademicResearch-auto-workflow\\workspace\\references\\attachments\\我国房价与婚姻稳定性关系间的实证研究.pdf""]",0,[]
2518,1,"[""C:\\Users\\Ethan\\CoreFiles\\ProjectsFile\\AcademicResearch-auto-workflow\\workspace\\references\\attachments\\数字金融对商业银行效率和系统性风险影响研究.pdf""]",0,[]
2519,1,"[""C:\\Users\\Ethan\\CoreFiles\\ProjectsFile\\AcademicResearch-auto-workflow\\workspace\\references\\attachments\\地方政府隐性债务是否推动了影子银行系统性风险的增加.pdf""]",0,[]
2520,1,"[""C:\\Users\\Ethan\\CoreFiles\\ProjectsFile\\AcademicResearch-auto-workflow\\workspace\\references\\attachments\\省城房地产市场走势波动起伏.pdf""]",0,[]
2521,1,"[""C:\\Users\\Ethan\\CoreFiles\\ProjectsFile\\AcademicResearch-auto-workflow\\workspace\\references\\attachments\\华尔街模式行将终结_——从金融危机看两种金融体系的比较.pdf""]",0,[]
2522,1,"[""C:\\Users\\Ethan\\CoreFiles\\ProjectsFile\\AcademicResearch-auto-workflow\\workspace\\references\\attachments\\非本地居民购房需求对住房价格影响的实证研究——基于广西北海市的案例分析.pdf""]",0,[]
2523,1,"[""C:\\Users\\Ethan\\CoreFiles\\ProjectsFile\\AcademicResearch-auto-workflow\\workspace\\references\\attachments\\基于时变参数和VAR模型的土地政策和货币政策对房价影响作用机制研究.pdf""]",0,[]
2524,1,"[""C:\\Users\\Ethan\\CoreFiles\\ProjectsFile\\AcademicResearch-auto-workflow\\workspace\\references\\attachments\\甘肃省房地产价格波动对区域金融稳定影响的实证研究.pdf""]",0,[]
2525,0,[],0,[]
2526,1,"[""C:\\Users\\Ethan\\CoreFiles\\ProjectsFile\\AcademicResearch-auto-workflow\\workspace\\references\\attachments\\利率风险对银行股价的影响.pdf""]",0,[]
2527,1,"[""C:\\Users\\Ethan\\CoreFiles\\ProjectsFile\\AcademicResearch-auto-workflow\\workspace\\references\\attachments\\商业银行小微企业贷款的风险防范.pdf""]",0,[]
2528,1,"[""C:\\Users\\Ethan\\CoreFiles\\ProjectsFile\\AcademicResearch-auto-workflow\\workspace\\references\\attachments\\基于A市金融机构实施的宏观审慎评估体系优化研究.pdf""]",0,[]
2529,1,"[""C:\\Users\\Ethan\\CoreFiles\\ProjectsFile\\AcademicResearch-auto-workflow\\workspace\\references\\attachments\\制造业杠杆、企业异质性与银行系统性风险.pdf""]",0,[]
2530,1,"[""C:\\Users\\Ethan\\CoreFiles\\ProjectsFile\\AcademicResearch-auto-workflow\\workspace\\references\\attachments\\新中国70年金融开放的逻辑机理与经验启示_兼论中美贸易摩擦下的开放取向.pdf""]",0,[]
2531,1,"[""C:\\Users\\Ethan\\CoreFiles\\ProjectsFile\\AcademicResearch-auto-workflow\\workspace\\references\\attachments\\影子银行对我国房地产价格的影响.pdf""]",0,[]
2532,1,"[""C:\\Users\\Ethan\\CoreFiles\\ProjectsFile\\AcademicResearch-auto-workflow\\workspace\\references\\attachments\\银行ESG表现能缓释实体经济对银行的风险溢出吗_.pdf""]",0,[]
2533,1,"[""C:\\Users\\Ethan\\CoreFiles\\ProjectsFile\\AcademicResearch-auto-workflow\\workspace\\references\\attachments\\商品房价格影响因素比较研究.pdf""]",0,[]
2534,1,"[""C:\\Users\\Ethan\\CoreFiles\\ProjectsFile\\AcademicResearch-auto-workflow\\workspace\\references\\attachments\\我国碳金融宏观与微观监管体系建构.pdf""]",0,[]
2535,1,"[""C:\\Users\\Ethan\\CoreFiles\\ProjectsFile\\AcademicResearch-auto-workflow\\workspace\\references\\attachments\\以标准为前导,金融统计再上层楼.pdf""]",0,[]
2536,1,"[""C:\\Users\\Ethan\\CoreFiles\\ProjectsFile\\AcademicResearch-auto-workflow\\workspace\\references\\attachments\\政府对影子银行监管研究.pdf""]",0,[]
2537,1,"[""C:\\Users\\Ethan\\CoreFiles\\ProjectsFile\\AcademicResearch-auto-workflow\\workspace\\references\\attachments\\银行资产监测中的系统性风险问题仿真.pdf""]",0,[]
2538,0,[],0,[]
2539,1,"[""C:\\Users\\Ethan\\CoreFiles\\ProjectsFile\\AcademicResearch-auto-workflow\\workspace\\references\\attachments\\金融科技与商业银行系统性风险——基于对中国上市银行的实证研究.pdf""]",0,[]
2540,1,"[""C:\\Users\\Ethan\\CoreFiles\\ProjectsFile\\AcademicResearch-auto-workflow\\workspace\\references\\attachments\\我国影子银行监管法律制度研究.pdf""]",0,[]
2541,1,"[""C:\\Users\\Ethan\\CoreFiles\\ProjectsFile\\AcademicResearch-auto-workflow\\workspace\\references\\attachments\\地铁对沿线房价影响的实证研究.pdf""]",0,[]
2542,1,"[""C:\\Users\\Ethan\\CoreFiles\\ProjectsFile\\AcademicResearch-auto-workflow\\workspace\\references\\attachments\\存款保险制度对中国商业银行经营影响分析.pdf""]",0,[]
2543,1,"[""C:\\Users\\Ethan\\CoreFiles\\ProjectsFile\\AcademicResearch-auto-workflow\\workspace\\references\\attachments\\商业银行系统性风险溢出效应研究_条件风险价值估计与系统性风险贡献度测量.pdf""]",0,[]
2544,1,"[""C:\\Users\\Ethan\\CoreFiles\\ProjectsFile\\AcademicResearch-auto-workflow\\workspace\\references\\attachments\\金融危机背景下的宏观审慎监管.pdf""]",0,[]
2545,1,"[""C:\\Users\\Ethan\\CoreFiles\\ProjectsFile\\AcademicResearch-auto-workflow\\workspace\\references\\attachments\\影子银行发展、金融结构演进与系统性金融风险——基于1997—2017年全球系统性银行危机的分析.pdf""]",0,[]
2546,0,[],0,[]
2547,1,"[""C:\\Users\\Ethan\\CoreFiles\\ProjectsFile\\AcademicResearch-auto-workflow\\workspace\\references\\attachments\\析房地产行业财务风险的成因及防范.pdf""]",0,[]
2548,1,"[""C:\\Users\\Ethan\\CoreFiles\\ProjectsFile\\AcademicResearch-auto-workflow\\workspace\\references\\attachments\\江西省房地产市场宏观影响因素及泡沫检验的实证研究.pdf""]",0,[]
2549,1,"[""C:\\Users\\Ethan\\CoreFiles\\ProjectsFile\\AcademicResearch-auto-workflow\\workspace\\references\\attachments\\浅析海东地区国有商业银行金融风险与防范.pdf""]",0,[]
2550,0,[],0,[]
2551,0,[],0,[]
2552,1,"[""C:\\Users\\Ethan\\CoreFiles\\ProjectsFile\\AcademicResearch-auto-workflow\\workspace\\references\\attachments\\房地产变革实质是变革金融体制？.pdf""]",0,[]
2553,1,"[""C:\\Users\\Ethan\\CoreFiles\\ProjectsFile\\AcademicResearch-auto-workflow\\workspace\\references\\attachments\\土地财政及地方公共支出与房价关系实证研究.pdf""]",0,[]
2554,1,"[""C:\\Users\\Ethan\\CoreFiles\\ProjectsFile\\AcademicResearch-auto-workflow\\workspace\\references\\attachments\\房地产新政对银行系统贷款质量的叠加影响.pdf""]",0,[]
2555,1,"[""C:\\Users\\Ethan\\CoreFiles\\ProjectsFile\\AcademicResearch-auto-workflow\\workspace\\references\\attachments\\住房价值、预期房价与居民日常消费的异质性研究——基于中国家庭金融调查与研究数据的实证研究.pdf""]",0,[]
2556,1,"[""C:\\Users\\Ethan\\CoreFiles\\ProjectsFile\\AcademicResearch-auto-workflow\\workspace\\references\\attachments\\论房地产市场的波动性.pdf""]",0,[]
2557,1,"[""C:\\Users\\Ethan\\CoreFiles\\ProjectsFile\\AcademicResearch-auto-workflow\\workspace\\references\\attachments\\我国房地产系统性风险的研究.pdf""]",0,[]
2558,1,"[""C:\\Users\\Ethan\\CoreFiles\\ProjectsFile\\AcademicResearch-auto-workflow\\workspace\\references\\attachments\\商业银行非利息业务对系统性风险影响的实证研究.pdf""]",0,[]
2559,1,"[""C:\\Users\\Ethan\\CoreFiles\\ProjectsFile\\AcademicResearch-auto-workflow\\workspace\\references\\attachments\\跨境资本流动波动对银行系统性风险的影响.pdf""]",0,[]
2560,1,"[""C:\\Users\\Ethan\\CoreFiles\\ProjectsFile\\AcademicResearch-auto-workflow\\workspace\\references\\attachments\\我国房地产业潜在金融风险分析.pdf""]",0,[]
2561,1,"[""C:\\Users\\Ethan\\CoreFiles\\ProjectsFile\\AcademicResearch-auto-workflow\\workspace\\references\\attachments\\上海房地产周期波动的模型分析.pdf""]",0,[]
2562,0,[],0,[]
2563,1,"[""C:\\Users\\Ethan\\CoreFiles\\ProjectsFile\\AcademicResearch-auto-workflow\\workspace\\references\\attachments\\互联网金融对我国银行业系统性风险的影响研究.pdf""]",0,[]
2564,1,"[""C:\\Users\\Ethan\\CoreFiles\\ProjectsFile\\AcademicResearch-auto-workflow\\workspace\\references\\attachments\\我国影子银行的风险防范研究.pdf""]",0,[]
2565,1,"[""C:\\Users\\Ethan\\CoreFiles\\ProjectsFile\\AcademicResearch-auto-workflow\\workspace\\references\\attachments\\认真学习贯彻十六届三中全会精神  全面履行新时期中央银行各项职能.pdf""]",0,[]
2566,1,"[""C:\\Users\\Ethan\\CoreFiles\\ProjectsFile\\AcademicResearch-auto-workflow\\workspace\\references\\attachments\\宏观调控与我国住宅房地产市场价格波动.pdf""]",0,[]
2567,1,"[""C:\\Users\\Ethan\\CoreFiles\\ProjectsFile\\AcademicResearch-auto-workflow\\workspace\\references\\attachments\\商业银行如何防范房地产信贷风险.pdf""]",0,[]
2568,1,"[""C:\\Users\\Ethan\\CoreFiles\\ProjectsFile\\AcademicResearch-auto-workflow\\workspace\\references\\attachments\\中国上市银行的系统重要性评估——基于指标法的实证分析.pdf""]",0,[]
2569,0,[],0,[]
2570,1,"[""C:\\Users\\Ethan\\CoreFiles\\ProjectsFile\\AcademicResearch-auto-workflow\\workspace\\references\\attachments\\房地产市场波动对金融稳定的影响.pdf""]",0,[]
2571,1,"[""C:\\Users\\Ethan\\CoreFiles\\ProjectsFile\\AcademicResearch-auto-workflow\\workspace\\references\\attachments\\福建房地产周期波动与风险防范实证研究.pdf""]",0,[]
2572,1,"[""C:\\Users\\Ethan\\CoreFiles\\ProjectsFile\\AcademicResearch-auto-workflow\\workspace\\references\\attachments\\基于动态E-VaR模型的房地产收益波动性测度研究.pdf""]",0,[]
2573,1,"[""C:\\Users\\Ethan\\CoreFiles\\ProjectsFile\\AcademicResearch-auto-workflow\\workspace\\references\\attachments\\我国系统性金融风险隐患加重原因探析.pdf""]",0,[]
2574,1,"[""C:\\Users\\Ethan\\CoreFiles\\ProjectsFile\\AcademicResearch-auto-workflow\\workspace\\references\\attachments\\跨境资金流动影响我国商业银行稳定的机制与实证研究.pdf""]",0,[]
2575,1,"[""C:\\Users\\Ethan\\CoreFiles\\ProjectsFile\\AcademicResearch-auto-workflow\\workspace\\references\\attachments\\我国房地产价格影响因素的实证研究.pdf""]",0,[]
2576,1,"[""C:\\Users\\Ethan\\CoreFiles\\ProjectsFile\\AcademicResearch-auto-workflow\\workspace\\references\\attachments\\宏观调控下商业银行风险传染研究——基于银行间同业市场视角.pdf""]",0,[]
2577,1,"[""C:\\Users\\Ethan\\CoreFiles\\ProjectsFile\\AcademicResearch-auto-workflow\\workspace\\references\\attachments\\信托产品扎堆房地产.pdf""]",0,[]
2578,1,"[""C:\\Users\\Ethan\\CoreFiles\\ProjectsFile\\AcademicResearch-auto-workflow\\workspace\\references\\attachments\\货币政策对房地产价格影响的实证研究.pdf""]",0,[]
2579,1,"[""C:\\Users\\Ethan\\CoreFiles\\ProjectsFile\\AcademicResearch-auto-workflow\\workspace\\references\\attachments\\河南省银行业系统性金融风险的防范研究.pdf""]",0,[]
2580,1,"[""C:\\Users\\Ethan\\CoreFiles\\ProjectsFile\\AcademicResearch-auto-workflow\\workspace\\references\\attachments\\房地产业开发与宏观周期波动.pdf""]",0,[]
2581,1,"[""C:\\Users\\Ethan\\CoreFiles\\ProjectsFile\\AcademicResearch-auto-workflow\\workspace\\references\\attachments\\我国银行流动性错配研究进展与展望.pdf""]",0,[]
2582,1,"[""C:\\Users\\Ethan\\CoreFiles\\ProjectsFile\\AcademicResearch-auto-workflow\\workspace\\references\\attachments\\房地产价格波动对宏观经济影响的实证分析.pdf""]",0,[]
2583,0,[],0,[]
2584,1,"[""C:\\Users\\Ethan\\CoreFiles\\ProjectsFile\\AcademicResearch-auto-workflow\\workspace\\references\\attachments\\中国影子银行监管问题研究.pdf""]",0,[]
2585,1,"[""C:\\Users\\Ethan\\CoreFiles\\ProjectsFile\\AcademicResearch-auto-workflow\\workspace\\references\\attachments\\刍议商业房地产经济周期性波动.pdf""]",0,[]
2586,1,"[""C:\\Users\\Ethan\\CoreFiles\\ProjectsFile\\AcademicResearch-auto-workflow\\workspace\\references\\attachments\\金融科技对商业银行韧性的影响研究.pdf""]",0,[]
2587,1,"[""C:\\Users\\Ethan\\CoreFiles\\ProjectsFile\\AcademicResearch-auto-workflow\\workspace\\references\\attachments\\我国商业银行系统性风险溢出效应研究.pdf""]",0,[]
2588,1,"[""C:\\Users\\Ethan\\CoreFiles\\ProjectsFile\\AcademicResearch-auto-workflow\\workspace\\references\\attachments\\关于商业银行防范房地产开发贷款风险的思考.pdf""]",0,[]
2589,1,"[""C:\\Users\\Ethan\\CoreFiles\\ProjectsFile\\AcademicResearch-auto-workflow\\workspace\\references\\attachments\\房地产价格波动与调控政策研究.pdf""]",0,[]
2590,1,"[""C:\\Users\\Ethan\\CoreFiles\\ProjectsFile\\AcademicResearch-auto-workflow\\workspace\\references\\attachments\\汇丰银行_中国经济不会硬着陆.pdf""]",0,[]
2591,1,"[""C:\\Users\\Ethan\\CoreFiles\\ProjectsFile\\AcademicResearch-auto-workflow\\workspace\\references\\attachments\\风险约束下的中国上市银行效率问题研究.pdf""]",0,[]
2592,1,"[""C:\\Users\\Ethan\\CoreFiles\\ProjectsFile\\AcademicResearch-auto-workflow\\workspace\\references\\attachments\\我国房地产市场财富效应的实证研究.pdf""]",0,[]
2593,1,"[""C:\\Users\\Ethan\\CoreFiles\\ProjectsFile\\AcademicResearch-auto-workflow\\workspace\\references\\attachments\\我国房地产行业对银行业系统性金融风险影响研究.pdf""]",0,[]
2594,1,"[""C:\\Users\\Ethan\\CoreFiles\\ProjectsFile\\AcademicResearch-auto-workflow\\workspace\\references\\attachments\\供需视角下的我国房地产价格波动的空间差异及成因分析.pdf""]",0,[]
2595,1,"[""C:\\Users\\Ethan\\CoreFiles\\ProjectsFile\\AcademicResearch-auto-workflow\\workspace\\references\\attachments\\房地产价格波动对金融体系的传导效应研究.pdf""]",0,[]
2596,1,"[""C:\\Users\\Ethan\\CoreFiles\\ProjectsFile\\AcademicResearch-auto-workflow\\workspace\\references\\attachments\\商业银行系统性风险价值及溢出的测度.pdf""]",0,[]
2597,1,"[""C:\\Users\\Ethan\\CoreFiles\\ProjectsFile\\AcademicResearch-auto-workflow\\workspace\\references\\attachments\\近代长江中下游银行风险管理研究（1897～1949）.pdf""]",0,[]
2598,1,"[""C:\\Users\\Ethan\\CoreFiles\\ProjectsFile\\AcademicResearch-auto-workflow\\workspace\\references\\attachments\\后危机时代中央银行监管职能定位的思考.pdf""]",0,[]
2599,1,"[""C:\\Users\\Ethan\\CoreFiles\\ProjectsFile\\AcademicResearch-auto-workflow\\workspace\\references\\attachments\\我国商业银行杠杆对系统性风险的影响分析.pdf""]",0,[]
2600,1,"[""C:\\Users\\Ethan\\CoreFiles\\ProjectsFile\\AcademicResearch-auto-workflow\\workspace\\references\\attachments\\多层网络视角下银行间系统性风险传染特征研究.pdf""]",0,[]
2601,1,"[""C:\\Users\\Ethan\\CoreFiles\\ProjectsFile\\AcademicResearch-auto-workflow\\workspace\\references\\attachments\\跨境资本流动、银行脆弱性与双支柱调控.pdf""]",0,[]
2602,1,"[""C:\\Users\\Ethan\\CoreFiles\\ProjectsFile\\AcademicResearch-auto-workflow\\workspace\\references\\attachments\\基于MES测度我国银行业系统性风险.pdf""]",0,[]
2603,1,"[""C:\\Users\\Ethan\\CoreFiles\\ProjectsFile\\AcademicResearch-auto-workflow\\workspace\\references\\attachments\\房地产业周期波动下的产业内部结构变化.pdf""]",0,[]
2604,1,"[""C:\\Users\\Ethan\\CoreFiles\\ProjectsFile\\AcademicResearch-auto-workflow\\workspace\\references\\attachments\\房地产经济波动的影响因素及对策探究.pdf""]",0,[]
2605,1,"[""C:\\Users\\Ethan\\CoreFiles\\ProjectsFile\\AcademicResearch-auto-workflow\\workspace\\references\\attachments\\房地产市场周期波动的分析与预测.pdf""]",0,[]
2606,1,"[""C:\\Users\\Ethan\\CoreFiles\\ProjectsFile\\AcademicResearch-auto-workflow\\workspace\\references\\attachments\\中央银行宏观审慎监管权问题研究.pdf""]",0,[]
2607,1,"[""C:\\Users\\Ethan\\CoreFiles\\ProjectsFile\\AcademicResearch-auto-workflow\\workspace\\references\\attachments\\中国债券市场风险溢出效应研究.pdf""]",0,[]
2608,1,"[""C:\\Users\\Ethan\\CoreFiles\\ProjectsFile\\AcademicResearch-auto-workflow\\workspace\\references\\attachments\\新疆房地产市场周期波动分析.pdf""]",0,[]
2609,1,"[""C:\\Users\\Ethan\\CoreFiles\\ProjectsFile\\AcademicResearch-auto-workflow\\workspace\\references\\attachments\\信贷资产证券化对商业银行系统性风险溢出效应研究.pdf""]",0,[]
2610,1,"[""C:\\Users\\Ethan\\CoreFiles\\ProjectsFile\\AcademicResearch-auto-workflow\\workspace\\references\\attachments\\人口结构老龄化与房地产价格波动——基于珠三角市级面板误差修正模型的实证研究.pdf""]",0,[]
2611,1,"[""C:\\Users\\Ethan\\CoreFiles\\ProjectsFile\\AcademicResearch-auto-workflow\\workspace\\references\\attachments\\资产价格波动与中央银行货币政策选择.pdf""]",0,[]
2612,1,"[""C:\\Users\\Ethan\\CoreFiles\\ProjectsFile\\AcademicResearch-auto-workflow\\workspace\\references\\attachments\\商业银行房地产信贷的风险防范.pdf""]",0,[]
2613,1,"[""C:\\Users\\Ethan\\CoreFiles\\ProjectsFile\\AcademicResearch-auto-workflow\\workspace\\references\\attachments\\银行业财务指标对系统性金融风险的影响研究.pdf""]",0,[]
2614,1,"[""C:\\Users\\Ethan\\CoreFiles\\ProjectsFile\\AcademicResearch-auto-workflow\\workspace\\references\\attachments\\银行业房地产信贷风险成因及对策.pdf""]",0,[]
2615,1,"[""C:\\Users\\Ethan\\CoreFiles\\ProjectsFile\\AcademicResearch-auto-workflow\\workspace\\references\\attachments\\系统重要性银行监管的局限与改进——基于德意志银行困境的反思.pdf""]",0,[]
2616,1,"[""C:\\Users\\Ethan\\CoreFiles\\ProjectsFile\\AcademicResearch-auto-workflow\\workspace\\references\\attachments\\气候变化对我国商业银行系统性风险的影响研究.pdf""]",0,[]
2617,1,"[""C:\\Users\\Ethan\\CoreFiles\\ProjectsFile\\AcademicResearch-auto-workflow\\workspace\\references\\attachments\\把准方向  实现金融业发展的三大主要目标.pdf""]",0,[]
2618,1,"[""C:\\Users\\Ethan\\CoreFiles\\ProjectsFile\\AcademicResearch-auto-workflow\\workspace\\references\\attachments\\金融系统安全的动态均衡研究.pdf""]",0,[]
2619,1,"[""C:\\Users\\Ethan\\CoreFiles\\ProjectsFile\\AcademicResearch-auto-workflow\\workspace\\references\\attachments\\探究影响全国平均房价变动的因素基于计量经济学模型分析.pdf""]",0,[]
2620,1,"[""C:\\Users\\Ethan\\CoreFiles\\ProjectsFile\\AcademicResearch-auto-workflow\\workspace\\references\\attachments\\我国上市银行的经营同质化水平测度——基于业务紧密关联视角的分析.pdf""]",0,[]
2621,1,"[""C:\\Users\\Ethan\\CoreFiles\\ProjectsFile\\AcademicResearch-auto-workflow\\workspace\\references\\attachments\\银行系统性风险与宏观审慎管理_国际研究回顾与述评.pdf""]",0,[]
2622,1,"[""C:\\Users\\Ethan\\CoreFiles\\ProjectsFile\\AcademicResearch-auto-workflow\\workspace\\references\\attachments\\影子银行、信托资金行业投向与系统性风险.pdf""]",0,[]
2623,1,"[""C:\\Users\\Ethan\\CoreFiles\\ProjectsFile\\AcademicResearch-auto-workflow\\workspace\\references\\attachments\\上海市房地产预测系统研究分析.pdf""]",0,[]
2624,1,"[""C:\\Users\\Ethan\\CoreFiles\\ProjectsFile\\AcademicResearch-auto-workflow\\workspace\\references\\attachments\\货币政策与房地产价格冲击下的银行风险承担分析.pdf""]",0,[]
2625,1,"[""C:\\Users\\Ethan\\CoreFiles\\ProjectsFile\\AcademicResearch-auto-workflow\\workspace\\references\\attachments\\气候变化关注指数对银行系统性风险的影响研究.pdf""]",0,[]
2626,1,"[""C:\\Users\\Ethan\\CoreFiles\\ProjectsFile\\AcademicResearch-auto-workflow\\workspace\\references\\attachments\\商业银行房地产信贷业务压力测试理论与实践研究.pdf""]",0,[]
2627,1,"[""C:\\Users\\Ethan\\CoreFiles\\ProjectsFile\\AcademicResearch-auto-workflow\\workspace\\references\\attachments\\房价波动对地方债规模的影响——基于省级数据的实证研究.pdf""]",0,[]
2628,1,"[""C:\\Users\\Ethan\\CoreFiles\\ProjectsFile\\AcademicResearch-auto-workflow\\workspace\\references\\attachments\\中国金融市场系统性风险度量与风险传染研究.pdf""]",0,[]
2629,1,"[""C:\\Users\\Ethan\\CoreFiles\\ProjectsFile\\AcademicResearch-auto-workflow\\workspace\\references\\attachments\\上海市房地产价格波动特征分析——基于EARCH模型.pdf""]",0,[]
2630,1,"[""C:\\Users\\Ethan\\CoreFiles\\ProjectsFile\\AcademicResearch-auto-workflow\\workspace\\references\\attachments\\基于矩阵法的我国商业银行系统性风险测评研究.pdf""]",0,[]
2631,1,"[""C:\\Users\\Ethan\\CoreFiles\\ProjectsFile\\AcademicResearch-auto-workflow\\workspace\\references\\attachments\\经济政策不确定性、金融杠杆与银行系统性风险.pdf""]",0,[]
2632,1,"[""C:\\Users\\Ethan\\CoreFiles\\ProjectsFile\\AcademicResearch-auto-workflow\\workspace\\references\\attachments\\基于CoVaR和网络方法的系统性风险度量及其应用研究.pdf""]",0,[]
2633,1,"[""C:\\Users\\Ethan\\CoreFiles\\ProjectsFile\\AcademicResearch-auto-workflow\\workspace\\references\\attachments\\国内房地产周期研究综述.pdf""]",0,[]
2634,1,"[""C:\\Users\\Ethan\\CoreFiles\\ProjectsFile\\AcademicResearch-auto-workflow\\workspace\\references\\attachments\\信贷资产风险共振对银行系统性风险的影响——基于不同行业尾部风险相依性的视角.pdf""]",0,[]
2635,1,"[""C:\\Users\\Ethan\\CoreFiles\\ProjectsFile\\AcademicResearch-auto-workflow\\workspace\\references\\attachments\\经济周期波动中的房地产抵押贷款风险研究.pdf""]",0,[]
2636,1,"[""C:\\Users\\Ethan\\CoreFiles\\ProjectsFile\\AcademicResearch-auto-workflow\\workspace\\references\\attachments\\我国商业银行房地产信贷风险及防范.pdf""]",0,[]
2637,1,"[""C:\\Users\\Ethan\\CoreFiles\\ProjectsFile\\AcademicResearch-auto-workflow\\workspace\\references\\attachments\\非系统重要性银行真的不重要吗_——基于风险传染视角的实证研究.pdf""]",0,[]
2638,1,"[""C:\\Users\\Ethan\\CoreFiles\\ProjectsFile\\AcademicResearch-auto-workflow\\workspace\\references\\attachments\\房价下跌不会造成银行系统性风险.pdf""]",0,[]
2639,1,"[""C:\\Users\\Ethan\\CoreFiles\\ProjectsFile\\AcademicResearch-auto-workflow\\workspace\\references\\attachments\\宏观审慎政策框架和工具_问题和经验总结.pdf""]",0,[]
2640,1,"[""C:\\Users\\Ethan\\CoreFiles\\ProjectsFile\\AcademicResearch-auto-workflow\\workspace\\references\\attachments\\我国房地产市场财富效应研究.pdf""]",0,[]
2641,0,[],0,[]
2642,1,"[""C:\\Users\\Ethan\\CoreFiles\\ProjectsFile\\AcademicResearch-auto-workflow\\workspace\\references\\attachments\\零售转型降低了银行系统性风险吗_.pdf""]",0,[]
2643,1,"[""C:\\Users\\Ethan\\CoreFiles\\ProjectsFile\\AcademicResearch-auto-workflow\\workspace\\references\\attachments\\中国银行业系统性风险研究及监管建议——基于16家商业银行数据的CoVaR实证分析.pdf""]",0,[]
2644,1,"[""C:\\Users\\Ethan\\CoreFiles\\ProjectsFile\\AcademicResearch-auto-workflow\\workspace\\references\\attachments\\房地产业与国民经济同向波动分析.pdf""]",0,[]
2645,1,"[""C:\\Users\\Ethan\\CoreFiles\\ProjectsFile\\AcademicResearch-auto-workflow\\workspace\\references\\attachments\\杠杆率监管指标引入对商业银行资产配置影响研究.pdf""]",0,[]
2646,1,"[""C:\\Users\\Ethan\\CoreFiles\\ProjectsFile\\AcademicResearch-auto-workflow\\workspace\\references\\attachments\\欧债危机对我国商业银行系统性风险的影响.pdf""]",0,[]
2647,1,"[""C:\\Users\\Ethan\\CoreFiles\\ProjectsFile\\AcademicResearch-auto-workflow\\workspace\\references\\attachments\\基于关联视角的系统性金融风险研究.pdf""]",0,[]
2648,1,"[""C:\\Users\\Ethan\\CoreFiles\\ProjectsFile\\AcademicResearch-auto-workflow\\workspace\\references\\attachments\\数字普惠金融对商业银行信用风险的影响.pdf""]",0,[]
2649,1,"[""C:\\Users\\Ethan\\CoreFiles\\ProjectsFile\\AcademicResearch-auto-workflow\\workspace\\references\\attachments\\基于分位数回归商业银行系统性风险研究.pdf""]",0,[]
2650,1,"[""C:\\Users\\Ethan\\CoreFiles\\ProjectsFile\\AcademicResearch-auto-workflow\\workspace\\references\\attachments\\基于波动溢出网络的房地产风险对系统性金融风险的影响研究.pdf""]",0,[]
2651,1,"[""C:\\Users\\Ethan\\CoreFiles\\ProjectsFile\\AcademicResearch-auto-workflow\\workspace\\references\\attachments\\金融开放对商业银行系统性风险的影响研究.pdf""]",0,[]
2652,0,[],0,[]
2653,1,"[""C:\\Users\\Ethan\\CoreFiles\\ProjectsFile\\AcademicResearch-auto-workflow\\workspace\\references\\attachments\\政府干预、资产价格波动与银行系统性风险.pdf""]",0,[]
2654,1,"[""C:\\Users\\Ethan\\CoreFiles\\ProjectsFile\\AcademicResearch-auto-workflow\\workspace\\references\\attachments\\当前房地产业的金融风险分析与防范.pdf""]",0,[]
2655,1,"[""C:\\Users\\Ethan\\CoreFiles\\ProjectsFile\\AcademicResearch-auto-workflow\\workspace\\references\\attachments\\我国商业银行系统性风险度量框架研究.pdf""]",0,[]
2656,1,"[""C:\\Users\\Ethan\\CoreFiles\\ProjectsFile\\AcademicResearch-auto-workflow\\workspace\\references\\attachments\\房地产资金来源与房地产价格波动关系——基于广州市数据的实证分析.pdf""]",0,[]
2657,1,"[""C:\\Users\\Ethan\\CoreFiles\\ProjectsFile\\AcademicResearch-auto-workflow\\workspace\\references\\attachments\\银行与信托机构的系统性风险外溢效应研究.pdf""]",0,[]
2658,0,[],0,[]
2659,1,"[""C:\\Users\\Ethan\\CoreFiles\\ProjectsFile\\AcademicResearch-auto-workflow\\workspace\\references\\attachments\\房价经济影响因素研究_一个综述.pdf""]",0,[]
2660,1,"[""C:\\Users\\Ethan\\CoreFiles\\ProjectsFile\\AcademicResearch-auto-workflow\\workspace\\references\\attachments\\金融开放、银行关联度与我国银行系统性风险.pdf""]",0,[]
2661,1,"[""C:\\Users\\Ethan\\CoreFiles\\ProjectsFile\\AcademicResearch-auto-workflow\\workspace\\references\\attachments\\中国金融系统性风险的生成机制与防范研究.pdf""]",0,[]
2662,0,[],0,[]
2663,1,"[""C:\\Users\\Ethan\\CoreFiles\\ProjectsFile\\AcademicResearch-auto-workflow\\workspace\\references\\attachments\\影子银行与银行体系稳定性——基于类信贷影子银行业务视角的实证分析.pdf""]",0,[]
2664,1,"[""C:\\Users\\Ethan\\CoreFiles\\ProjectsFile\\AcademicResearch-auto-workflow\\workspace\\references\\attachments\\关于加强国内商业银行贷后管理的思考.pdf""]",0,[]
2665,1,"[""C:\\Users\\Ethan\\CoreFiles\\ProjectsFile\\AcademicResearch-auto-workflow\\workspace\\references\\attachments\\我国影子银行监管法律问题研究.pdf""]",0,[]
2666,1,"[""C:\\Users\\Ethan\\CoreFiles\\ProjectsFile\\AcademicResearch-auto-workflow\\workspace\\references\\attachments\\去年银行业利润1.25万亿  5大行利润增速低于全行业.pdf""]",0,[]
2667,1,"[""C:\\Users\\Ethan\\CoreFiles\\ProjectsFile\\AcademicResearch-auto-workflow\\workspace\\references\\attachments\\利率市场化对商业银行系统性风险的影响.pdf""]",0,[]
2668,1,"[""C:\\Users\\Ethan\\CoreFiles\\ProjectsFile\\AcademicResearch-auto-workflow\\workspace\\references\\attachments\\取消城市房地产税  不会造成房价波动.pdf""]",0,[]
2669,1,"[""C:\\Users\\Ethan\\CoreFiles\\ProjectsFile\\AcademicResearch-auto-workflow\\workspace\\references\\attachments\\中国银行间风险核心传递中介与系统性风险.pdf""]",0,[]
2670,1,"[""C:\\Users\\Ethan\\CoreFiles\\ProjectsFile\\AcademicResearch-auto-workflow\\workspace\\references\\attachments\\商业银行存在的系统性风险隐患与化解机制.pdf""]",0,[]
2671,1,"[""C:\\Users\\Ethan\\CoreFiles\\ProjectsFile\\AcademicResearch-auto-workflow\\workspace\\references\\attachments\\堵漏洞,防风险.pdf""]",0,[]
2672,1,"[""C:\\Users\\Ethan\\CoreFiles\\ProjectsFile\\AcademicResearch-auto-workflow\\workspace\\references\\attachments\\中国影子银行运行机制及对金融稳定的影响.pdf""]",0,[]
2673,1,"[""C:\\Users\\Ethan\\CoreFiles\\ProjectsFile\\AcademicResearch-auto-workflow\\workspace\\references\\attachments\\房地产市场波动对区域金融稳定的影响分析——以衡阳为例.pdf""]",0,[]
2674,1,"[""C:\\Users\\Ethan\\CoreFiles\\ProjectsFile\\AcademicResearch-auto-workflow\\workspace\\references\\attachments\\海南省房地产价格波动对宏观经济效应的影响分析.pdf""]",0,[]
2675,1,"[""C:\\Users\\Ethan\\CoreFiles\\ProjectsFile\\AcademicResearch-auto-workflow\\workspace\\references\\attachments\\新冠肺炎疫情与金融风险_影响与对策.pdf""]",0,[]
2676,1,"[""C:\\Users\\Ethan\\CoreFiles\\ProjectsFile\\AcademicResearch-auto-workflow\\workspace\\references\\attachments\\外部冲击视角下的我国商业银行系统性风险研究.pdf""]",0,[]
2677,1,"[""C:\\Users\\Ethan\\CoreFiles\\ProjectsFile\\AcademicResearch-auto-workflow\\workspace\\references\\attachments\\宏观金融变量影响房价波动的差异性研究.pdf""]",0,[]
2678,1,"[""C:\\Users\\Ethan\\CoreFiles\\ProjectsFile\\AcademicResearch-auto-workflow\\workspace\\references\\attachments\\房地产价格波动对城镇居民消费的经济效应.pdf""]",0,[]
2679,1,"[""C:\\Users\\Ethan\\CoreFiles\\ProjectsFile\\AcademicResearch-auto-workflow\\workspace\\references\\attachments\\不同区域房地产周期的比较研究.pdf""]",0,[]
2680,1,"[""C:\\Users\\Ethan\\CoreFiles\\ProjectsFile\\AcademicResearch-auto-workflow\\workspace\\references\\attachments\\商业银行信用风险对我国系统性金融风险贡献度研究.pdf""]",0,[]
2681,1,"[""C:\\Users\\Ethan\\CoreFiles\\ProjectsFile\\AcademicResearch-auto-workflow\\workspace\\references\\attachments\\区域人口密度变化对房地产价格波动的影响分析——以市场需求为中介.pdf""]",0,[]
2682,1,"[""C:\\Users\\Ethan\\CoreFiles\\ProjectsFile\\AcademicResearch-auto-workflow\\workspace\\references\\attachments\\贷款集中对上市银行风险和绩效的影响分析.pdf""]",0,[]
2683,0,[],0,[]
2684,1,"[""C:\\Users\\Ethan\\CoreFiles\\ProjectsFile\\AcademicResearch-auto-workflow\\workspace\\references\\attachments\\经济政策不确定性对商业银行系统性风险的影响研究.pdf""]",0,[]
2685,1,"[""C:\\Users\\Ethan\\CoreFiles\\ProjectsFile\\AcademicResearch-auto-workflow\\workspace\\references\\attachments\\宏观审慎政策之间的跨国溢出效应研究.pdf""]",0,[]
2686,1,"[""C:\\Users\\Ethan\\CoreFiles\\ProjectsFile\\AcademicResearch-auto-workflow\\workspace\\references\\attachments\\我国区域市场城市房价波动特征的实证研究.pdf""]",0,[]
2687,1,"[""C:\\Users\\Ethan\\CoreFiles\\ProjectsFile\\AcademicResearch-auto-workflow\\workspace\\references\\attachments\\房价波动对城镇居民消费的影响及其调控政策研究.pdf""]",0,[]
2688,1,"[""C:\\Users\\Ethan\\CoreFiles\\ProjectsFile\\AcademicResearch-auto-workflow\\workspace\\references\\attachments\\基于面板模型城市住宅商品房价格预测实证研究.pdf""]",0,[]
2689,0,[],0,[]
2690,1,"[""C:\\Users\\Ethan\\CoreFiles\\ProjectsFile\\AcademicResearch-auto-workflow\\workspace\\references\\attachments\\房地产价格波动对宏观经济波动的微观作用机制探究.pdf""]",0,[]
2691,1,"[""C:\\Users\\Ethan\\CoreFiles\\ProjectsFile\\AcademicResearch-auto-workflow\\workspace\\references\\attachments\\我国股票市场与房地产市场相关性实证研究.pdf""]",0,[]
2692,1,"[""C:\\Users\\Ethan\\CoreFiles\\ProjectsFile\\AcademicResearch-auto-workflow\\workspace\\references\\attachments\\金融机构系统性风险溢出及传染效应研究.pdf""]",0,[]
2693,1,"[""C:\\Users\\Ethan\\CoreFiles\\ProjectsFile\\AcademicResearch-auto-workflow\\workspace\\references\\attachments\\货币宽松与商业银行系统性风险——影子银行视角下的分析与检验.pdf""]",0,[]
2694,1,"[""C:\\Users\\Ethan\\CoreFiles\\ProjectsFile\\AcademicResearch-auto-workflow\\workspace\\references\\attachments\\金融业系统性风险测度及其溢出效应研究.pdf""]",0,[]
2695,0,[],0,[]
2696,1,"[""C:\\Users\\Ethan\\CoreFiles\\ProjectsFile\\AcademicResearch-auto-workflow\\workspace\\references\\attachments\\基层央行履行宏观审慎职责路径.pdf""]",0,[]
2697,1,"[""C:\\Users\\Ethan\\CoreFiles\\ProjectsFile\\AcademicResearch-auto-workflow\\workspace\\references\\attachments\\基于风险传染角度下银行系统性风险测度研究.pdf""]",0,[]
2698,1,"[""C:\\Users\\Ethan\\CoreFiles\\ProjectsFile\\AcademicResearch-auto-workflow\\workspace\\references\\attachments\\房地产价格波动与银行信贷风险防范.pdf""]",0,[]
2699,1,"[""C:\\Users\\Ethan\\CoreFiles\\ProjectsFile\\AcademicResearch-auto-workflow\\workspace\\references\\attachments\\基于多层网络的商业银行系统性风险智能监控研究.pdf""]",0,[]
2700,1,"[""C:\\Users\\Ethan\\CoreFiles\\ProjectsFile\\AcademicResearch-auto-workflow\\workspace\\references\\attachments\\我国房地产业金融风险研究.pdf""]",0,[]
2701,1,"[""C:\\Users\\Ethan\\CoreFiles\\ProjectsFile\\AcademicResearch-auto-workflow\\workspace\\references\\attachments\\货币政策、银行杠杆与系统性金融风险.pdf""]",0,[]
2702,1,"[""C:\\Users\\Ethan\\CoreFiles\\ProjectsFile\\AcademicResearch-auto-workflow\\workspace\\references\\attachments\\新常态下“双支柱”政策协调研究.pdf""]",0,[]
2703,1,"[""C:\\Users\\Ethan\\CoreFiles\\ProjectsFile\\AcademicResearch-auto-workflow\\workspace\\references\\attachments\\我国商业银行规模与系统性风险的现状探微.pdf""]",0,[]
2704,0,[],0,[]
2705,1,"[""C:\\Users\\Ethan\\CoreFiles\\ProjectsFile\\AcademicResearch-auto-workflow\\workspace\\references\\attachments\\关于中国影子银行活动的法律研究——以金融稳定委员会监管框架为参考.pdf""]",0,[]
2706,1,"[""C:\\Users\\Ethan\\CoreFiles\\ProjectsFile\\AcademicResearch-auto-workflow\\workspace\\references\\attachments\\隐性存保、显性存保与金融危机_国际经验与中国实践.pdf""]",0,[]
2707,1,"[""C:\\Users\\Ethan\\CoreFiles\\ProjectsFile\\AcademicResearch-auto-workflow\\workspace\\references\\attachments\\我国房地产周期性实证研究.pdf""]",0,[]
2708,0,[],0,[]
2709,1,"[""C:\\Users\\Ethan\\CoreFiles\\ProjectsFile\\AcademicResearch-auto-workflow\\workspace\\references\\attachments\\银行系统性金融风险溢出效应分析.pdf""]",0,[]
2710,1,"[""C:\\Users\\Ethan\\CoreFiles\\ProjectsFile\\AcademicResearch-auto-workflow\\workspace\\references\\attachments\\我国影子银行监管现状、问题及对策研究.pdf""]",0,[]
2711,1,"[""C:\\Users\\Ethan\\CoreFiles\\ProjectsFile\\AcademicResearch-auto-workflow\\workspace\\references\\attachments\\中国非上市银行经营风险度量——基于Z-score方法.pdf""]",0,[]
2712,1,"[""C:\\Users\\Ethan\\CoreFiles\\ProjectsFile\\AcademicResearch-auto-workflow\\workspace\\references\\attachments\\规模与杠杆对银行系统性风险的影响研究.pdf""]",0,[]
2713,1,"[""C:\\Users\\Ethan\\CoreFiles\\ProjectsFile\\AcademicResearch-auto-workflow\\workspace\\references\\attachments\\影子银行、银行信贷与房价.pdf""]",0,[]
2714,1,"[""C:\\Users\\Ethan\\CoreFiles\\ProjectsFile\\AcademicResearch-auto-workflow\\workspace\\references\\attachments\\宏观审慎监管框架下银行系统性风险传染测度研究.pdf""]",0,[]
2715,1,"[""C:\\Users\\Ethan\\CoreFiles\\ProjectsFile\\AcademicResearch-auto-workflow\\workspace\\references\\attachments\\货币政策与房地产价格波动_来自中国区域异质性的分析.pdf""]",0,[]
2716,1,"[""C:\\Users\\Ethan\\CoreFiles\\ProjectsFile\\AcademicResearch-auto-workflow\\workspace\\references\\attachments\\寻找经济稳健之匙：房地产价格波动与金融稳定的系统性研究——《房地产价格与中国金融稳定：指数构建、DSGE分析与实证研究》评介.pdf""]",0,[]
2717,1,"[""C:\\Users\\Ethan\\CoreFiles\\ProjectsFile\\AcademicResearch-auto-workflow\\workspace\\references\\attachments\\金融热点问题之我见.pdf""]",0,[]
2718,1,"[""C:\\Users\\Ethan\\CoreFiles\\ProjectsFile\\AcademicResearch-auto-workflow\\workspace\\references\\attachments\\存款保险制度、金融市场结构与银行系统性风险.pdf""]",0,[]
2719,1,"[""C:\\Users\\Ethan\\CoreFiles\\ProjectsFile\\AcademicResearch-auto-workflow\\workspace\\references\\attachments\\基于分位数回归技术的金融市场风险研究.pdf""]",0,[]
2720,1,"[""C:\\Users\\Ethan\\CoreFiles\\ProjectsFile\\AcademicResearch-auto-workflow\\workspace\\references\\attachments\\博弈视角下的商业银行风险事件管理研究.pdf""]",0,[]
2721,1,"[""C:\\Users\\Ethan\\CoreFiles\\ProjectsFile\\AcademicResearch-auto-workflow\\workspace\\references\\attachments\\房地产行业债务风险分析及商业银行的应对策略.pdf""]",0,[]
2722,1,"[""C:\\Users\\Ethan\\CoreFiles\\ProjectsFile\\AcademicResearch-auto-workflow\\workspace\\references\\attachments\\我国房地产金融风险的分析.pdf""]",0,[]
2723,1,"[""C:\\Users\\Ethan\\CoreFiles\\ProjectsFile\\AcademicResearch-auto-workflow\\workspace\\references\\attachments\\我国房地产价格波动和通货膨胀相关性研究.pdf""]",0,[]
2724,1,"[""C:\\Users\\Ethan\\CoreFiles\\ProjectsFile\\AcademicResearch-auto-workflow\\workspace\\references\\attachments\\基于风险认识的商业银行房地产信贷策略研究.pdf""]",0,[]
2725,1,"[""C:\\Users\\Ethan\\CoreFiles\\ProjectsFile\\AcademicResearch-auto-workflow\\workspace\\references\\attachments\\我国房地产金融宏观审慎管理有效性研究——基于河南省会城市郑州市的实证研究.pdf""]",0,[]
2726,1,"[""C:\\Users\\Ethan\\CoreFiles\\ProjectsFile\\AcademicResearch-auto-workflow\\workspace\\references\\attachments\\房地产泡沫与银行金融风险防范的措施初探.pdf""]",0,[]
2727,1,"[""C:\\Users\\Ethan\\CoreFiles\\ProjectsFile\\AcademicResearch-auto-workflow\\workspace\\references\\attachments\\监管改革、财政调整和重建金融业.pdf""]",0,[]
2728,1,"[""C:\\Users\\Ethan\\CoreFiles\\ProjectsFile\\AcademicResearch-auto-workflow\\workspace\\references\\attachments\\货币政策、影子银行周期性与系统金融风险.pdf""]",0,[]
2729,1,"[""C:\\Users\\Ethan\\CoreFiles\\ProjectsFile\\AcademicResearch-auto-workflow\\workspace\\references\\attachments\\数字化是否会加剧商业银行系统性风险.pdf""]",0,[]
2730,1,"[""C:\\Users\\Ethan\\CoreFiles\\ProjectsFile\\AcademicResearch-auto-workflow\\workspace\\references\\attachments\\我国商业银行系统流动性风险测度研究.pdf""]",0,[]
2731,1,"[""C:\\Users\\Ethan\\CoreFiles\\ProjectsFile\\AcademicResearch-auto-workflow\\workspace\\references\\attachments\\汇率波动、信贷收支与银行系统性风险.pdf""]",0,[]
2732,1,"[""C:\\Users\\Ethan\\CoreFiles\\ProjectsFile\\AcademicResearch-auto-workflow\\workspace\\references\\attachments\\当前央行房地产金融整顿的影响分析.pdf""]",0,[]
2733,1,"[""C:\\Users\\Ethan\\CoreFiles\\ProjectsFile\\AcademicResearch-auto-workflow\\workspace\\references\\attachments\\沈阳市房地产市场价格波动及预测研究.pdf""]",0,[]
2734,1,"[""C:\\Users\\Ethan\\CoreFiles\\ProjectsFile\\AcademicResearch-auto-workflow\\workspace\\references\\attachments\\MPA框架的特点及对中小型商业银行潜在影响分析.pdf""]",0,[]
2735,0,[],0,[]
2736,1,"[""C:\\Users\\Ethan\\CoreFiles\\ProjectsFile\\AcademicResearch-auto-workflow\\workspace\\references\\attachments\\四川省房地产投资周期波动分析.pdf""]",0,[]
2737,1,"[""C:\\Users\\Ethan\\CoreFiles\\ProjectsFile\\AcademicResearch-auto-workflow\\workspace\\references\\attachments\\基于DCC模型的上市银行系统风险实证研究.pdf""]",0,[]
2738,1,"[""C:\\Users\\Ethan\\CoreFiles\\ProjectsFile\\AcademicResearch-auto-workflow\\workspace\\references\\attachments\\银行规模、关联度与银行流动性风险传染.pdf""]",0,[]
2739,1,"[""C:\\Users\\Ethan\\CoreFiles\\ProjectsFile\\AcademicResearch-auto-workflow\\workspace\\references\\attachments\\我国商业银行系统性风险预警研究.pdf""]",0,[]
2740,1,"[""C:\\Users\\Ethan\\CoreFiles\\ProjectsFile\\AcademicResearch-auto-workflow\\workspace\\references\\attachments\\信贷资产证券化对我国商业银行系统性风险的影响.pdf""]",0,[]
2741,1,"[""C:\\Users\\Ethan\\CoreFiles\\ProjectsFile\\AcademicResearch-auto-workflow\\workspace\\references\\attachments\\影响我国房地产价格波动的因素研究.pdf""]",0,[]
2742,1,"[""C:\\Users\\Ethan\\CoreFiles\\ProjectsFile\\AcademicResearch-auto-workflow\\workspace\\references\\attachments\\逆周期宏观审慎监管的理论、框架及其局限性研究.pdf""]",0,[]
2743,1,"[""C:\\Users\\Ethan\\CoreFiles\\ProjectsFile\\AcademicResearch-auto-workflow\\workspace\\references\\attachments\\中国人民银行：持续引导实际利率和首付比例下行  更好支持刚性和改善性住房需求.pdf""]",0,[]
2744,1,"[""C:\\Users\\Ethan\\CoreFiles\\ProjectsFile\\AcademicResearch-auto-workflow\\workspace\\references\\attachments\\银行流动性过剩对房地产市场的影响.pdf""]",0,[]
2745,0,[],0,[]
2746,1,"[""C:\\Users\\Ethan\\CoreFiles\\ProjectsFile\\AcademicResearch-auto-workflow\\workspace\\references\\attachments\\信贷资产证券化对商业银行风险影响研究.pdf""]",0,[]
2747,1,"[""C:\\Users\\Ethan\\CoreFiles\\ProjectsFile\\AcademicResearch-auto-workflow\\workspace\\references\\attachments\\银行系统性风险传染及防范研究.pdf""]",0,[]
2748,1,"[""C:\\Users\\Ethan\\CoreFiles\\ProjectsFile\\AcademicResearch-auto-workflow\\workspace\\references\\attachments\\商业银行风险对系统性金融风险贡献度研究.pdf""]",0,[]
2749,1,"[""C:\\Users\\Ethan\\CoreFiles\\ProjectsFile\\AcademicResearch-auto-workflow\\workspace\\references\\attachments\\商业银行应对系统性风险的经营策略.pdf""]",0,[]
2750,1,"[""C:\\Users\\Ethan\\CoreFiles\\ProjectsFile\\AcademicResearch-auto-workflow\\workspace\\references\\attachments\\土地财政、房地产需求冲击与经济波动.pdf""]",0,[]
2751,1,"[""C:\\Users\\Ethan\\CoreFiles\\ProjectsFile\\AcademicResearch-auto-workflow\\workspace\\references\\attachments\\房地产业周期波动机制研究.pdf""]",0,[]
2752,1,"[""C:\\Users\\Ethan\\CoreFiles\\ProjectsFile\\AcademicResearch-auto-workflow\\workspace\\references\\attachments\\房地产开发贷款风险全过程管理研究.pdf""]",0,[]
2753,1,"[""C:\\Users\\Ethan\\CoreFiles\\ProjectsFile\\AcademicResearch-auto-workflow\\workspace\\references\\attachments\\房价波动与商业银行资产质量相关性的实证研究.pdf""]",0,[]
2754,1,"[""C:\\Users\\Ethan\\CoreFiles\\ProjectsFile\\AcademicResearch-auto-workflow\\workspace\\references\\attachments\\我国房地产市场与商业银行系统性风险的关联性研究.pdf""]",0,[]
2755,1,"[""C:\\Users\\Ethan\\CoreFiles\\ProjectsFile\\AcademicResearch-auto-workflow\\workspace\\references\\attachments\\资产证券化、利率市场化和商业银行系统性风险.pdf""]",0,[]
2756,1,"[""C:\\Users\\Ethan\\CoreFiles\\ProjectsFile\\AcademicResearch-auto-workflow\\workspace\\references\\attachments\\浅谈商业银行房地产信贷业务风险及其防范.pdf""]",0,[]
2757,0,[],0,[]
2758,0,[],0,[]
2759,1,"[""C:\\Users\\Ethan\\CoreFiles\\ProjectsFile\\AcademicResearch-auto-workflow\\workspace\\references\\attachments\\房地产价格波动对银行资产质量的冲击.pdf""]",0,[]
2760,1,"[""C:\\Users\\Ethan\\CoreFiles\\ProjectsFile\\AcademicResearch-auto-workflow\\workspace\\references\\attachments\\我国经济转轨时期房地产增长周期波动.pdf""]",0,[]
2761,1,"[""C:\\Users\\Ethan\\CoreFiles\\ProjectsFile\\AcademicResearch-auto-workflow\\workspace\\references\\attachments\\城市户籍准入制度改革下的人才集聚与房地产市场波动.pdf""]",0,[]
2762,1,"[""C:\\Users\\Ethan\\CoreFiles\\ProjectsFile\\AcademicResearch-auto-workflow\\workspace\\references\\attachments\\昆明市房地产周期波动实证研究.pdf""]",0,[]
2763,1,"[""C:\\Users\\Ethan\\CoreFiles\\ProjectsFile\\AcademicResearch-auto-workflow\\workspace\\references\\attachments\\影子银行系统性风险与金融稳定.pdf""]",0,[]
2764,1,"[""C:\\Users\\Ethan\\CoreFiles\\ProjectsFile\\AcademicResearch-auto-workflow\\workspace\\references\\attachments\\金融稳定视角下最后贷款人制度的规范构建.pdf""]",0,[]
2765,0,[],0,[]
2766,1,"[""C:\\Users\\Ethan\\CoreFiles\\ProjectsFile\\AcademicResearch-auto-workflow\\workspace\\references\\attachments\\在“三个代表”重要思想指引下全面提高新形势下中央银行工作水平.pdf""]",0,[]
2767,1,"[""C:\\Users\\Ethan\\CoreFiles\\ProjectsFile\\AcademicResearch-auto-workflow\\workspace\\references\\attachments\\安联地产融资渠道及方式研究.pdf""]",0,[]
2768,1,"[""C:\\Users\\Ethan\\CoreFiles\\ProjectsFile\\AcademicResearch-auto-workflow\\workspace\\references\\attachments\\房地产价格波动与区域经济发展间的实证研究.pdf""]",0,[]
2769,1,"[""C:\\Users\\Ethan\\CoreFiles\\ProjectsFile\\AcademicResearch-auto-workflow\\workspace\\references\\attachments\\“双支柱”调控对商业银行系统性风险的影响研究.pdf""]",0,[]
2770,1,"[""C:\\Users\\Ethan\\CoreFiles\\ProjectsFile\\AcademicResearch-auto-workflow\\workspace\\references\\attachments\\浅论如何从技术层面做好中小企业贷后管理.pdf""]",0,[]
2771,1,"[""C:\\Users\\Ethan\\CoreFiles\\ProjectsFile\\AcademicResearch-auto-workflow\\workspace\\references\\attachments\\中美上市银行高维网络结构特征与系统性风险传染.pdf""]",0,[]
2772,1,"[""C:\\Users\\Ethan\\CoreFiles\\ProjectsFile\\AcademicResearch-auto-workflow\\workspace\\references\\attachments\\A股市场波动对房地产市场的影响研究.pdf""]",0,[]
2773,1,"[""C:\\Users\\Ethan\\CoreFiles\\ProjectsFile\\AcademicResearch-auto-workflow\\workspace\\references\\attachments\\我国金融行业风险溢出效应测度及动态相关性研究.pdf""]",0,[]
2774,1,"[""C:\\Users\\Ethan\\CoreFiles\\ProjectsFile\\AcademicResearch-auto-workflow\\workspace\\references\\attachments\\房地产市场情绪对我国房价波动的影响.pdf""]",0,[]
2775,1,"[""C:\\Users\\Ethan\\CoreFiles\\ProjectsFile\\AcademicResearch-auto-workflow\\workspace\\references\\attachments\\房地产价格、金融加速器和宏观经济波动非对称性——基于SETVAR模型的研究.pdf""]",0,[]
2776,1,"[""C:\\Users\\Ethan\\CoreFiles\\ProjectsFile\\AcademicResearch-auto-workflow\\workspace\\references\\attachments\\我国房地产价格波动对居民消费的影响研究.pdf""]",0,[]
2777,1,"[""C:\\Users\\Ethan\\CoreFiles\\ProjectsFile\\AcademicResearch-auto-workflow\\workspace\\references\\attachments\\巴塞尔Ⅲ框架下我国银行业系统性风险监管研究.pdf""]",0,[]
2778,1,"[""C:\\Users\\Ethan\\CoreFiles\\ProjectsFile\\AcademicResearch-auto-workflow\\workspace\\references\\attachments\\实体经济投融资下金融监管守住系统性风险研究.pdf""]",0,[]
2779,1,"[""C:\\Users\\Ethan\\CoreFiles\\ProjectsFile\\AcademicResearch-auto-workflow\\workspace\\references\\attachments\\国内影子银行的风险研究.pdf""]",0,[]
2780,1,"[""C:\\Users\\Ethan\\CoreFiles\\ProjectsFile\\AcademicResearch-auto-workflow\\workspace\\references\\attachments\\RegTech对监管模式转变的影响及其有效性验证.pdf""]",0,[]
2781,1,"[""C:\\Users\\Ethan\\CoreFiles\\ProjectsFile\\AcademicResearch-auto-workflow\\workspace\\references\\attachments\\基于宏观审慎的金融监管指标体系构建研究.pdf""]",0,[]
2782,1,"[""C:\\Users\\Ethan\\CoreFiles\\ProjectsFile\\AcademicResearch-auto-workflow\\workspace\\references\\attachments\\吴晓灵_业务安全和技术安全两手都要抓.pdf""]",0,[]
2783,1,"[""C:\\Users\\Ethan\\CoreFiles\\ProjectsFile\\AcademicResearch-auto-workflow\\workspace\\references\\attachments\\次贷危机对我国商业银行房地产信贷风险的影响研究.pdf""]",0,[]
2784,1,"[""C:\\Users\\Ethan\\CoreFiles\\ProjectsFile\\AcademicResearch-auto-workflow\\workspace\\references\\attachments\\房地产经济波动影响因素与应对措施.pdf""]",0,[]
2785,1,"[""C:\\Users\\Ethan\\CoreFiles\\ProjectsFile\\AcademicResearch-auto-workflow\\workspace\\references\\attachments\\A股市场房地产板块非理性波动特征及原因研究.pdf""]",0,[]
2786,1,"[""C:\\Users\\Ethan\\CoreFiles\\ProjectsFile\\AcademicResearch-auto-workflow\\workspace\\references\\attachments\\中国房地产行业周期波动特征研究及预测.pdf""]",0,[]
2787,1,"[""C:\\Users\\Ethan\\CoreFiles\\ProjectsFile\\AcademicResearch-auto-workflow\\workspace\\references\\attachments\\人民银行如何防范化解系统性金融风险.pdf""]",0,[]
2788,1,"[""C:\\Users\\Ethan\\CoreFiles\\ProjectsFile\\AcademicResearch-auto-workflow\\workspace\\references\\attachments\\基于元胞自动机方法的我国商业银行系统性风险的传染效应研究.pdf""]",0,[]
2789,1,"[""C:\\Users\\Ethan\\CoreFiles\\ProjectsFile\\AcademicResearch-auto-workflow\\workspace\\references\\attachments\\房地产价格波动的财富效应研究——基于省际面板数据的实证分析.pdf""]",0,[]
2790,1,"[""C:\\Users\\Ethan\\CoreFiles\\ProjectsFile\\AcademicResearch-auto-workflow\\workspace\\references\\attachments\\转型期我国两次房地产调控政策的比较研究.pdf""]",0,[]
2791,1,"[""C:\\Users\\Ethan\\CoreFiles\\ProjectsFile\\AcademicResearch-auto-workflow\\workspace\\references\\attachments\\中国房地产周期波动及主要影响因素分析.pdf""]",0,[]
2792,1,"[""C:\\Users\\Ethan\\CoreFiles\\ProjectsFile\\AcademicResearch-auto-workflow\\workspace\\references\\attachments\\中小银行风险化解路径探析.pdf""]",0,[]
2793,1,"[""C:\\Users\\Ethan\\CoreFiles\\ProjectsFile\\AcademicResearch-auto-workflow\\workspace\\references\\attachments\\银行数字化转型与系统性风险.pdf""]",0,[]
2794,1,"[""C:\\Users\\Ethan\\CoreFiles\\ProjectsFile\\AcademicResearch-auto-workflow\\workspace\\references\\attachments\\从“重资产”到“轻资产”_经营模式转型是否影响了银行风险.pdf""]",0,[]
2795,1,"[""C:\\Users\\Ethan\\CoreFiles\\ProjectsFile\\AcademicResearch-auto-workflow\\workspace\\references\\attachments\\销售回温  投资波动  房地产仍处于“调整期”.pdf""]",0,[]
2796,1,"[""C:\\Users\\Ethan\\CoreFiles\\ProjectsFile\\AcademicResearch-auto-workflow\\workspace\\references\\attachments\\金融压力、所有制结构与银行风险承担——基于中国影子银行活动的实证研究.pdf""]",0,[]
2797,0,[],0,[]
2798,1,"[""C:\\Users\\Ethan\\CoreFiles\\ProjectsFile\\AcademicResearch-auto-workflow\\workspace\\references\\attachments\\我国房地产的非理性波动与金融市场风险分析.pdf""]",0,[]
2799,1,"[""C:\\Users\\Ethan\\CoreFiles\\ProjectsFile\\AcademicResearch-auto-workflow\\workspace\\references\\attachments\\2020年中国金融十件大事.pdf""]",0,[]
2800,1,"[""C:\\Users\\Ethan\\CoreFiles\\ProjectsFile\\AcademicResearch-auto-workflow\\workspace\\references\\attachments\\基于绿色创新补助政策的银企系统性风险研究.pdf""]",0,[]
2801,1,"[""C:\\Users\\Ethan\\CoreFiles\\ProjectsFile\\AcademicResearch-auto-workflow\\workspace\\references\\attachments\\房地产股票价格波动的实证分析.pdf""]",0,[]
2802,1,"[""C:\\Users\\Ethan\\CoreFiles\\ProjectsFile\\AcademicResearch-auto-workflow\\workspace\\references\\attachments\\基于宏观审慎视角的中国保险业系统性风险研究.pdf""]",0,[]
2803,1,"[""C:\\Users\\Ethan\\CoreFiles\\ProjectsFile\\AcademicResearch-auto-workflow\\workspace\\references\\attachments\\房地产价格波动、通货膨胀与收入分配差距.pdf""]",0,[]
2804,1,"[""C:\\Users\\Ethan\\CoreFiles\\ProjectsFile\\AcademicResearch-auto-workflow\\workspace\\references\\attachments\\房地产周期波动与宏观调控政策研究.pdf""]",0,[]
2805,1,"[""C:\\Users\\Ethan\\CoreFiles\\ProjectsFile\\AcademicResearch-auto-workflow\\workspace\\references\\attachments\\创业、创新与房地产市场互动研究.pdf""]",0,[]
2806,1,"[""C:\\Users\\Ethan\\CoreFiles\\ProjectsFile\\AcademicResearch-auto-workflow\\workspace\\references\\attachments\\城镇住房保障体系发展滞后对房地产市场波动的影响.pdf""]",0,[]
2807,1,"[""C:\\Users\\Ethan\\CoreFiles\\ProjectsFile\\AcademicResearch-auto-workflow\\workspace\\references\\attachments\\我国商业银行轻型化转型对系统性风险的影响研究.pdf""]",0,[]
2808,1,"[""C:\\Users\\Ethan\\CoreFiles\\ProjectsFile\\AcademicResearch-auto-workflow\\workspace\\references\\attachments\\房地产市场价格波动性研究.pdf""]",0,[]
2809,1,"[""C:\\Users\\Ethan\\CoreFiles\\ProjectsFile\\AcademicResearch-auto-workflow\\workspace\\references\\attachments\\定向增发对股价收益率波动性影响的短期效应研究——以沪、深两市房地产类股票为样本.pdf""]",0,[]
2810,1,"[""C:\\Users\\Ethan\\CoreFiles\\ProjectsFile\\AcademicResearch-auto-workflow\\workspace\\references\\attachments\\银行业全面开放有利于房地产融资.pdf""]",0,[]
2811,1,"[""C:\\Users\\Ethan\\CoreFiles\\ProjectsFile\\AcademicResearch-auto-workflow\\workspace\\references\\attachments\\房地产价格波动与宏观审慎监管框架设计探析.pdf""]",0,[]
2812,1,"[""C:\\Users\\Ethan\\CoreFiles\\ProjectsFile\\AcademicResearch-auto-workflow\\workspace\\references\\attachments\\基于复杂网络的银企间拆借网络风险传播与溯源.pdf""]",0,[]
2813,1,"[""C:\\Users\\Ethan\\CoreFiles\\ProjectsFile\\AcademicResearch-auto-workflow\\workspace\\references\\attachments\\商业银行房地产住房信贷风险及其防范.pdf""]",0,[]
2814,0,[],0,[]
2815,1,"[""C:\\Users\\Ethan\\CoreFiles\\ProjectsFile\\AcademicResearch-auto-workflow\\workspace\\references\\attachments\\房地产价格影响因素的实证研究.pdf""]",0,[]
2816,1,"[""C:\\Users\\Ethan\\CoreFiles\\ProjectsFile\\AcademicResearch-auto-workflow\\workspace\\references\\attachments\\完善内部治理,降低金融风险.pdf""]",0,[]
2817,1,"[""C:\\Users\\Ethan\\CoreFiles\\ProjectsFile\\AcademicResearch-auto-workflow\\workspace\\references\\attachments\\房地产投资与房地产周期性的波动.pdf""]",0,[]
2818,1,"[""C:\\Users\\Ethan\\CoreFiles\\ProjectsFile\\AcademicResearch-auto-workflow\\workspace\\references\\attachments\\银行资本监管与系统性金融风险传递——基于DSGE模型的分析.pdf""]",0,[]
2819,1,"[""C:\\Users\\Ethan\\CoreFiles\\ProjectsFile\\AcademicResearch-auto-workflow\\workspace\\references\\attachments\\城镇化、工业化与房地产价格波动——基于2005—2013省际面板数据分析.pdf""]",0,[]
2820,1,"[""C:\\Users\\Ethan\\CoreFiles\\ProjectsFile\\AcademicResearch-auto-workflow\\workspace\\references\\attachments\\人民币汇率对房地产市场价格的多渠道影响效应研究_基于金融动态CGE模型.pdf""]",0,[]
2821,1,"[""C:\\Users\\Ethan\\CoreFiles\\ProjectsFile\\AcademicResearch-auto-workflow\\workspace\\references\\attachments\\中国房地产价格波动风险的稳健性测度.pdf""]",0,[]
2822,1,"[""C:\\Users\\Ethan\\CoreFiles\\ProjectsFile\\AcademicResearch-auto-workflow\\workspace\\references\\attachments\\银行杠杆、同业业务与系统性风险.pdf""]",0,[]
2823,1,"[""C:\\Users\\Ethan\\CoreFiles\\ProjectsFile\\AcademicResearch-auto-workflow\\workspace\\references\\attachments\\降价抛售、系统性风险与银行系统稳定性.pdf""]",0,[]
2824,1,"[""C:\\Users\\Ethan\\CoreFiles\\ProjectsFile\\AcademicResearch-auto-workflow\\workspace\\references\\attachments\\商业银行高管延付薪酬与系统性风险——基于管理者短视偏差中介效应的新视角分析.pdf""]",0,[]
2825,1,"[""C:\\Users\\Ethan\\CoreFiles\\ProjectsFile\\AcademicResearch-auto-workflow\\workspace\\references\\attachments\\金融稳定实践的若干思考.pdf""]",0,[]
2826,1,"[""C:\\Users\\Ethan\\CoreFiles\\ProjectsFile\\AcademicResearch-auto-workflow\\workspace\\references\\attachments\\公司房地产与公司股票市场表现的实证研究.pdf""]",0,[]
2827,1,"[""C:\\Users\\Ethan\\CoreFiles\\ProjectsFile\\AcademicResearch-auto-workflow\\workspace\\references\\attachments\\城市轨道交通对住房价格影响的时间效应研究.pdf""]",0,[]
2828,1,"[""C:\\Users\\Ethan\\CoreFiles\\ProjectsFile\\AcademicResearch-auto-workflow\\workspace\\references\\attachments\\房地产投资波动与城市化关联性研究.pdf""]",0,[]
2829,1,"[""C:\\Users\\Ethan\\CoreFiles\\ProjectsFile\\AcademicResearch-auto-workflow\\workspace\\references\\attachments\\FinTech监管套利的“影子银行”策略及其系统性风险治理.pdf""]",0,[]
2830,1,"[""C:\\Users\\Ethan\\CoreFiles\\ProjectsFile\\AcademicResearch-auto-workflow\\workspace\\references\\attachments\\如何看待中国金融系统性风险.pdf""]",0,[]
2831,1,"[""C:\\Users\\Ethan\\CoreFiles\\ProjectsFile\\AcademicResearch-auto-workflow\\workspace\\references\\attachments\\房地产价格波动影响因素文献综述.pdf""]",0,[]
2832,1,"[""C:\\Users\\Ethan\\CoreFiles\\ProjectsFile\\AcademicResearch-auto-workflow\\workspace\\references\\attachments\\从系统的角度认识和防范房地产金融风险.pdf""]",0,[]
2833,1,"[""C:\\Users\\Ethan\\CoreFiles\\ProjectsFile\\AcademicResearch-auto-workflow\\workspace\\references\\attachments\\基于转移熵的银行间风险传染效应实证研究.pdf""]",0,[]
2834,1,"[""C:\\Users\\Ethan\\CoreFiles\\ProjectsFile\\AcademicResearch-auto-workflow\\workspace\\references\\attachments\\房地产市场价格波动对消费的影响研究.pdf""]",0,[]
2835,1,"[""C:\\Users\\Ethan\\CoreFiles\\ProjectsFile\\AcademicResearch-auto-workflow\\workspace\\references\\attachments\\我国金融稳定的基本现状与对策研究.pdf""]",0,[]
2836,1,"[""C:\\Users\\Ethan\\CoreFiles\\ProjectsFile\\AcademicResearch-auto-workflow\\workspace\\references\\attachments\\系统性金融风险的防范与化解及对商业银行的建议.pdf""]",0,[]
2837,1,"[""C:\\Users\\Ethan\\CoreFiles\\ProjectsFile\\AcademicResearch-auto-workflow\\workspace\\references\\attachments\\基于尾部关联视角的一带一路国家银行业系统性风险研究.pdf""]",0,[]
2838,1,"[""C:\\Users\\Ethan\\CoreFiles\\ProjectsFile\\AcademicResearch-auto-workflow\\workspace\\references\\attachments\\金融周期对银行业系统性风险影响研究.pdf""]",0,[]
2839,1,"[""C:\\Users\\Ethan\\CoreFiles\\ProjectsFile\\AcademicResearch-auto-workflow\\workspace\\references\\attachments\\新形势下影响我国房地产周期波动因素研究.pdf""]",0,[]
2840,1,"[""C:\\Users\\Ethan\\CoreFiles\\ProjectsFile\\AcademicResearch-auto-workflow\\workspace\\references\\attachments\\中国上市银行内部评级体系有效性研究.pdf""]",0,[]
2841,1,"[""C:\\Users\\Ethan\\CoreFiles\\ProjectsFile\\AcademicResearch-auto-workflow\\workspace\\references\\attachments\\外资准入负面清单制度对银行业风险的影响研究.pdf""]",0,[]
2842,1,"[""C:\\Users\\Ethan\\CoreFiles\\ProjectsFile\\AcademicResearch-auto-workflow\\workspace\\references\\attachments\\中国货币政策对住房价格影响的实证研究.pdf""]",0,[]
2843,1,"[""C:\\Users\\Ethan\\CoreFiles\\ProjectsFile\\AcademicResearch-auto-workflow\\workspace\\references\\attachments\\基于量价关系视角的限购政策效应研究.pdf""]",0,[]
2844,1,"[""C:\\Users\\Ethan\\CoreFiles\\ProjectsFile\\AcademicResearch-auto-workflow\\workspace\\references\\attachments\\系统性金融风险生成的机理与防范化解.pdf""]",0,[]
2845,1,"[""C:\\Users\\Ethan\\CoreFiles\\ProjectsFile\\AcademicResearch-auto-workflow\\workspace\\references\\attachments\\商业银行系统性风险评价及其防范研究.pdf""]",0,[]
2846,1,"[""C:\\Users\\Ethan\\CoreFiles\\ProjectsFile\\AcademicResearch-auto-workflow\\workspace\\references\\attachments\\房地产市场波动与金融压力的时变动态关系研究.pdf""]",0,[]
2847,1,"[""C:\\Users\\Ethan\\CoreFiles\\ProjectsFile\\AcademicResearch-auto-workflow\\workspace\\references\\attachments\\中国宏观审慎监管工具和政策协调的有效性研究.pdf""]",0,[]
2848,1,"[""C:\\Users\\Ethan\\CoreFiles\\ProjectsFile\\AcademicResearch-auto-workflow\\workspace\\references\\attachments\\中国房地产周期波动理论和对策研究.pdf""]",0,[]
2849,1,"[""C:\\Users\\Ethan\\CoreFiles\\ProjectsFile\\AcademicResearch-auto-workflow\\workspace\\references\\attachments\\房地产周期波动研究述评.pdf""]",0,[]
2850,1,"[""C:\\Users\\Ethan\\CoreFiles\\ProjectsFile\\AcademicResearch-auto-workflow\\workspace\\references\\attachments\\中国银行间市场双边传染的风险估测及其系统性特征分析.pdf""]",0,[]
2851,1,"[""C:\\Users\\Ethan\\CoreFiles\\ProjectsFile\\AcademicResearch-auto-workflow\\workspace\\references\\attachments\\银行系统性风险转嫁行为对问题银行关闭策略的影响.pdf""]",0,[]
2852,1,"[""C:\\Users\\Ethan\\CoreFiles\\ProjectsFile\\AcademicResearch-auto-workflow\\workspace\\references\\attachments\\中国房地产市场波动对宏观经济波动的影响研究.pdf""]",0,[]
2853,1,"[""C:\\Users\\Ethan\\CoreFiles\\ProjectsFile\\AcademicResearch-auto-workflow\\workspace\\references\\attachments\\房地产波动对经济增长的影响.pdf""]",0,[]
2854,1,"[""C:\\Users\\Ethan\\CoreFiles\\ProjectsFile\\AcademicResearch-auto-workflow\\workspace\\references\\attachments\\我国商业银行系统性风险测评.pdf""]",0,[]
2855,1,"[""C:\\Users\\Ethan\\CoreFiles\\ProjectsFile\\AcademicResearch-auto-workflow\\workspace\\references\\attachments\\银行竞争、批发融资与系统性风险.pdf""]",0,[]
2856,1,"[""C:\\Users\\Ethan\\CoreFiles\\ProjectsFile\\AcademicResearch-auto-workflow\\workspace\\references\\attachments\\金融政策与中国房地产周期波动.pdf""]",0,[]
2857,1,"[""C:\\Users\\Ethan\\CoreFiles\\ProjectsFile\\AcademicResearch-auto-workflow\\workspace\\references\\attachments\\房地产价格波动与通货膨胀预期.pdf""]",0,[]
2858,1,"[""C:\\Users\\Ethan\\CoreFiles\\ProjectsFile\\AcademicResearch-auto-workflow\\workspace\\references\\attachments\\房价波动、住房自有率和房地产挤出效应.pdf""]",0,[]
2859,1,"[""C:\\Users\\Ethan\\CoreFiles\\ProjectsFile\\AcademicResearch-auto-workflow\\workspace\\references\\attachments\\中国资产价格对通货膨胀的影响：理论与实证研究.pdf""]",0,[]
2860,1,"[""C:\\Users\\Ethan\\CoreFiles\\ProjectsFile\\AcademicResearch-auto-workflow\\workspace\\references\\attachments\\从产业关联的角度分析房地产市场波动的影响——基于投入产出方法的实证研究.pdf""]",0,[]
2861,1,"[""C:\\Users\\Ethan\\CoreFiles\\ProjectsFile\\AcademicResearch-auto-workflow\\workspace\\references\\attachments\\中国经济金融风险形势研判.pdf""]",0,[]
2862,1,"[""C:\\Users\\Ethan\\CoreFiles\\ProjectsFile\\AcademicResearch-auto-workflow\\workspace\\references\\attachments\\巴塞尔Ⅲ框架下中国商业银行弹性化资本监管研究.pdf""]",0,[]
2863,1,"[""C:\\Users\\Ethan\\CoreFiles\\ProjectsFile\\AcademicResearch-auto-workflow\\workspace\\references\\attachments\\房地产业与银行业信用风险传染性研究.pdf""]",0,[]
2864,1,"[""C:\\Users\\Ethan\\CoreFiles\\ProjectsFile\\AcademicResearch-auto-workflow\\workspace\\references\\attachments\\商业银行金融创新与系统性风险.pdf""]",0,[]
2865,1,"[""C:\\Users\\Ethan\\CoreFiles\\ProjectsFile\\AcademicResearch-auto-workflow\\workspace\\references\\attachments\\基于SRISK指标的中国银行业系统性风险度量研究.pdf""]",0,[]
2866,0,[],0,[]
2867,1,"[""C:\\Users\\Ethan\\CoreFiles\\ProjectsFile\\AcademicResearch-auto-workflow\\workspace\\references\\attachments\\人口结构对房地产价格波动的影响.pdf""]",0,[]
2868,1,"[""C:\\Users\\Ethan\\CoreFiles\\ProjectsFile\\AcademicResearch-auto-workflow\\workspace\\references\\attachments\\银行竞争对银行系统性风险的影响研究.pdf""]",0,[]
2869,1,"[""C:\\Users\\Ethan\\CoreFiles\\ProjectsFile\\AcademicResearch-auto-workflow\\workspace\\references\\attachments\\我国系统性金融风险的测度.pdf""]",0,[]
2870,1,"[""C:\\Users\\Ethan\\CoreFiles\\ProjectsFile\\AcademicResearch-auto-workflow\\workspace\\references\\attachments\\上市公司股价波动与财务业绩相关性分析——以房地产行业为例.pdf""]",0,[]
2871,1,"[""C:\\Users\\Ethan\\CoreFiles\\ProjectsFile\\AcademicResearch-auto-workflow\\workspace\\references\\attachments\\建立强托管机制  防范系统性金融风险——访工商银行资产托管部总经理李勇.pdf""]",0,[]
2872,1,"[""C:\\Users\\Ethan\\CoreFiles\\ProjectsFile\\AcademicResearch-auto-workflow\\workspace\\references\\attachments\\房价波动对居民消费影响的实证研究.pdf""]",0,[]
2873,1,"[""C:\\Users\\Ethan\\CoreFiles\\ProjectsFile\\AcademicResearch-auto-workflow\\workspace\\references\\attachments\\潘功胜：房地产市场波动对金融体系影响有限.pdf""]",0,[]
2874,1,"[""C:\\Users\\Ethan\\CoreFiles\\ProjectsFile\\AcademicResearch-auto-workflow\\workspace\\references\\attachments\\房地产企业在经济波动中的风险管理策略.pdf""]",0,[]
2875,1,"[""C:\\Users\\Ethan\\CoreFiles\\ProjectsFile\\AcademicResearch-auto-workflow\\workspace\\references\\attachments\\城镇化、地理关联对房价的效应研究.pdf""]",0,[]
2876,1,"[""C:\\Users\\Ethan\\CoreFiles\\ProjectsFile\\AcademicResearch-auto-workflow\\workspace\\references\\attachments\\高速铁路对沿线站点城市房地产价格影响力的时效类型实证研究.pdf""]",0,[]
2877,0,[],0,[]
2878,1,"[""C:\\Users\\Ethan\\CoreFiles\\ProjectsFile\\AcademicResearch-auto-workflow\\workspace\\references\\attachments\\城市商业银行大额不良资产化解处置探析——以防范和化解系统性金融风险为视角.pdf""]",0,[]
2879,1,"[""C:\\Users\\Ethan\\CoreFiles\\ProjectsFile\\AcademicResearch-auto-workflow\\workspace\\references\\attachments\\我国房地产市场波动对系统性风险溢出效应研究.pdf""]",0,[]
2880,1,"[""C:\\Users\\Ethan\\CoreFiles\\ProjectsFile\\AcademicResearch-auto-workflow\\workspace\\references\\attachments\\银行系统性风险成因分析及评价模型的建立.pdf""]",0,[]
2881,1,"[""C:\\Users\\Ethan\\CoreFiles\\ProjectsFile\\AcademicResearch-auto-workflow\\workspace\\references\\attachments\\降低沈阳市房地产信贷违约风险的对策研究.pdf""]",0,[]
2882,1,"[""C:\\Users\\Ethan\\CoreFiles\\ProjectsFile\\AcademicResearch-auto-workflow\\workspace\\references\\attachments\\中国上市银行风险关联网络拓扑结构动态演变机制研究.pdf""]",0,[]
2883,1,"[""C:\\Users\\Ethan\\CoreFiles\\ProjectsFile\\AcademicResearch-auto-workflow\\workspace\\references\\attachments\\房地产业周期波动研究述评.pdf""]",0,[]
2884,1,"[""C:\\Users\\Ethan\\CoreFiles\\ProjectsFile\\AcademicResearch-auto-workflow\\workspace\\references\\attachments\\NMG银行风险导向内部审计在房地产项目贷款中的应用研究.pdf""]",0,[]
2885,1,"[""C:\\Users\\Ethan\\CoreFiles\\ProjectsFile\\AcademicResearch-auto-workflow\\workspace\\references\\attachments\\中国金融机构系统性风险与影响因素研究.pdf""]",0,[]
2886,1,"[""C:\\Users\\Ethan\\CoreFiles\\ProjectsFile\\AcademicResearch-auto-workflow\\workspace\\references\\attachments\\我国房地产市场波动状况分析.pdf""]",0,[]
2887,1,"[""C:\\Users\\Ethan\\CoreFiles\\ProjectsFile\\AcademicResearch-auto-workflow\\workspace\\references\\attachments\\房价波动对银行信贷风险影响研究.pdf""]",0,[]
2888,1,"[""C:\\Users\\Ethan\\CoreFiles\\ProjectsFile\\AcademicResearch-auto-workflow\\workspace\\references\\attachments\\房地产价格波动对金融稳定的影响分析.pdf""]",0,[]
2889,1,"[""C:\\Users\\Ethan\\CoreFiles\\ProjectsFile\\AcademicResearch-auto-workflow\\workspace\\references\\attachments\\气候变化对我国银行业系统性风险冲击效应及应对策略研究.pdf""]",0,[]
2890,1,"[""C:\\Users\\Ethan\\CoreFiles\\ProjectsFile\\AcademicResearch-auto-workflow\\workspace\\references\\attachments\\中国货币政策调控与房地产价格波动——基于拔靴分样本滚动窗口因果检验的新证据.pdf""]",0,[]
2891,1,"[""C:\\Users\\Ethan\\CoreFiles\\ProjectsFile\\AcademicResearch-auto-workflow\\workspace\\references\\attachments\\资管新规、表外业务竞争与银行系统性风险.pdf""]",0,[]
2892,1,"[""C:\\Users\\Ethan\\CoreFiles\\ProjectsFile\\AcademicResearch-auto-workflow\\workspace\\references\\attachments\\中国城市住宅地价房价比的溢出效应及影响因素研究.pdf""]",0,[]
2893,1,"[""C:\\Users\\Ethan\\CoreFiles\\ProjectsFile\\AcademicResearch-auto-workflow\\workspace\\references\\attachments\\影子银行、系统性金融风险及其监管政策研究新进展.pdf""]",0,[]
2894,1,"[""C:\\Users\\Ethan\\CoreFiles\\ProjectsFile\\AcademicResearch-auto-workflow\\workspace\\references\\attachments\\我国房地产价格波动对通货膨胀影响的实证研究.pdf""]",0,[]
2895,1,"[""C:\\Users\\Ethan\\CoreFiles\\ProjectsFile\\AcademicResearch-auto-workflow\\workspace\\references\\attachments\\香港房地产的周期波动及其原因分析.pdf""]",0,[]
2896,1,"[""C:\\Users\\Ethan\\CoreFiles\\ProjectsFile\\AcademicResearch-auto-workflow\\workspace\\references\\attachments\\系统重要性金融机构的恢复与处置计划问题研究.pdf""]",0,[]
2897,1,"[""C:\\Users\\Ethan\\CoreFiles\\ProjectsFile\\AcademicResearch-auto-workflow\\workspace\\references\\attachments\\基于网络视角的银行业系统性风险度量方法.pdf""]",0,[]
2898,1,"[""C:\\Users\\Ethan\\CoreFiles\\ProjectsFile\\AcademicResearch-auto-workflow\\workspace\\references\\attachments\\营改增对房地产业财务绩效影响实证研究.pdf""]",0,[]
2899,1,"[""C:\\Users\\Ethan\\CoreFiles\\ProjectsFile\\AcademicResearch-auto-workflow\\workspace\\references\\attachments\\流动性风险监管升级对商业银行资产负债结构的影响.pdf""]",0,[]
2900,1,"[""C:\\Users\\Ethan\\CoreFiles\\ProjectsFile\\AcademicResearch-auto-workflow\\workspace\\references\\attachments\\利率风险对商业银行的影响及防范研究.pdf""]",0,[]
2901,1,"[""C:\\Users\\Ethan\\CoreFiles\\ProjectsFile\\AcademicResearch-auto-workflow\\workspace\\references\\attachments\\住房保障政策对房地产经济波动的平抑效应研究.pdf""]",0,[]
2902,1,"[""C:\\Users\\Ethan\\CoreFiles\\ProjectsFile\\AcademicResearch-auto-workflow\\workspace\\references\\attachments\\银行适度规模实证研究中分析要素的探讨.pdf""]",0,[]
2903,1,"[""C:\\Users\\Ethan\\CoreFiles\\ProjectsFile\\AcademicResearch-auto-workflow\\workspace\\references\\attachments\\土地财政背景下城市房价与产业结构特征的相关性研究.pdf""]",0,[]
2904,1,"[""C:\\Users\\Ethan\\CoreFiles\\ProjectsFile\\AcademicResearch-auto-workflow\\workspace\\references\\attachments\\基于Shapley值的银行系统性风险度量研究.pdf""]",0,[]
2905,1,"[""C:\\Users\\Ethan\\CoreFiles\\ProjectsFile\\AcademicResearch-auto-workflow\\workspace\\references\\attachments\\论我国商业银行混业经营的宏观审慎法律监管.pdf""]",0,[]
2906,1,"[""C:\\Users\\Ethan\\CoreFiles\\ProjectsFile\\AcademicResearch-auto-workflow\\workspace\\references\\attachments\\银行业系统性风险对企业投资行为的影响研究.pdf""]",0,[]
2907,1,"[""C:\\Users\\Ethan\\CoreFiles\\ProjectsFile\\AcademicResearch-auto-workflow\\workspace\\references\\attachments\\我国房地产市场与资本市场波动关系的量化研究.pdf""]",0,[]
2908,1,"[""C:\\Users\\Ethan\\CoreFiles\\ProjectsFile\\AcademicResearch-auto-workflow\\workspace\\references\\attachments\\分散银行系统风险  完善房地产金融体系.pdf""]",0,[]
2909,1,"[""C:\\Users\\Ethan\\CoreFiles\\ProjectsFile\\AcademicResearch-auto-workflow\\workspace\\references\\attachments\\资产证券化与系统性风险_来自上市商业银行的经验.pdf""]",0,[]
2910,1,"[""C:\\Users\\Ethan\\CoreFiles\\ProjectsFile\\AcademicResearch-auto-workflow\\workspace\\references\\attachments\\金融—实体双向反馈视角下银行业系统性风险评估.pdf""]",0,[]
2911,1,"[""C:\\Users\\Ethan\\CoreFiles\\ProjectsFile\\AcademicResearch-auto-workflow\\workspace\\references\\attachments\\供需失衡——房地产市场波动主因.pdf""]",0,[]
2912,1,"[""C:\\Users\\Ethan\\CoreFiles\\ProjectsFile\\AcademicResearch-auto-workflow\\workspace\\references\\attachments\\市场波动凸显物业投资吸引力  全球房地产市场实现13500亿美元总投资额.pdf""]",0,[]
2913,1,"[""C:\\Users\\Ethan\\CoreFiles\\ProjectsFile\\AcademicResearch-auto-workflow\\workspace\\references\\attachments\\基于因果网络的系统重要性银行评估问题研究.pdf""]",0,[]
2914,1,"[""C:\\Users\\Ethan\\CoreFiles\\ProjectsFile\\AcademicResearch-auto-workflow\\workspace\\references\\attachments\\A股房地产板块对金融板块系统性风险溢出研究.pdf""]",0,[]
2915,1,"[""C:\\Users\\Ethan\\CoreFiles\\ProjectsFile\\AcademicResearch-auto-workflow\\workspace\\references\\attachments\\我国房地产市场发展中的外资因素分析——我国房地产价格波动与外资影响.pdf""]",0,[]
2916,1,"[""C:\\Users\\Ethan\\CoreFiles\\ProjectsFile\\AcademicResearch-auto-workflow\\workspace\\references\\attachments\\利(汇)率对银行系统性风险的影响——基于跨境资本流动视角.pdf""]",0,[]
2917,0,[],0,[]
2918,1,"[""C:\\Users\\Ethan\\CoreFiles\\ProjectsFile\\AcademicResearch-auto-workflow\\workspace\\references\\attachments\\顺周期性下的银行风险管理与监管.pdf""]",0,[]
2919,1,"[""C:\\Users\\Ethan\\CoreFiles\\ProjectsFile\\AcademicResearch-auto-workflow\\workspace\\references\\attachments\\成都市房地产泡沫实证研究.pdf""]",0,[]
2920,1,"[""C:\\Users\\Ethan\\CoreFiles\\ProjectsFile\\AcademicResearch-auto-workflow\\workspace\\references\\attachments\\双支柱调控政策对银行系统性风险的影响.pdf""]",0,[]
2921,1,"[""C:\\Users\\Ethan\\CoreFiles\\ProjectsFile\\AcademicResearch-auto-workflow\\workspace\\references\\attachments\\竞争对系统性银行风险的影响——基于中国利率市场化进程的证据.pdf""]",0,[]
2922,0,[],0,[]
2923,1,"[""C:\\Users\\Ethan\\CoreFiles\\ProjectsFile\\AcademicResearch-auto-workflow\\workspace\\references\\attachments\\防范系统性金融风险的审计目标实现路径探究.pdf""]",0,[]
2924,1,"[""C:\\Users\\Ethan\\CoreFiles\\ProjectsFile\\AcademicResearch-auto-workflow\\workspace\\references\\attachments\\我国房地产金融风险防控研究.pdf""]",0,[]
2925,1,"[""C:\\Users\\Ethan\\CoreFiles\\ProjectsFile\\AcademicResearch-auto-workflow\\workspace\\references\\attachments\\房地产经济波动的影响因素及应对策略探析.pdf""]",0,[]
2926,1,"[""C:\\Users\\Ethan\\CoreFiles\\ProjectsFile\\AcademicResearch-auto-workflow\\workspace\\references\\attachments\\互联网金融对中国商业银行系统性风险溢出效应的测度——基于GARCH-CoVaR模型的研究.pdf""]",0,[]
2927,1,"[""C:\\Users\\Ethan\\CoreFiles\\ProjectsFile\\AcademicResearch-auto-workflow\\workspace\\references\\attachments\\中国商业银行非利息收入对系统性风险的影响研究.pdf""]",0,[]
2928,1,"[""C:\\Users\\Ethan\\CoreFiles\\ProjectsFile\\AcademicResearch-auto-workflow\\workspace\\references\\attachments\\房地产价格波动对消费的影响.pdf""]",0,[]
2929,1,"[""C:\\Users\\Ethan\\CoreFiles\\ProjectsFile\\AcademicResearch-auto-workflow\\workspace\\references\\attachments\\捕捉银行的影子——影子银行风险追踪与监测.pdf""]",0,[]
2930,1,"[""C:\\Users\\Ethan\\CoreFiles\\ProjectsFile\\AcademicResearch-auto-workflow\\workspace\\references\\attachments\\应对融资担保的系统性风险.pdf""]",0,[]
2931,1,"[""C:\\Users\\Ethan\\CoreFiles\\ProjectsFile\\AcademicResearch-auto-workflow\\workspace\\references\\attachments\\中国系统重要性银行的测度与监管——基于协同风险法.pdf""]",0,[]
2932,0,[],0,[]
2933,0,[],0,[]
2934,1,"[""C:\\Users\\Ethan\\CoreFiles\\ProjectsFile\\AcademicResearch-auto-workflow\\workspace\\references\\attachments\\中国上市银行系统重要性评估.pdf""]",0,[]
2935,1,"[""C:\\Users\\Ethan\\CoreFiles\\ProjectsFile\\AcademicResearch-auto-workflow\\workspace\\references\\attachments\\基于利益相关者的房价波动因素分析.pdf""]",0,[]
2936,1,"[""C:\\Users\\Ethan\\CoreFiles\\ProjectsFile\\AcademicResearch-auto-workflow\\workspace\\references\\attachments\\经济周期与房地产波动的关系研究分析.pdf""]",0,[]
2937,1,"[""C:\\Users\\Ethan\\CoreFiles\\ProjectsFile\\AcademicResearch-auto-workflow\\workspace\\references\\attachments\\金融审计与商业银行内部监管协调问题研究——基于防范系统性金融风险视角.pdf""]",0,[]
2938,1,"[""C:\\Users\\Ethan\\CoreFiles\\ProjectsFile\\AcademicResearch-auto-workflow\\workspace\\references\\attachments\\我国银行业系统性风险研究和风险传染效应分析.pdf""]",0,[]
2939,1,"[""C:\\Users\\Ethan\\CoreFiles\\ProjectsFile\\AcademicResearch-auto-workflow\\workspace\\references\\attachments\\房地产价格波动对我国商业银行信贷风险影响的实证分析.pdf""]",0,[]
2940,0,[],0,[]
2941,0,[],0,[]
2942,1,"[""C:\\Users\\Ethan\\CoreFiles\\ProjectsFile\\AcademicResearch-auto-workflow\\workspace\\references\\attachments\\动态视角下房地产贷款对银行业系统性风险溢出研究.pdf""]",0,[]
2943,1,"[""C:\\Users\\Ethan\\CoreFiles\\ProjectsFile\\AcademicResearch-auto-workflow\\workspace\\references\\attachments\\金控监管再出发.pdf""]",0,[]
2944,1,"[""C:\\Users\\Ethan\\CoreFiles\\ProjectsFile\\AcademicResearch-auto-workflow\\workspace\\references\\attachments\\我国房地产价格波动机制研究——基于房地产投资需求的分析.pdf""]",0,[]
2945,1,"[""C:\\Users\\Ethan\\CoreFiles\\ProjectsFile\\AcademicResearch-auto-workflow\\workspace\\references\\attachments\\货币政策对系统性金融风险的影响分析.pdf""]",0,[]
2946,1,"[""C:\\Users\\Ethan\\CoreFiles\\ProjectsFile\\AcademicResearch-auto-workflow\\workspace\\references\\attachments\\房地产经济波动的影响因素及相关解决对策研究.pdf""]",0,[]
2947,1,"[""C:\\Users\\Ethan\\CoreFiles\\ProjectsFile\\AcademicResearch-auto-workflow\\workspace\\references\\attachments\\银行流动性创造与系统性风险——基于同业视角的研究.pdf""]",0,[]
2948,1,"[""C:\\Users\\Ethan\\CoreFiles\\ProjectsFile\\AcademicResearch-auto-workflow\\workspace\\references\\attachments\\系统重要性金融机构监管的国际法制构建与中国回应.pdf""]",0,[]
2949,0,[],0,[]
2950,1,"[""C:\\Users\\Ethan\\CoreFiles\\ProjectsFile\\AcademicResearch-auto-workflow\\workspace\\references\\attachments\\新型城镇化金融市场建设研究.pdf""]",0,[]
2951,1,"[""C:\\Users\\Ethan\\CoreFiles\\ProjectsFile\\AcademicResearch-auto-workflow\\workspace\\references\\attachments\\西安商品住房价格波动的比较研究.pdf""]",0,[]
2952,1,"[""C:\\Users\\Ethan\\CoreFiles\\ProjectsFile\\AcademicResearch-auto-workflow\\workspace\\references\\attachments\\房价跌多少才会影响金融安全.pdf""]",0,[]
2953,1,"[""C:\\Users\\Ethan\\CoreFiles\\ProjectsFile\\AcademicResearch-auto-workflow\\workspace\\references\\attachments\\宏观审慎政策与银行风险承担：理论模型与实证检验.pdf""]",0,[]
2954,1,"[""C:\\Users\\Ethan\\CoreFiles\\ProjectsFile\\AcademicResearch-auto-workflow\\workspace\\references\\attachments\\份额多少考量川企手艺.pdf""]",0,[]
2955,1,"[""C:\\Users\\Ethan\\CoreFiles\\ProjectsFile\\AcademicResearch-auto-workflow\\workspace\\references\\attachments\\货币政策对区域房地产价格波动的影响——基于DSGE模型.pdf""]",0,[]
2956,1,"[""C:\\Users\\Ethan\\CoreFiles\\ProjectsFile\\AcademicResearch-auto-workflow\\workspace\\references\\attachments\\商业银行房地产信贷风险分析.pdf""]",0,[]
2957,1,"[""C:\\Users\\Ethan\\CoreFiles\\ProjectsFile\\AcademicResearch-auto-workflow\\workspace\\references\\attachments\\基于房地产市场的我国系统性金融风险测度与预警研究.pdf""]",0,[]
2958,1,"[""C:\\Users\\Ethan\\CoreFiles\\ProjectsFile\\AcademicResearch-auto-workflow\\workspace\\references\\attachments\\我国银行系统性风险的动态特征及系统重要性银行甄别——基于CCA与DAG相结合的分析.pdf""]",0,[]
2959,1,"[""C:\\Users\\Ethan\\CoreFiles\\ProjectsFile\\AcademicResearch-auto-workflow\\workspace\\references\\attachments\\市场竞争、商业银行金融创新与银行业系统性风险——基于14家商业银行的实证研究.pdf""]",0,[]
2960,1,"[""C:\\Users\\Ethan\\CoreFiles\\ProjectsFile\\AcademicResearch-auto-workflow\\workspace\\references\\attachments\\商业银行基于RAROC的资本预算方法研究.pdf""]",0,[]
2961,1,"[""C:\\Users\\Ethan\\CoreFiles\\ProjectsFile\\AcademicResearch-auto-workflow\\workspace\\references\\attachments\\中国房地产的系统性风险分析.pdf""]",0,[]
2962,1,"[""C:\\Users\\Ethan\\CoreFiles\\ProjectsFile\\AcademicResearch-auto-workflow\\workspace\\references\\attachments\\住房建设对居民消费影响.pdf""]",0,[]
2963,1,"[""C:\\Users\\Ethan\\CoreFiles\\ProjectsFile\\AcademicResearch-auto-workflow\\workspace\\references\\attachments\\住宅房地产市场价格波动与经济周期的关联性分析.pdf""]",0,[]
2964,0,[],0,[]
2965,0,[],0,[]
2966,1,"[""C:\\Users\\Ethan\\CoreFiles\\ProjectsFile\\AcademicResearch-auto-workflow\\workspace\\references\\attachments\\美国系统性金融风险防控——以富国银行21亿罚单切入.pdf""]",0,[]
2967,0,[],0,[]
2968,1,"[""C:\\Users\\Ethan\\CoreFiles\\ProjectsFile\\AcademicResearch-auto-workflow\\workspace\\references\\attachments\\网络结构、资本缓冲与银行系统性风险传染效应——来自2007～2017年中国14个上市商业银行数据.pdf""]",0,[]
2969,1,"[""C:\\Users\\Ethan\\CoreFiles\\ProjectsFile\\AcademicResearch-auto-workflow\\workspace\\references\\attachments\\天津市银行信贷规模与房地产价格波动的相关性研究.pdf""]",0,[]
2970,1,"[""C:\\Users\\Ethan\\CoreFiles\\ProjectsFile\\AcademicResearch-auto-workflow\\workspace\\references\\attachments\\房地产价格波动对地方政府财政收入影响.pdf""]",0,[]
2971,1,"[""C:\\Users\\Ethan\\CoreFiles\\ProjectsFile\\AcademicResearch-auto-workflow\\workspace\\references\\attachments\\商业银行“轻型化”转型如何影响系统性风险——兼论风险防控的“市场失灵”与“监管失灵”.pdf""]",0,[]
2972,1,"[""C:\\Users\\Ethan\\CoreFiles\\ProjectsFile\\AcademicResearch-auto-workflow\\workspace\\references\\attachments\\养老金制度改革对房价的影响研究.pdf""]",0,[]
2973,1,"[""C:\\Users\\Ethan\\CoreFiles\\ProjectsFile\\AcademicResearch-auto-workflow\\workspace\\references\\attachments\\我国金融机构系统性风险贡献度研究.pdf""]",0,[]
2974,1,"[""C:\\Users\\Ethan\\CoreFiles\\ProjectsFile\\AcademicResearch-auto-workflow\\workspace\\references\\attachments\\杭州市房地产周期波动规律实证研究.pdf""]",0,[]
2975,1,"[""C:\\Users\\Ethan\\CoreFiles\\ProjectsFile\\AcademicResearch-auto-workflow\\workspace\\references\\attachments\\“双支柱”调控框架、影子银行与银行系统性风险.pdf""]",0,[]
2976,1,"[""C:\\Users\\Ethan\\CoreFiles\\ProjectsFile\\AcademicResearch-auto-workflow\\workspace\\references\\attachments\\房地产泡沫造成金融威胁的探讨.pdf""]",0,[]
2977,1,"[""C:\\Users\\Ethan\\CoreFiles\\ProjectsFile\\AcademicResearch-auto-workflow\\workspace\\references\\attachments\\我国上市银行尾部风险溢出效应研究.pdf""]",0,[]
2978,1,"[""C:\\Users\\Ethan\\CoreFiles\\ProjectsFile\\AcademicResearch-auto-workflow\\workspace\\references\\attachments\\房地产业与经济增长和金融风险.pdf""]",0,[]
2979,1,"[""C:\\Users\\Ethan\\CoreFiles\\ProjectsFile\\AcademicResearch-auto-workflow\\workspace\\references\\attachments\\基于复杂网络的金融机构风险传染及系统重要性研究.pdf""]",0,[]
2980,1,"[""C:\\Users\\Ethan\\CoreFiles\\ProjectsFile\\AcademicResearch-auto-workflow\\workspace\\references\\attachments\\基于信息溢出网络的我国金融机构系统关联性与机构股票收益波动间的关系研究.pdf""]",0,[]
2981,1,"[""C:\\Users\\Ethan\\CoreFiles\\ProjectsFile\\AcademicResearch-auto-workflow\\workspace\\references\\attachments\\商业银行房地产信贷风险及其防范.pdf""]",0,[]
2982,1,"[""C:\\Users\\Ethan\\CoreFiles\\ProjectsFile\\AcademicResearch-auto-workflow\\workspace\\references\\attachments\\金融信贷系统性风险与利益机会博弈研究.pdf""]",0,[]
2983,1,"[""C:\\Users\\Ethan\\CoreFiles\\ProjectsFile\\AcademicResearch-auto-workflow\\workspace\\references\\attachments\\建设银行武威分行风险管理对策研究.pdf""]",0,[]
2984,1,"[""C:\\Users\\Ethan\\CoreFiles\\ProjectsFile\\AcademicResearch-auto-workflow\\workspace\\references\\attachments\\我国房地产经济波动的影响因素分析及对策.pdf""]",0,[]
2985,1,"[""C:\\Users\\Ethan\\CoreFiles\\ProjectsFile\\AcademicResearch-auto-workflow\\workspace\\references\\attachments\\房地产行业财务风险分析.pdf""]",0,[]
2986,1,"[""C:\\Users\\Ethan\\CoreFiles\\ProjectsFile\\AcademicResearch-auto-workflow\\workspace\\references\\attachments\\金融科技对商业银行系统性风险影响的研究.pdf""]",0,[]
2987,1,"[""C:\\Users\\Ethan\\CoreFiles\\ProjectsFile\\AcademicResearch-auto-workflow\\workspace\\references\\attachments\\资产证券化对我国银行风险承担的影响研究.pdf""]",0,[]
2988,1,"[""C:\\Users\\Ethan\\CoreFiles\\ProjectsFile\\AcademicResearch-auto-workflow\\workspace\\references\\attachments\\银行风险与存款保险制度.pdf""]",0,[]
2989,1,"[""C:\\Users\\Ethan\\CoreFiles\\ProjectsFile\\AcademicResearch-auto-workflow\\workspace\\references\\attachments\\房价波动与宏观调控的本土答案——简评《房地产价格波动与宏观调控机制研究》.pdf""]",0,[]
2990,1,"[""C:\\Users\\Ethan\\CoreFiles\\ProjectsFile\\AcademicResearch-auto-workflow\\workspace\\references\\attachments\\商业银行房地产融资风险的比较研究.pdf""]",0,[]
2991,1,"[""C:\\Users\\Ethan\\CoreFiles\\ProjectsFile\\AcademicResearch-auto-workflow\\workspace\\references\\attachments\\加强中国监管科技发展的路径与具体建议.pdf""]",0,[]
2992,1,"[""C:\\Users\\Ethan\\CoreFiles\\ProjectsFile\\AcademicResearch-auto-workflow\\workspace\\references\\attachments\\股票与房地产价格波动影响银行系统稳定传导机制分析.pdf""]",0,[]
2993,1,"[""C:\\Users\\Ethan\\CoreFiles\\ProjectsFile\\AcademicResearch-auto-workflow\\workspace\\references\\attachments\\货币政策对房价调控的区域溢出效果研究.pdf""]",0,[]
2994,1,"[""C:\\Users\\Ethan\\CoreFiles\\ProjectsFile\\AcademicResearch-auto-workflow\\workspace\\references\\attachments\\基于ARCH类模型的中国房地产价格波动分析.pdf""]",0,[]
2995,1,"[""C:\\Users\\Ethan\\CoreFiles\\ProjectsFile\\AcademicResearch-auto-workflow\\workspace\\references\\attachments\\货币市场基金赎回潮的处置模式研究.pdf""]",0,[]
2996,1,"[""C:\\Users\\Ethan\\CoreFiles\\ProjectsFile\\AcademicResearch-auto-workflow\\workspace\\references\\attachments\\基于DebtRank算法的银行系统性风险仿真研究.pdf""]",0,[]
2997,0,[],0,[]
2998,1,"[""C:\\Users\\Ethan\\CoreFiles\\ProjectsFile\\AcademicResearch-auto-workflow\\workspace\\references\\attachments\\基于影子银行视角的我国系统性金融风险测度及预警研究.pdf""]",0,[]
2999,1,"[""C:\\Users\\Ethan\\CoreFiles\\ProjectsFile\\AcademicResearch-auto-workflow\\workspace\\references\\attachments\\房地产波动的宏观经济效应研究——基于动态可计算一般均衡模型的考察.pdf""]",0,[]
3000,1,"[""C:\\Users\\Ethan\\CoreFiles\\ProjectsFile\\AcademicResearch-auto-workflow\\workspace\\references\\attachments\\房地产市场波动对企业经营决策的影响.pdf""]",0,[]
3001,1,"[""C:\\Users\\Ethan\\CoreFiles\\ProjectsFile\\AcademicResearch-auto-workflow\\workspace\\references\\attachments\\对守押社会化的调查与建议——以赤峰市巴林左旗为例.pdf""]",0,[]
3002,1,"[""C:\\Users\\Ethan\\CoreFiles\\ProjectsFile\\AcademicResearch-auto-workflow\\workspace\\references\\attachments\\加强房地产业管理,有效支持地方经济社会发展的思考——以延边州为例.pdf""]",0,[]
3003,1,"[""C:\\Users\\Ethan\\CoreFiles\\ProjectsFile\\AcademicResearch-auto-workflow\\workspace\\references\\attachments\\商业银行系统性风险影响因素分析.pdf""]",0,[]
3004,1,"[""C:\\Users\\Ethan\\CoreFiles\\ProjectsFile\\AcademicResearch-auto-workflow\\workspace\\references\\attachments\\影子银行、表外监管与系统性风险防范.pdf""]",0,[]
3005,1,"[""C:\\Users\\Ethan\\CoreFiles\\ProjectsFile\\AcademicResearch-auto-workflow\\workspace\\references\\attachments\\美国房地产周期波动规律及其启示.pdf""]",0,[]
3006,1,"[""C:\\Users\\Ethan\\CoreFiles\\ProjectsFile\\AcademicResearch-auto-workflow\\workspace\\references\\attachments\\基于GARCH-DCC-Copula-CoVaR方法的商业银行系统性风险溢出效应研究.pdf""]",0,[]
3007,1,"[""C:\\Users\\Ethan\\CoreFiles\\ProjectsFile\\AcademicResearch-auto-workflow\\workspace\\references\\attachments\\金融防风险任重道远  监管格局料更强更优.pdf""]",0,[]
3008,1,"[""C:\\Users\\Ethan\\CoreFiles\\ProjectsFile\\AcademicResearch-auto-workflow\\workspace\\references\\attachments\\商业银行杠杆率对系统性风险的影响.pdf""]",0,[]
3009,1,"[""C:\\Users\\Ethan\\CoreFiles\\ProjectsFile\\AcademicResearch-auto-workflow\\workspace\\references\\attachments\\影子银行规模对商业银行安全性的影响.pdf""]",0,[]
3010,1,"[""C:\\Users\\Ethan\\CoreFiles\\ProjectsFile\\AcademicResearch-auto-workflow\\workspace\\references\\attachments\\中国房地产市场价格波动中的金融心理属性猜想——一个理论模型和现实解释.pdf""]",0,[]
3011,1,"[""C:\\Users\\Ethan\\CoreFiles\\ProjectsFile\\AcademicResearch-auto-workflow\\workspace\\references\\attachments\\金融治理_“关键之年”的谋篇布局.pdf""]",0,[]
3012,1,"[""C:\\Users\\Ethan\\CoreFiles\\ProjectsFile\\AcademicResearch-auto-workflow\\workspace\\references\\attachments\\房地产泡沫聚合下的金融风险.pdf""]",0,[]
3013,1,"[""C:\\Users\\Ethan\\CoreFiles\\ProjectsFile\\AcademicResearch-auto-workflow\\workspace\\references\\attachments\\数字化转型、网络关联性与银行系统性风险.pdf""]",0,[]
3014,1,"[""C:\\Users\\Ethan\\CoreFiles\\ProjectsFile\\AcademicResearch-auto-workflow\\workspace\\references\\attachments\\人民币国际化进程下汇率波动对我国商业银行系统性风险的影响.pdf""]",0,[]
3015,1,"[""C:\\Users\\Ethan\\CoreFiles\\ProjectsFile\\AcademicResearch-auto-workflow\\workspace\\references\\attachments\\我国信贷顺周期现象与审慎监管.pdf""]",0,[]
3016,1,"[""C:\\Users\\Ethan\\CoreFiles\\ProjectsFile\\AcademicResearch-auto-workflow\\workspace\\references\\attachments\\货币政策、财政政策与资产价格稳定策略研究.pdf""]",0,[]
3017,1,"[""C:\\Users\\Ethan\\CoreFiles\\ProjectsFile\\AcademicResearch-auto-workflow\\workspace\\references\\attachments\\房价变动对城市居民消费影响的实证研究.pdf""]",0,[]
3018,1,"[""C:\\Users\\Ethan\\CoreFiles\\ProjectsFile\\AcademicResearch-auto-workflow\\workspace\\references\\attachments\\货币政策反应规则与房价波动的实证研究.pdf""]",0,[]
3019,1,"[""C:\\Users\\Ethan\\CoreFiles\\ProjectsFile\\AcademicResearch-auto-workflow\\workspace\\references\\attachments\\试论两种不同类型的多重均衡模型的局限性.pdf""]",0,[]
3020,1,"[""C:\\Users\\Ethan\\CoreFiles\\ProjectsFile\\AcademicResearch-auto-workflow\\workspace\\references\\attachments\\银行系统性风险的成因及防范对策探析.pdf""]",0,[]
3021,1,"[""C:\\Users\\Ethan\\CoreFiles\\ProjectsFile\\AcademicResearch-auto-workflow\\workspace\\references\\attachments\\围猎“灰犀牛”.pdf""]",0,[]
3022,0,[],0,[]
3023,1,"[""C:\\Users\\Ethan\\CoreFiles\\ProjectsFile\\AcademicResearch-auto-workflow\\workspace\\references\\attachments\\中国双支柱政策领域的知识图谱研究——基于2009—2021年核心期刊论文的可视化分析.pdf""]",0,[]
3024,1,"[""C:\\Users\\Ethan\\CoreFiles\\ProjectsFile\\AcademicResearch-auto-workflow\\workspace\\references\\attachments\\房地产市场调控对商业银行的影响分析.pdf""]",0,[]
3025,1,"[""C:\\Users\\Ethan\\CoreFiles\\ProjectsFile\\AcademicResearch-auto-workflow\\workspace\\references\\attachments\\我国房地产行业中存在的金融风险及对策分析.pdf""]",0,[]
3026,1,"[""C:\\Users\\Ethan\\CoreFiles\\ProjectsFile\\AcademicResearch-auto-workflow\\workspace\\references\\attachments\\我国房地产业与商业银行金融业务的关系与发展策略.pdf""]",0,[]
3027,1,"[""C:\\Users\\Ethan\\CoreFiles\\ProjectsFile\\AcademicResearch-auto-workflow\\workspace\\references\\attachments\\信贷资产证券化对我国商业银行风险承担的影响研究.pdf""]",0,[]
3028,1,"[""C:\\Users\\Ethan\\CoreFiles\\ProjectsFile\\AcademicResearch-auto-workflow\\workspace\\references\\attachments\\基于复杂网络的股市波动与我国上市银行间风险传染研究.pdf""]",0,[]
3029,1,"[""C:\\Users\\Ethan\\CoreFiles\\ProjectsFile\\AcademicResearch-auto-workflow\\workspace\\references\\attachments\\金融开放对房地产价格波动的影响——基于SVAR模型的实证研究.pdf""]",0,[]
3030,1,"[""C:\\Users\\Ethan\\CoreFiles\\ProjectsFile\\AcademicResearch-auto-workflow\\workspace\\references\\attachments\\我国房地产经济周期波动及对策探讨.pdf""]",0,[]
3031,1,"[""C:\\Users\\Ethan\\CoreFiles\\ProjectsFile\\AcademicResearch-auto-workflow\\workspace\\references\\attachments\\我国货币供应量与资产价格关系的实证研究.pdf""]",0,[]
3032,1,"[""C:\\Users\\Ethan\\CoreFiles\\ProjectsFile\\AcademicResearch-auto-workflow\\workspace\\references\\attachments\\武汉市房地产周期波动及其走势分析.pdf""]",0,[]
3033,1,"[""C:\\Users\\Ethan\\CoreFiles\\ProjectsFile\\AcademicResearch-auto-workflow\\workspace\\references\\attachments\\不容忽视的房地产业金融风险.pdf""]",0,[]
3034,1,"[""C:\\Users\\Ethan\\CoreFiles\\ProjectsFile\\AcademicResearch-auto-workflow\\workspace\\references\\attachments\\全国房地产市场8月数据分析——短期波动  未改房地产发展趋势.pdf""]",0,[]
3035,1,"[""C:\\Users\\Ethan\\CoreFiles\\ProjectsFile\\AcademicResearch-auto-workflow\\workspace\\references\\attachments\\我国上市商业银行非利息收入对系统性风险溢出效应研究.pdf""]",0,[]
3036,1,"[""C:\\Users\\Ethan\\CoreFiles\\ProjectsFile\\AcademicResearch-auto-workflow\\workspace\\references\\attachments\\中国银行业系统性风险的度量和影响因素研究.pdf""]",0,[]
3037,1,"[""C:\\Users\\Ethan\\CoreFiles\\ProjectsFile\\AcademicResearch-auto-workflow\\workspace\\references\\attachments\\影子银行的潜在危险对房地产行业的影响分析.pdf""]",0,[]
3038,1,"[""C:\\Users\\Ethan\\CoreFiles\\ProjectsFile\\AcademicResearch-auto-workflow\\workspace\\references\\attachments\\利率市场化、资产价格波动与银行业系统性风险.pdf""]",0,[]
3039,1,"[""C:\\Users\\Ethan\\CoreFiles\\ProjectsFile\\AcademicResearch-auto-workflow\\workspace\\references\\attachments\\甘肃省房地产价格波动对区域金融稳定的影响研究.pdf""]",0,[]
3040,1,"[""C:\\Users\\Ethan\\CoreFiles\\ProjectsFile\\AcademicResearch-auto-workflow\\workspace\\references\\attachments\\探析房地产经济波动的影响因素及对应对.pdf""]",0,[]
3041,1,"[""C:\\Users\\Ethan\\CoreFiles\\ProjectsFile\\AcademicResearch-auto-workflow\\workspace\\references\\attachments\\影响房地产经济波动的实证分析.pdf""]",0,[]
3042,1,"[""C:\\Users\\Ethan\\CoreFiles\\ProjectsFile\\AcademicResearch-auto-workflow\\workspace\\references\\attachments\\香港房地产发展的周期波动及应对策略研究.pdf""]",0,[]
3043,1,"[""C:\\Users\\Ethan\\CoreFiles\\ProjectsFile\\AcademicResearch-auto-workflow\\workspace\\references\\attachments\\国有商业银行非系统性风险管理研究.pdf""]",0,[]
3044,1,"[""C:\\Users\\Ethan\\CoreFiles\\ProjectsFile\\AcademicResearch-auto-workflow\\workspace\\references\\attachments\\用最小的代价达到最理想的安全状态——访人民银行科技司安全处处长郭全明.pdf""]",0,[]
3045,1,"[""C:\\Users\\Ethan\\CoreFiles\\ProjectsFile\\AcademicResearch-auto-workflow\\workspace\\references\\attachments\\商业银行数字化转型对银行系统性风险的影响.pdf""]",0,[]
3046,1,"[""C:\\Users\\Ethan\\CoreFiles\\ProjectsFile\\AcademicResearch-auto-workflow\\workspace\\references\\attachments\\银行间拆借网络流动性与系统性风险研究.pdf""]",0,[]
3047,1,"[""C:\\Users\\Ethan\\CoreFiles\\ProjectsFile\\AcademicResearch-auto-workflow\\workspace\\references\\attachments\\房价波动与银行信贷风险的动态相关关系研究.pdf""]",0,[]
3048,1,"[""C:\\Users\\Ethan\\CoreFiles\\ProjectsFile\\AcademicResearch-auto-workflow\\workspace\\references\\attachments\\宏观审慎监管对商业银行系统性风险影响研究.pdf""]",0,[]
3049,1,"[""C:\\Users\\Ethan\\CoreFiles\\ProjectsFile\\AcademicResearch-auto-workflow\\workspace\\references\\attachments\\房地产价格波动影响金融稳定的实证分析.pdf""]",0,[]
3050,1,"[""C:\\Users\\Ethan\\CoreFiles\\ProjectsFile\\AcademicResearch-auto-workflow\\workspace\\references\\attachments\\我国房地产价格增长周期波动的实证分析.pdf""]",0,[]
3051,1,"[""C:\\Users\\Ethan\\CoreFiles\\ProjectsFile\\AcademicResearch-auto-workflow\\workspace\\references\\attachments\\房地产价格影响商业银行稳定性的文献综述.pdf""]",0,[]
3052,1,"[""C:\\Users\\Ethan\\CoreFiles\\ProjectsFile\\AcademicResearch-auto-workflow\\workspace\\references\\attachments\\中国房地产市场波动的驱动因素分析.pdf""]",0,[]
3053,1,"[""C:\\Users\\Ethan\\CoreFiles\\ProjectsFile\\AcademicResearch-auto-workflow\\workspace\\references\\attachments\\人民币汇率波动对房地产价格传导机制研究.pdf""]",0,[]
3054,1,"[""C:\\Users\\Ethan\\CoreFiles\\ProjectsFile\\AcademicResearch-auto-workflow\\workspace\\references\\attachments\\基于复杂网络的中国影子银行体系风险传染机制研究.pdf""]",0,[]
3055,1,"[""C:\\Users\\Ethan\\CoreFiles\\ProjectsFile\\AcademicResearch-auto-workflow\\workspace\\references\\attachments\\基于复杂网络的银行系统性风险研究.pdf""]",0,[]
3056,1,"[""C:\\Users\\Ethan\\CoreFiles\\ProjectsFile\\AcademicResearch-auto-workflow\\workspace\\references\\attachments\\商业银行流动性风险与系统性风险贡献度.pdf""]",0,[]
3057,1,"[""C:\\Users\\Ethan\\CoreFiles\\ProjectsFile\\AcademicResearch-auto-workflow\\workspace\\references\\attachments\\经济政策不确定环境下银行系统性风险预警研究——基于SHAP可解释机器学习的应用.pdf""]",0,[]
3058,1,"[""C:\\Users\\Ethan\\CoreFiles\\ProjectsFile\\AcademicResearch-auto-workflow\\workspace\\references\\attachments\\房地产价格波动对商业银行信用风险的影响.pdf""]",0,[]
3059,1,"[""C:\\Users\\Ethan\\CoreFiles\\ProjectsFile\\AcademicResearch-auto-workflow\\workspace\\references\\attachments\\中外婴儿潮对房地产市场发展的影响研究.pdf""]",0,[]
3060,1,"[""C:\\Users\\Ethan\\CoreFiles\\ProjectsFile\\AcademicResearch-auto-workflow\\workspace\\references\\attachments\\我国上市银行的系统性风险测度研究.pdf""]",0,[]
3061,1,"[""C:\\Users\\Ethan\\CoreFiles\\ProjectsFile\\AcademicResearch-auto-workflow\\workspace\\references\\attachments\\我国房地产税与房价关系的实证研究.pdf""]",0,[]
3062,1,"[""C:\\Users\\Ethan\\CoreFiles\\ProjectsFile\\AcademicResearch-auto-workflow\\workspace\\references\\attachments\\试论如何构建我国金融稳定的协调机制.pdf""]",0,[]
3063,1,"[""C:\\Users\\Ethan\\CoreFiles\\ProjectsFile\\AcademicResearch-auto-workflow\\workspace\\references\\attachments\\银行竞争、流动性创造与银行系统性风险.pdf""]",0,[]
3064,1,"[""C:\\Users\\Ethan\\CoreFiles\\ProjectsFile\\AcademicResearch-auto-workflow\\workspace\\references\\attachments\\全球金融监管理论的新近进展.pdf""]",0,[]
3065,1,"[""C:\\Users\\Ethan\\CoreFiles\\ProjectsFile\\AcademicResearch-auto-workflow\\workspace\\references\\attachments\\我国融资结构不合理问题的影响及破解之道.pdf""]",0,[]
3066,1,"[""C:\\Users\\Ethan\\CoreFiles\\ProjectsFile\\AcademicResearch-auto-workflow\\workspace\\references\\attachments\\资产证券化对银行流动性风险影响.pdf""]",0,[]
3067,1,"[""C:\\Users\\Ethan\\CoreFiles\\ProjectsFile\\AcademicResearch-auto-workflow\\workspace\\references\\attachments\\房地产行业对银行系统性风险影响研究综述.pdf""]",0,[]
3068,1,"[""C:\\Users\\Ethan\\CoreFiles\\ProjectsFile\\AcademicResearch-auto-workflow\\workspace\\references\\attachments\\实现美丽远景靠什么——10月财经金融热点观察.pdf""]",0,[]
3069,1,"[""C:\\Users\\Ethan\\CoreFiles\\ProjectsFile\\AcademicResearch-auto-workflow\\workspace\\references\\attachments\\中国银行系统稳定性研究.pdf""]",0,[]
3070,1,"[""C:\\Users\\Ethan\\CoreFiles\\ProjectsFile\\AcademicResearch-auto-workflow\\workspace\\references\\attachments\\房价变动影响因素分析——以北京市为例.pdf""]",0,[]
3071,0,[],0,[]
3072,1,"[""C:\\Users\\Ethan\\CoreFiles\\ProjectsFile\\AcademicResearch-auto-workflow\\workspace\\references\\attachments\\危机后影子银行的国际监管改革及对我国的启示.pdf""]",0,[]
3073,1,"[""C:\\Users\\Ethan\\CoreFiles\\ProjectsFile\\AcademicResearch-auto-workflow\\workspace\\references\\attachments\\机构关联、网络结构与银行业系统性风险传染——基于VAR-NETWORK模型的实证分析.pdf""]",0,[]
3074,1,"[""C:\\Users\\Ethan\\CoreFiles\\ProjectsFile\\AcademicResearch-auto-workflow\\workspace\\references\\attachments\\我国商业银行竞争对银行业系统性风险影响的实证研究.pdf""]",0,[]
3075,1,"[""C:\\Users\\Ethan\\CoreFiles\\ProjectsFile\\AcademicResearch-auto-workflow\\workspace\\references\\attachments\\房地产政策不确定性对银行风险承担的影响研究.pdf""]",0,[]
3076,1,"[""C:\\Users\\Ethan\\CoreFiles\\ProjectsFile\\AcademicResearch-auto-workflow\\workspace\\references\\attachments\\基于多层关联网络的中国金融机构系统性风险研究.pdf""]",0,[]
3077,1,"[""C:\\Users\\Ethan\\CoreFiles\\ProjectsFile\\AcademicResearch-auto-workflow\\workspace\\references\\attachments\\资管新规下影子银行的风险识别和监管工具.pdf""]",0,[]
3078,1,"[""C:\\Users\\Ethan\\CoreFiles\\ProjectsFile\\AcademicResearch-auto-workflow\\workspace\\references\\attachments\\银行风险定价决定楼市走向.pdf""]",0,[]
3079,1,"[""C:\\Users\\Ethan\\CoreFiles\\ProjectsFile\\AcademicResearch-auto-workflow\\workspace\\references\\attachments\\基于中国国情的REITs模式及其风险管理研究.pdf""]",0,[]
3080,1,"[""C:\\Users\\Ethan\\CoreFiles\\ProjectsFile\\AcademicResearch-auto-workflow\\workspace\\references\\attachments\\大数据技术下房地产价格波动特征模型研究.pdf""]",0,[]
3081,0,[],0,[]
3082,1,"[""C:\\Users\\Ethan\\CoreFiles\\ProjectsFile\\AcademicResearch-auto-workflow\\workspace\\references\\attachments\\我国个人住房贷款风险管理研究.pdf""]",0,[]
3083,1,"[""C:\\Users\\Ethan\\CoreFiles\\ProjectsFile\\AcademicResearch-auto-workflow\\workspace\\references\\attachments\\我国动态拨备制度前后商业银行拨备计提分析.pdf""]",0,[]
3084,1,"[""C:\\Users\\Ethan\\CoreFiles\\ProjectsFile\\AcademicResearch-auto-workflow\\workspace\\references\\attachments\\人民币汇率对我国房地产市场价格的影响研究.pdf""]",0,[]
3085,1,"[""C:\\Users\\Ethan\\CoreFiles\\ProjectsFile\\AcademicResearch-auto-workflow\\workspace\\references\\attachments\\资本账户开放会提高商业银行系统性风险吗_——基于短期跨境资本流动的中介效应研究.pdf""]",0,[]
3086,0,[],0,[]
3087,1,"[""C:\\Users\\Ethan\\CoreFiles\\ProjectsFile\\AcademicResearch-auto-workflow\\workspace\\references\\attachments\\房地产业对金融市场的带动作用分析.pdf""]",0,[]
3088,1,"[""C:\\Users\\Ethan\\CoreFiles\\ProjectsFile\\AcademicResearch-auto-workflow\\workspace\\references\\attachments\\影子银行内生脆弱性、宏观审慎政策与系统性金融风险防范.pdf""]",0,[]
3089,1,"[""C:\\Users\\Ethan\\CoreFiles\\ProjectsFile\\AcademicResearch-auto-workflow\\workspace\\references\\attachments\\房地产市场波动与银行信贷、经济增长之关系——基于动态面板数据模型的GMM估计.pdf""]",0,[]
3090,1,"[""C:\\Users\\Ethan\\CoreFiles\\ProjectsFile\\AcademicResearch-auto-workflow\\workspace\\references\\attachments\\我国房地产市场的价格动态研究.pdf""]",0,[]
3091,0,[],0,[]
3092,0,[],0,[]
3093,1,"[""C:\\Users\\Ethan\\CoreFiles\\ProjectsFile\\AcademicResearch-auto-workflow\\workspace\\references\\attachments\\商业银行信用风险传染研究.pdf""]",0,[]
3094,1,"[""C:\\Users\\Ethan\\CoreFiles\\ProjectsFile\\AcademicResearch-auto-workflow\\workspace\\references\\attachments\\银行承兑汇票业务的风险隐患.pdf""]",0,[]
3095,0,[],0,[]
3096,0,[],0,[]
3097,1,"[""C:\\Users\\Ethan\\CoreFiles\\ProjectsFile\\AcademicResearch-auto-workflow\\workspace\\references\\attachments\\存款保险制度对银行系统性风险的影响是一成不变的吗？.pdf""]",0,[]
3098,1,"[""C:\\Users\\Ethan\\CoreFiles\\ProjectsFile\\AcademicResearch-auto-workflow\\workspace\\references\\attachments\\基于银行间市场网络的系统风险传递机制的研究.pdf""]",0,[]
3099,1,"[""C:\\Users\\Ethan\\CoreFiles\\ProjectsFile\\AcademicResearch-auto-workflow\\workspace\\references\\attachments\\房地产金融风险的成因及防范.pdf""]",0,[]
3100,1,"[""C:\\Users\\Ethan\\CoreFiles\\ProjectsFile\\AcademicResearch-auto-workflow\\workspace\\references\\attachments\\数字化转型、经济不确定性与银行系统性风险.pdf""]",0,[]
3101,1,"[""C:\\Users\\Ethan\\CoreFiles\\ProjectsFile\\AcademicResearch-auto-workflow\\workspace\\references\\attachments\\《财经理论与实践》2017年总目录.pdf""]",0,[]
3102,1,"[""C:\\Users\\Ethan\\CoreFiles\\ProjectsFile\\AcademicResearch-auto-workflow\\workspace\\references\\attachments\\次贷危机，楼市的红色警报_.pdf""]",0,[]
3103,0,[],0,[]
3104,1,"[""C:\\Users\\Ethan\\CoreFiles\\ProjectsFile\\AcademicResearch-auto-workflow\\workspace\\references\\attachments\\基于银行-资产二分网络的银行间风险传染研究.pdf""]",0,[]
3105,1,"[""C:\\Users\\Ethan\\CoreFiles\\ProjectsFile\\AcademicResearch-auto-workflow\\workspace\\references\\attachments\\房地产投资与宏观经济波动的相互影响关系——基于格兰杰因果检验模型的研究.pdf""]",0,[]
3106,1,"[""C:\\Users\\Ethan\\CoreFiles\\ProjectsFile\\AcademicResearch-auto-workflow\\workspace\\references\\attachments\\后危机时代的宏观审慎框架——中国人民银行·英格兰银行首届研讨会纪要.pdf""]",0,[]
3107,1,"[""C:\\Users\\Ethan\\CoreFiles\\ProjectsFile\\AcademicResearch-auto-workflow\\workspace\\references\\attachments\\银企信贷复杂网络下的银行业系统性风险研究.pdf""]",0,[]
3108,1,"[""C:\\Users\\Ethan\\CoreFiles\\ProjectsFile\\AcademicResearch-auto-workflow\\workspace\\references\\attachments\\如何减少房地产经济波动及其金融风险.pdf""]",0,[]
3109,0,[],0,[]
3110,1,"[""C:\\Users\\Ethan\\CoreFiles\\ProjectsFile\\AcademicResearch-auto-workflow\\workspace\\references\\attachments\\影子银行系统性风险的度量与防范研究.pdf""]",0,[]
3111,1,"[""C:\\Users\\Ethan\\CoreFiles\\ProjectsFile\\AcademicResearch-auto-workflow\\workspace\\references\\attachments\\中国上市银行的系统性风险价值及溢出——基于CoVaR方法的实证分析.pdf""]",0,[]
3112,1,"[""C:\\Users\\Ethan\\CoreFiles\\ProjectsFile\\AcademicResearch-auto-workflow\\workspace\\references\\attachments\\美国《多德-弗兰克法》金融监管改革研究.pdf""]",0,[]
3113,1,"[""C:\\Users\\Ethan\\CoreFiles\\ProjectsFile\\AcademicResearch-auto-workflow\\workspace\\references\\attachments\\警惕_银行被房地产泡沫淹没.pdf""]",0,[]
3114,1,"[""C:\\Users\\Ethan\\CoreFiles\\ProjectsFile\\AcademicResearch-auto-workflow\\workspace\\references\\attachments\\结构性货币政策和银行系统性风险.pdf""]",0,[]
3115,1,"[""C:\\Users\\Ethan\\CoreFiles\\ProjectsFile\\AcademicResearch-auto-workflow\\workspace\\references\\attachments\\我国金融风险的生成机理与防范策略选择.pdf""]",0,[]
3116,1,"[""C:\\Users\\Ethan\\CoreFiles\\ProjectsFile\\AcademicResearch-auto-workflow\\workspace\\references\\attachments\\明确评估标准  着力防范系统性风险.pdf""]",0,[]
3117,1,"[""C:\\Users\\Ethan\\CoreFiles\\ProjectsFile\\AcademicResearch-auto-workflow\\workspace\\references\\attachments\\总损失吸收能力监管对全球系统重要性银行系统性风险的影响研究.pdf""]",0,[]
3118,1,"[""C:\\Users\\Ethan\\CoreFiles\\ProjectsFile\\AcademicResearch-auto-workflow\\workspace\\references\\attachments\\从供给侧视角看当前房地产市场价格波动——以合肥为例.pdf""]",0,[]
3119,1,"[""C:\\Users\\Ethan\\CoreFiles\\ProjectsFile\\AcademicResearch-auto-workflow\\workspace\\references\\attachments\\房地产价格波动下的金融风险问题研究.pdf""]",0,[]
3120,1,"[""C:\\Users\\Ethan\\CoreFiles\\ProjectsFile\\AcademicResearch-auto-workflow\\workspace\\references\\attachments\\当前我国经济发展中的金融风险与防范.pdf""]",0,[]
3121,0,[],0,[]
3122,1,"[""C:\\Users\\Ethan\\CoreFiles\\ProjectsFile\\AcademicResearch-auto-workflow\\workspace\\references\\attachments\\价格冲击、资产抛售与银行网络系统性金融风险.pdf""]",0,[]
3123,1,"[""C:\\Users\\Ethan\\CoreFiles\\ProjectsFile\\AcademicResearch-auto-workflow\\workspace\\references\\attachments\\银行杠杆、同业业务创新与系统性风险.pdf""]",0,[]
3124,1,"[""C:\\Users\\Ethan\\CoreFiles\\ProjectsFile\\AcademicResearch-auto-workflow\\workspace\\references\\attachments\\资产证券化支持城镇基础设施建设问题探析.pdf""]",0,[]
3125,1,"[""C:\\Users\\Ethan\\CoreFiles\\ProjectsFile\\AcademicResearch-auto-workflow\\workspace\\references\\attachments\\中国影子银行体系的风险与监管.pdf""]",0,[]
3126,1,"[""C:\\Users\\Ethan\\CoreFiles\\ProjectsFile\\AcademicResearch-auto-workflow\\workspace\\references\\attachments\\影响我国房地产经济稳定的因素以及相关对策分析.pdf""]",0,[]
3127,1,"[""C:\\Users\\Ethan\\CoreFiles\\ProjectsFile\\AcademicResearch-auto-workflow\\workspace\\references\\attachments\\银行关联性与系统性金融风险：传染还是分担_.pdf""]",0,[]
3128,1,"[""C:\\Users\\Ethan\\CoreFiles\\ProjectsFile\\AcademicResearch-auto-workflow\\workspace\\references\\attachments\\我国房地产价格波动与货币政策调控模式研究——基于政策不确定性视角的实证分析.pdf""]",0,[]
3129,1,"[""C:\\Users\\Ethan\\CoreFiles\\ProjectsFile\\AcademicResearch-auto-workflow\\workspace\\references\\attachments\\基于噪声交易模型的区域房地产价格波动的实证分析——以安徽省宿州市为例.pdf""]",0,[]
3130,1,"[""C:\\Users\\Ethan\\CoreFiles\\ProjectsFile\\AcademicResearch-auto-workflow\\workspace\\references\\attachments\\中东欧五国银行业系统性风险影响因素研究（2000-2012）.pdf""]",0,[]
3131,1,"[""C:\\Users\\Ethan\\CoreFiles\\ProjectsFile\\AcademicResearch-auto-workflow\\workspace\\references\\attachments\\商业银行市场竞争与风险行为研究.pdf""]",0,[]
3132,1,"[""C:\\Users\\Ethan\\CoreFiles\\ProjectsFile\\AcademicResearch-auto-workflow\\workspace\\references\\attachments\\构建玉林金融风险防化与控制机制的思考.pdf""]",0,[]
3133,1,"[""C:\\Users\\Ethan\\CoreFiles\\ProjectsFile\\AcademicResearch-auto-workflow\\workspace\\references\\attachments\\不同区域房地产周期的比较研究——基于中国四个直辖市1990～2009年的时间序列.pdf""]",0,[]
3134,1,"[""C:\\Users\\Ethan\\CoreFiles\\ProjectsFile\\AcademicResearch-auto-workflow\\workspace\\references\\attachments\\欧盟应对系统性风险的银行重组和清算制度.pdf""]",0,[]
3135,1,"[""C:\\Users\\Ethan\\CoreFiles\\ProjectsFile\\AcademicResearch-auto-workflow\\workspace\\references\\attachments\\对银行挤兑下最优政府干预政策的讨论.pdf""]",0,[]
3136,1,"[""C:\\Users\\Ethan\\CoreFiles\\ProjectsFile\\AcademicResearch-auto-workflow\\workspace\\references\\attachments\\我国银行信贷结构对信贷风险的影响.pdf""]",0,[]
3137,1,"[""C:\\Users\\Ethan\\CoreFiles\\ProjectsFile\\AcademicResearch-auto-workflow\\workspace\\references\\attachments\\中国银行业系统性风险溢出效应测度.pdf""]",0,[]
3138,1,"[""C:\\Users\\Ethan\\CoreFiles\\ProjectsFile\\AcademicResearch-auto-workflow\\workspace\\references\\attachments\\东盟六国银行业系统性金融风险研究.pdf""]",0,[]
3139,1,"[""C:\\Users\\Ethan\\CoreFiles\\ProjectsFile\\AcademicResearch-auto-workflow\\workspace\\references\\attachments\\以科学发展观统领金融稳定工作  支持老工业基地全面振兴.pdf""]",0,[]
3140,1,"[""C:\\Users\\Ethan\\CoreFiles\\ProjectsFile\\AcademicResearch-auto-workflow\\workspace\\references\\attachments\\信贷资产证券化对商业银行流动性风险的影响.pdf""]",0,[]
3141,1,"[""C:\\Users\\Ethan\\CoreFiles\\ProjectsFile\\AcademicResearch-auto-workflow\\workspace\\references\\attachments\\中国利率变动影响房地产市场价格的机制研究.pdf""]",0,[]
3142,1,"[""C:\\Users\\Ethan\\CoreFiles\\ProjectsFile\\AcademicResearch-auto-workflow\\workspace\\references\\attachments\\附加资本监管对银行系统性风险的影响研究.pdf""]",0,[]
3143,1,"[""C:\\Users\\Ethan\\CoreFiles\\ProjectsFile\\AcademicResearch-auto-workflow\\workspace\\references\\attachments\\中国货币政策对房地产市场价格波动的影响研究.pdf""]",0,[]
3144,0,[],0,[]
3145,1,"[""C:\\Users\\Ethan\\CoreFiles\\ProjectsFile\\AcademicResearch-auto-workflow\\workspace\\references\\attachments\\房地产价格波动对中国出口产品质量的影响探析.pdf""]",0,[]
3146,1,"[""C:\\Users\\Ethan\\CoreFiles\\ProjectsFile\\AcademicResearch-auto-workflow\\workspace\\references\\attachments\\房地产价格、政策搭配与宏观经济波动.pdf""]",0,[]
3147,1,"[""C:\\Users\\Ethan\\CoreFiles\\ProjectsFile\\AcademicResearch-auto-workflow\\workspace\\references\\attachments\\房地产经济波动的影响因素及应对措施.pdf""]",0,[]
3148,1,"[""C:\\Users\\Ethan\\CoreFiles\\ProjectsFile\\AcademicResearch-auto-workflow\\workspace\\references\\attachments\\我国系统性金融风险跨市场传染研究.pdf""]",0,[]
3149,1,"[""C:\\Users\\Ethan\\CoreFiles\\ProjectsFile\\AcademicResearch-auto-workflow\\workspace\\references\\attachments\\房地产价格波动的通货膨胀效应研究.pdf""]",0,[]
3150,1,"[""C:\\Users\\Ethan\\CoreFiles\\ProjectsFile\\AcademicResearch-auto-workflow\\workspace\\references\\attachments\\我国银行体系系统性风险测度与评估.pdf""]",0,[]
3151,1,"[""C:\\Users\\Ethan\\CoreFiles\\ProjectsFile\\AcademicResearch-auto-workflow\\workspace\\references\\attachments\\银行信贷与房地产发展及房价波动的关系.pdf""]",0,[]
3152,1,"[""C:\\Users\\Ethan\\CoreFiles\\ProjectsFile\\AcademicResearch-auto-workflow\\workspace\\references\\attachments\\我国银行体系的网络结构特征——基于复杂网络的实证分析.pdf""]",0,[]
3153,1,"[""C:\\Users\\Ethan\\CoreFiles\\ProjectsFile\\AcademicResearch-auto-workflow\\workspace\\references\\attachments\\新发展视角下统一“金融监管法”的制定.pdf""]",0,[]
3154,1,"[""C:\\Users\\Ethan\\CoreFiles\\ProjectsFile\\AcademicResearch-auto-workflow\\workspace\\references\\attachments\\住房供求、地方政府行为与房地产市场调控有效性研究.pdf""]",0,[]
3155,1,"[""C:\\Users\\Ethan\\CoreFiles\\ProjectsFile\\AcademicResearch-auto-workflow\\workspace\\references\\attachments\\浅析利率波动对房地产市场的影响——以青岛城阳区为例.pdf""]",0,[]
3156,1,"[""C:\\Users\\Ethan\\CoreFiles\\ProjectsFile\\AcademicResearch-auto-workflow\\workspace\\references\\attachments\\当前我国金融体系系统性风险特征及原因分析.pdf""]",0,[]
3157,1,"[""C:\\Users\\Ethan\\CoreFiles\\ProjectsFile\\AcademicResearch-auto-workflow\\workspace\\references\\attachments\\中国房地产市场区域价格运行特征研究.pdf""]",0,[]
3158,1,"[""C:\\Users\\Ethan\\CoreFiles\\ProjectsFile\\AcademicResearch-auto-workflow\\workspace\\references\\attachments\\金融政策对中国房地产周期波动的影响.pdf""]",0,[]
3159,1,"[""C:\\Users\\Ethan\\CoreFiles\\ProjectsFile\\AcademicResearch-auto-workflow\\workspace\\references\\attachments\\融资成本、房地产价格波动与货币政策传导.pdf""]",0,[]
3160,1,"[""C:\\Users\\Ethan\\CoreFiles\\ProjectsFile\\AcademicResearch-auto-workflow\\workspace\\references\\attachments\\商业银行房地产信贷风险及防范.pdf""]",0,[]
3161,1,"[""C:\\Users\\Ethan\\CoreFiles\\ProjectsFile\\AcademicResearch-auto-workflow\\workspace\\references\\attachments\\宏观审慎政策对银行间风险传染的影响——基于中国银行业数据的实证研究.pdf""]",0,[]
3162,1,"[""C:\\Users\\Ethan\\CoreFiles\\ProjectsFile\\AcademicResearch-auto-workflow\\workspace\\references\\attachments\\从“雷曼时刻”看系统性金融风险的防范.pdf""]",0,[]
3163,0,[],0,[]
3164,1,"[""C:\\Users\\Ethan\\CoreFiles\\ProjectsFile\\AcademicResearch-auto-workflow\\workspace\\references\\attachments\\银行业务同质化竞争与银行系统性风险研究.pdf""]",0,[]
3165,1,"[""C:\\Users\\Ethan\\CoreFiles\\ProjectsFile\\AcademicResearch-auto-workflow\\workspace\\references\\attachments\\股票市场波动对银行脆弱性影响的实证研究.pdf""]",0,[]
3166,1,"[""C:\\Users\\Ethan\\CoreFiles\\ProjectsFile\\AcademicResearch-auto-workflow\\workspace\\references\\attachments\\房地产金融领域的潜在风险及其防控建议.pdf""]",0,[]
3167,1,"[""C:\\Users\\Ethan\\CoreFiles\\ProjectsFile\\AcademicResearch-auto-workflow\\workspace\\references\\attachments\\基于空间SEM模型的购房影响因素研究.pdf""]",0,[]
3168,1,"[""C:\\Users\\Ethan\\CoreFiles\\ProjectsFile\\AcademicResearch-auto-workflow\\workspace\\references\\attachments\\反抵押贷款与房地产价格波动风险.pdf""]",0,[]
3169,1,"[""C:\\Users\\Ethan\\CoreFiles\\ProjectsFile\\AcademicResearch-auto-workflow\\workspace\\references\\attachments\\我国央行金融稳定透明度与系统性风险关系研究.pdf""]",0,[]
3170,0,[],0,[]
3171,1,"[""C:\\Users\\Ethan\\CoreFiles\\ProjectsFile\\AcademicResearch-auto-workflow\\workspace\\references\\attachments\\论我国公共财政救助问题银行的标准.pdf""]",0,[]
3172,1,"[""C:\\Users\\Ethan\\CoreFiles\\ProjectsFile\\AcademicResearch-auto-workflow\\workspace\\references\\attachments\\1970年代以来美国银行业监管改革的变迁及启示.pdf""]",0,[]
3173,1,"[""C:\\Users\\Ethan\\CoreFiles\\ProjectsFile\\AcademicResearch-auto-workflow\\workspace\\references\\attachments\\论巴塞尔协议的演进及其改革发展.pdf""]",0,[]
3174,1,"[""C:\\Users\\Ethan\\CoreFiles\\ProjectsFile\\AcademicResearch-auto-workflow\\workspace\\references\\attachments\\企业非生产性房地产投资的影响因素研究.pdf""]",0,[]
3175,1,"[""C:\\Users\\Ethan\\CoreFiles\\ProjectsFile\\AcademicResearch-auto-workflow\\workspace\\references\\attachments\\房地产经济波动的影响因素及应对策略分析.pdf""]",0,[]
3176,1,"[""C:\\Users\\Ethan\\CoreFiles\\ProjectsFile\\AcademicResearch-auto-workflow\\workspace\\references\\attachments\\房地产业对银行业的系统性风险溢出效应研究.pdf""]",0,[]
3177,1,"[""C:\\Users\\Ethan\\CoreFiles\\ProjectsFile\\AcademicResearch-auto-workflow\\workspace\\references\\attachments\\日本房地产周期波动分析及对我国的经验借鉴.pdf""]",0,[]
3178,1,"[""C:\\Users\\Ethan\\CoreFiles\\ProjectsFile\\AcademicResearch-auto-workflow\\workspace\\references\\attachments\\福建省房地产周期波动与对策研究.pdf""]",0,[]
3179,1,"[""C:\\Users\\Ethan\\CoreFiles\\ProjectsFile\\AcademicResearch-auto-workflow\\workspace\\references\\attachments\\西安市房地产开发投资发展趋势及影响因素研究.pdf""]",0,[]
3180,1,"[""C:\\Users\\Ethan\\CoreFiles\\ProjectsFile\\AcademicResearch-auto-workflow\\workspace\\references\\attachments\\基于宏观审慎框架下的我国金融监管问题研究.pdf""]",0,[]
3181,1,"[""C:\\Users\\Ethan\\CoreFiles\\ProjectsFile\\AcademicResearch-auto-workflow\\workspace\\references\\attachments\\我国区域性房地产价格波动和传导机制研究.pdf""]",0,[]
3182,1,"[""C:\\Users\\Ethan\\CoreFiles\\ProjectsFile\\AcademicResearch-auto-workflow\\workspace\\references\\attachments\\商业银行房地产贷款风险及其防范对策.pdf""]",0,[]
3183,1,"[""C:\\Users\\Ethan\\CoreFiles\\ProjectsFile\\AcademicResearch-auto-workflow\\workspace\\references\\attachments\\我国商业银行房地产信贷的风险研究.pdf""]",0,[]
3184,1,"[""C:\\Users\\Ethan\\CoreFiles\\ProjectsFile\\AcademicResearch-auto-workflow\\workspace\\references\\attachments\\数字化转型是否降低了银行系统性风险_——来自中国上市银行的经验证据.pdf""]",0,[]
3185,1,"[""C:\\Users\\Ethan\\CoreFiles\\ProjectsFile\\AcademicResearch-auto-workflow\\workspace\\references\\attachments\\金融科技对商业银行系统性风险溢出效应研究.pdf""]",0,[]
3186,1,"[""C:\\Users\\Ethan\\CoreFiles\\ProjectsFile\\AcademicResearch-auto-workflow\\workspace\\references\\attachments\\三四线城市房地产价格波动分析——基于行为金融学理论.pdf""]",0,[]
3187,1,"[""C:\\Users\\Ethan\\CoreFiles\\ProjectsFile\\AcademicResearch-auto-workflow\\workspace\\references\\attachments\\杭州市房地产周期波动研究.pdf""]",0,[]
3188,0,[],0,[]
3189,1,"[""C:\\Users\\Ethan\\CoreFiles\\ProjectsFile\\AcademicResearch-auto-workflow\\workspace\\references\\attachments\\中国银行系统性风险的度量与防范.pdf""]",0,[]
3190,1,"[""C:\\Users\\Ethan\\CoreFiles\\ProjectsFile\\AcademicResearch-auto-workflow\\workspace\\references\\attachments\\增强信心  奋发有为.pdf""]",0,[]
3191,1,"[""C:\\Users\\Ethan\\CoreFiles\\ProjectsFile\\AcademicResearch-auto-workflow\\workspace\\references\\attachments\\金融系统性风险的双向溢出效应及其CoVaR模型估计.pdf""]",0,[]
3192,1,"[""C:\\Users\\Ethan\\CoreFiles\\ProjectsFile\\AcademicResearch-auto-workflow\\workspace\\references\\attachments\\房地产信贷对银行体系脆弱性影响分析.pdf""]",0,[]
3193,0,[],0,[]
3194,1,"[""C:\\Users\\Ethan\\CoreFiles\\ProjectsFile\\AcademicResearch-auto-workflow\\workspace\\references\\attachments\\系统性风险压力测试下的地方法人金融机构风险研究——以赤峰市为例.pdf""]",0,[]
3195,0,[],0,[]
3196,1,"[""C:\\Users\\Ethan\\CoreFiles\\ProjectsFile\\AcademicResearch-auto-workflow\\workspace\\references\\attachments\\基于复杂网络理论的商业银行系统性金融风险溢出研究.pdf""]",0,[]
3197,1,"[""C:\\Users\\Ethan\\CoreFiles\\ProjectsFile\\AcademicResearch-auto-workflow\\workspace\\references\\attachments\\次贷危机与系统性风险——对金融市场网络效应的分析.pdf""]",0,[]
3198,1,"[""C:\\Users\\Ethan\\CoreFiles\\ProjectsFile\\AcademicResearch-auto-workflow\\workspace\\references\\attachments\\双向反馈视角下银行业系统性风险评估与防范——基于DebtRank算法的实证分析.pdf""]",0,[]
3199,1,"[""C:\\Users\\Ethan\\CoreFiles\\ProjectsFile\\AcademicResearch-auto-workflow\\workspace\\references\\attachments\\金融冲击与房地产市场波动——一个宏观分析框架及中国的经验证据.pdf""]",0,[]
3200,0,[],0,[]
3201,1,"[""C:\\Users\\Ethan\\CoreFiles\\ProjectsFile\\AcademicResearch-auto-workflow\\workspace\\references\\attachments\\区域性金融指数构建及其应用.pdf""]",0,[]
3202,1,"[""C:\\Users\\Ethan\\CoreFiles\\ProjectsFile\\AcademicResearch-auto-workflow\\workspace\\references\\attachments\\基层央行履行金融稳定职能存在的问题及建议.pdf""]",0,[]
3203,1,"[""C:\\Users\\Ethan\\CoreFiles\\ProjectsFile\\AcademicResearch-auto-workflow\\workspace\\references\\attachments\\基于MSVAR模型的房地产通货膨胀效应研究.pdf""]",0,[]
3204,1,"[""C:\\Users\\Ethan\\CoreFiles\\ProjectsFile\\AcademicResearch-auto-workflow\\workspace\\references\\attachments\\银行系统性风险与杠杆率及资本充足率研究_资产质量的作用.pdf""]",0,[]
3205,1,"[""C:\\Users\\Ethan\\CoreFiles\\ProjectsFile\\AcademicResearch-auto-workflow\\workspace\\references\\attachments\\坚持高质量发展和高水平安全良性互动.pdf""]",0,[]
3206,1,"[""C:\\Users\\Ethan\\CoreFiles\\ProjectsFile\\AcademicResearch-auto-workflow\\workspace\\references\\attachments\\我国互联网金融与传统金融行业风险溢出效应研究.pdf""]",0,[]
3207,1,"[""C:\\Users\\Ethan\\CoreFiles\\ProjectsFile\\AcademicResearch-auto-workflow\\workspace\\references\\attachments\\我国商业银行系统性风险的识别与预警研究.pdf""]",0,[]
3208,1,"[""C:\\Users\\Ethan\\CoreFiles\\ProjectsFile\\AcademicResearch-auto-workflow\\workspace\\references\\attachments\\我国房地产周期实证研究.pdf""]",0,[]
3209,1,"[""C:\\Users\\Ethan\\CoreFiles\\ProjectsFile\\AcademicResearch-auto-workflow\\workspace\\references\\attachments\\系统性风险传递的研究.pdf""]",0,[]
3210,1,"[""C:\\Users\\Ethan\\CoreFiles\\ProjectsFile\\AcademicResearch-auto-workflow\\workspace\\references\\attachments\\中国债券市场风险、定价研究进展与服务实体经济的初步实践.pdf""]",0,[]
3211,1,"[""C:\\Users\\Ethan\\CoreFiles\\ProjectsFile\\AcademicResearch-auto-workflow\\workspace\\references\\attachments\\房价与地价、居民消费互动关系的实证研究——基于SEM模型的分析.pdf""]",0,[]
3212,1,"[""C:\\Users\\Ethan\\CoreFiles\\ProjectsFile\\AcademicResearch-auto-workflow\\workspace\\references\\attachments\\中国境内跨国银行系统性风险的防范与应对措施.pdf""]",0,[]
3213,1,"[""C:\\Users\\Ethan\\CoreFiles\\ProjectsFile\\AcademicResearch-auto-workflow\\workspace\\references\\attachments\\房价对地方政府债务融资的影响研究.pdf""]",0,[]
3214,1,"[""C:\\Users\\Ethan\\CoreFiles\\ProjectsFile\\AcademicResearch-auto-workflow\\workspace\\references\\attachments\\系统重要性银行迎重磅监管.pdf""]",0,[]
3215,1,"[""C:\\Users\\Ethan\\CoreFiles\\ProjectsFile\\AcademicResearch-auto-workflow\\workspace\\references\\attachments\\房地产信贷风险对我国银行体系脆弱性的影响研究.pdf""]",0,[]
3216,1,"[""C:\\Users\\Ethan\\CoreFiles\\ProjectsFile\\AcademicResearch-auto-workflow\\workspace\\references\\attachments\\银保监会亮相.pdf""]",0,[]
3217,1,"[""C:\\Users\\Ethan\\CoreFiles\\ProjectsFile\\AcademicResearch-auto-workflow\\workspace\\references\\attachments\\房地产市场波动对区域经济增长的影响.pdf""]",0,[]
3218,1,"[""C:\\Users\\Ethan\\CoreFiles\\ProjectsFile\\AcademicResearch-auto-workflow\\workspace\\references\\attachments\\对银行、证券、保险三方协调问题的研究.pdf""]",0,[]
3219,1,"[""C:\\Users\\Ethan\\CoreFiles\\ProjectsFile\\AcademicResearch-auto-workflow\\workspace\\references\\attachments\\房地产市场风险预警系统研究述评.pdf""]",0,[]
3220,0,[],0,[]
3221,1,"[""C:\\Users\\Ethan\\CoreFiles\\ProjectsFile\\AcademicResearch-auto-workflow\\workspace\\references\\attachments\\基于GARCH族模型的上海市住宅市场价格波动的特征研究.pdf""]",0,[]
3222,1,"[""C:\\Users\\Ethan\\CoreFiles\\ProjectsFile\\AcademicResearch-auto-workflow\\workspace\\references\\attachments\\我国货币政策对商业银行系统性风险的影响研究.pdf""]",0,[]
3223,1,"[""C:\\Users\\Ethan\\CoreFiles\\ProjectsFile\\AcademicResearch-auto-workflow\\workspace\\references\\attachments\\净稳定资金比率对银行系统性风险的影响研究.pdf""]",0,[]
3224,1,"[""C:\\Users\\Ethan\\CoreFiles\\ProjectsFile\\AcademicResearch-auto-workflow\\workspace\\references\\attachments\\金融开放是否加剧房地产系统性风险_——基于固定面板效应模型的实证分析.pdf""]",0,[]
3225,1,"[""C:\\Users\\Ethan\\CoreFiles\\ProjectsFile\\AcademicResearch-auto-workflow\\workspace\\references\\attachments\\浅谈银行系统性风险的传染问题.pdf""]",0,[]
3226,1,"[""C:\\Users\\Ethan\\CoreFiles\\ProjectsFile\\AcademicResearch-auto-workflow\\workspace\\references\\attachments\\关于影子银行触发金融市场系统性风险问题及应对研究.pdf""]",0,[]
3227,1,"[""C:\\Users\\Ethan\\CoreFiles\\ProjectsFile\\AcademicResearch-auto-workflow\\workspace\\references\\attachments\\货币政策和宏观审慎政策双支柱调控框架.pdf""]",0,[]
3228,1,"[""C:\\Users\\Ethan\\CoreFiles\\ProjectsFile\\AcademicResearch-auto-workflow\\workspace\\references\\attachments\\我国上市商业银行系统性风险度量研究——基于AR-GARCH-CoES模型.pdf""]",0,[]
3229,1,"[""C:\\Users\\Ethan\\CoreFiles\\ProjectsFile\\AcademicResearch-auto-workflow\\workspace\\references\\attachments\\影子银行系统性风险度量研究——基于中国信托公司逐笔业务的数据视角.pdf""]",0,[]
3230,1,"[""C:\\Users\\Ethan\\CoreFiles\\ProjectsFile\\AcademicResearch-auto-workflow\\workspace\\references\\attachments\\中国影子银行风险监管研究.pdf""]",0,[]
3231,1,"[""C:\\Users\\Ethan\\CoreFiles\\ProjectsFile\\AcademicResearch-auto-workflow\\workspace\\references\\attachments\\我国房地产市场与股票市场周期波动的关联性探讨.pdf""]",0,[]
3232,1,"[""C:\\Users\\Ethan\\CoreFiles\\ProjectsFile\\AcademicResearch-auto-workflow\\workspace\\references\\attachments\\房价变动对居民消费影响的门限测度——基于中国35个大中城市的实证研究.pdf""]",0,[]
3233,1,"[""C:\\Users\\Ethan\\CoreFiles\\ProjectsFile\\AcademicResearch-auto-workflow\\workspace\\references\\attachments\\稳健货币政策下国内房价上涨的原因及地区差异性研究——基于Bayesian VAR模型的分析.pdf""]",0,[]
3234,1,"[""C:\\Users\\Ethan\\CoreFiles\\ProjectsFile\\AcademicResearch-auto-workflow\\workspace\\references\\attachments\\A股银行系统性金融风险审计评价指标体系构建与应用研究.pdf""]",0,[]
3235,1,"[""C:\\Users\\Ethan\\CoreFiles\\ProjectsFile\\AcademicResearch-auto-workflow\\workspace\\references\\attachments\\信贷集中与扩张、软预算约束竞争和银行系统性风险.pdf""]",0,[]
3236,1,"[""C:\\Users\\Ethan\\CoreFiles\\ProjectsFile\\AcademicResearch-auto-workflow\\workspace\\references\\attachments\\基于市场预期的中国住房抵押贷款对房地产价格波动的影响研究.pdf""]",0,[]
3237,1,"[""C:\\Users\\Ethan\\CoreFiles\\ProjectsFile\\AcademicResearch-auto-workflow\\workspace\\references\\attachments\\效率差异、资产属性与房地产价格波动.pdf""]",0,[]
3238,1,"[""C:\\Users\\Ethan\\CoreFiles\\ProjectsFile\\AcademicResearch-auto-workflow\\workspace\\references\\attachments\\中国货币政策的房价传导机制实证研究.pdf""]",0,[]
3239,1,"[""C:\\Users\\Ethan\\CoreFiles\\ProjectsFile\\AcademicResearch-auto-workflow\\workspace\\references\\attachments\\银行与政府部门间信用风险的跨国传导与反馈研究——以欧元区为例.pdf""]",0,[]
3240,1,"[""C:\\Users\\Ethan\\CoreFiles\\ProjectsFile\\AcademicResearch-auto-workflow\\workspace\\references\\attachments\\不同预期形成方式下房地产波动风险与宏观审慎政策调控有效性研究.pdf""]",0,[]
3241,1,"[""C:\\Users\\Ethan\\CoreFiles\\ProjectsFile\\AcademicResearch-auto-workflow\\workspace\\references\\attachments\\基于噪声交易理论的房地产市场价格波动研究.pdf""]",0,[]
3242,1,"[""C:\\Users\\Ethan\\CoreFiles\\ProjectsFile\\AcademicResearch-auto-workflow\\workspace\\references\\attachments\\中国影子银行体系及其监管问题研究.pdf""]",0,[]
3243,1,"[""C:\\Users\\Ethan\\CoreFiles\\ProjectsFile\\AcademicResearch-auto-workflow\\workspace\\references\\attachments\\山雨欲来风满楼，房地产波动对股市有何影响.pdf""]",0,[]
3244,1,"[""C:\\Users\\Ethan\\CoreFiles\\ProjectsFile\\AcademicResearch-auto-workflow\\workspace\\references\\attachments\\中国房地产周期波动研究——一个基于时序全局主成分方法的分析.pdf""]",0,[]
3245,1,"[""C:\\Users\\Ethan\\CoreFiles\\ProjectsFile\\AcademicResearch-auto-workflow\\workspace\\references\\attachments\\单个银行对系统性风险的贡献度——基于Shapley非对称权力指数的研究.pdf""]",0,[]
3246,1,"[""C:\\Users\\Ethan\\CoreFiles\\ProjectsFile\\AcademicResearch-auto-workflow\\workspace\\references\\attachments\\我国企业高负债与系统性金融风险分析.pdf""]",0,[]
3247,1,"[""C:\\Users\\Ethan\\CoreFiles\\ProjectsFile\\AcademicResearch-auto-workflow\\workspace\\references\\attachments\\房地产调整背景下商业银行风险探析.pdf""]",0,[]
3248,1,"[""C:\\Users\\Ethan\\CoreFiles\\ProjectsFile\\AcademicResearch-auto-workflow\\workspace\\references\\attachments\\流动性创造、影子银行和系统性风险.pdf""]",0,[]
3249,1,"[""C:\\Users\\Ethan\\CoreFiles\\ProjectsFile\\AcademicResearch-auto-workflow\\workspace\\references\\attachments\\机构持股对房地产股票收益波动的影响研究——基于面板数据的门限分位回归模型.pdf""]",0,[]
3250,1,"[""C:\\Users\\Ethan\\CoreFiles\\ProjectsFile\\AcademicResearch-auto-workflow\\workspace\\references\\attachments\\房地产市场走向对银行信贷经营的影响及对策.pdf""]",0,[]
3251,1,"[""C:\\Users\\Ethan\\CoreFiles\\ProjectsFile\\AcademicResearch-auto-workflow\\workspace\\references\\attachments\\我国股票市场对房地产市场波动性溢出效应区域差异研究.pdf""]",0,[]
3252,1,"[""C:\\Users\\Ethan\\CoreFiles\\ProjectsFile\\AcademicResearch-auto-workflow\\workspace\\references\\attachments\\我国银行业系统流动性风险指数构建及预警应用研究.pdf""]",0,[]
3253,1,"[""C:\\Users\\Ethan\\CoreFiles\\ProjectsFile\\AcademicResearch-auto-workflow\\workspace\\references\\attachments\\我国房地产价格波动与汇率关联性研究.pdf""]",0,[]
3254,1,"[""C:\\Users\\Ethan\\CoreFiles\\ProjectsFile\\AcademicResearch-auto-workflow\\workspace\\references\\attachments\\房地产金融业的风险与对策探讨.pdf""]",0,[]
3255,1,"[""C:\\Users\\Ethan\\CoreFiles\\ProjectsFile\\AcademicResearch-auto-workflow\\workspace\\references\\attachments\\邮储银行项目风险研究.pdf""]",0,[]
3256,1,"[""C:\\Users\\Ethan\\CoreFiles\\ProjectsFile\\AcademicResearch-auto-workflow\\workspace\\references\\attachments\\货币政策、杠杆周期与房地产市场价格波动研究.pdf""]",0,[]
3257,1,"[""C:\\Users\\Ethan\\CoreFiles\\ProjectsFile\\AcademicResearch-auto-workflow\\workspace\\references\\attachments\\基于流动性冲击的商业银行TCTF风险网络传导.pdf""]",0,[]
3258,0,[],0,[]
3259,1,"[""C:\\Users\\Ethan\\CoreFiles\\ProjectsFile\\AcademicResearch-auto-workflow\\workspace\\references\\attachments\\货币供应量、利率与银行系统性金融风险——基于CoVaR方法的实证研究.pdf""]",0,[]
3260,1,"[""C:\\Users\\Ethan\\CoreFiles\\ProjectsFile\\AcademicResearch-auto-workflow\\workspace\\references\\attachments\\降准的“新时代”理解.pdf""]",0,[]
3261,0,[],0,[]
3262,1,"[""C:\\Users\\Ethan\\CoreFiles\\ProjectsFile\\AcademicResearch-auto-workflow\\workspace\\references\\attachments\\中国上市金融机构系统性风险溢出效应及其关联网络研究.pdf""]",0,[]
3263,1,"[""C:\\Users\\Ethan\\CoreFiles\\ProjectsFile\\AcademicResearch-auto-workflow\\workspace\\references\\attachments\\银行业开展房地产抵押贷款业务的风险与防范对策.pdf""]",0,[]
3264,1,"[""C:\\Users\\Ethan\\CoreFiles\\ProjectsFile\\AcademicResearch-auto-workflow\\workspace\\references\\attachments\\关于银行针对融资租赁贷款风险控制的研究.pdf""]",0,[]
3265,1,"[""C:\\Users\\Ethan\\CoreFiles\\ProjectsFile\\AcademicResearch-auto-workflow\\workspace\\references\\attachments\\基于CoVaR模型的银行金融风险溢出效应分析.pdf""]",0,[]
3266,1,"[""C:\\Users\\Ethan\\CoreFiles\\ProjectsFile\\AcademicResearch-auto-workflow\\workspace\\references\\attachments\\基于ΔCoVaR方法的商业银行系统性风险研究.pdf""]",0,[]
3267,1,"[""C:\\Users\\Ethan\\CoreFiles\\ProjectsFile\\AcademicResearch-auto-workflow\\workspace\\references\\attachments\\中国房地产价格波动与国民经济关系理论与实证分析.pdf""]",0,[]
3268,1,"[""C:\\Users\\Ethan\\CoreFiles\\ProjectsFile\\AcademicResearch-auto-workflow\\workspace\\references\\attachments\\中国房地产周期波动的实证分析.pdf""]",0,[]
3269,1,"[""C:\\Users\\Ethan\\CoreFiles\\ProjectsFile\\AcademicResearch-auto-workflow\\workspace\\references\\attachments\\人民币汇率波动的影响_房地产企业美元债偿付风险分析.pdf""]",0,[]
3270,1,"[""C:\\Users\\Ethan\\CoreFiles\\ProjectsFile\\AcademicResearch-auto-workflow\\workspace\\references\\attachments\\基于拓展CoVaR模型的我国金融机构系统性金融风险度量与传染效应.pdf""]",0,[]
3271,1,"[""C:\\Users\\Ethan\\CoreFiles\\ProjectsFile\\AcademicResearch-auto-workflow\\workspace\\references\\attachments\\房地产业波动和国民经济发展关系实证检验.pdf""]",0,[]
3272,1,"[""C:\\Users\\Ethan\\CoreFiles\\ProjectsFile\\AcademicResearch-auto-workflow\\workspace\\references\\attachments\\我国房价波动与银行信贷的关系的实证研究.pdf""]",0,[]
3273,1,"[""C:\\Users\\Ethan\\CoreFiles\\ProjectsFile\\AcademicResearch-auto-workflow\\workspace\\references\\attachments\\全球金融周期视角下资本账户开放与银行系统性风险.pdf""]",0,[]
3274,1,"[""C:\\Users\\Ethan\\CoreFiles\\ProjectsFile\\AcademicResearch-auto-workflow\\workspace\\references\\attachments\\我国上市银行系统性风险溢出及其影响因素研究.pdf""]",0,[]
3275,1,"[""C:\\Users\\Ethan\\CoreFiles\\ProjectsFile\\AcademicResearch-auto-workflow\\workspace\\references\\attachments\\我国商业银行混业经营风险及其控制研究.pdf""]",0,[]
3276,1,"[""C:\\Users\\Ethan\\CoreFiles\\ProjectsFile\\AcademicResearch-auto-workflow\\workspace\\references\\attachments\\供应链金融对我国商业银行系统性风险的影响研究.pdf""]",0,[]
3277,1,"[""C:\\Users\\Ethan\\CoreFiles\\ProjectsFile\\AcademicResearch-auto-workflow\\workspace\\references\\attachments\\货币政策、房地产价格与宏观经济波动.pdf""]",0,[]
3278,1,"[""C:\\Users\\Ethan\\CoreFiles\\ProjectsFile\\AcademicResearch-auto-workflow\\workspace\\references\\attachments\\汇率变化与房价波动——来自中国房地产市场的证据.pdf""]",0,[]
3279,1,"[""C:\\Users\\Ethan\\CoreFiles\\ProjectsFile\\AcademicResearch-auto-workflow\\workspace\\references\\attachments\\货币政策调控资产价格波动的策略研究.pdf""]",0,[]
3280,1,"[""C:\\Users\\Ethan\\CoreFiles\\ProjectsFile\\AcademicResearch-auto-workflow\\workspace\\references\\attachments\\人口集聚与金融脆弱性——基于中国上市银行的实证研究.pdf""]",0,[]
3281,1,"[""C:\\Users\\Ethan\\CoreFiles\\ProjectsFile\\AcademicResearch-auto-workflow\\workspace\\references\\attachments\\实时房屋价格指数体系构建及其内在关联效应研究.pdf""]",0,[]
3282,1,"[""C:\\Users\\Ethan\\CoreFiles\\ProjectsFile\\AcademicResearch-auto-workflow\\workspace\\references\\attachments\\商业银行信贷资产证券化的影响及风险研究.pdf""]",0,[]
3283,1,"[""C:\\Users\\Ethan\\CoreFiles\\ProjectsFile\\AcademicResearch-auto-workflow\\workspace\\references\\attachments\\我国银行业系统性风险中的共同风险及溢出效应研究.pdf""]",0,[]
3284,1,"[""C:\\Users\\Ethan\\CoreFiles\\ProjectsFile\\AcademicResearch-auto-workflow\\workspace\\references\\attachments\\地方政府债务对系统性金融风险的传导机制研究.pdf""]",0,[]
3285,1,"[""C:\\Users\\Ethan\\CoreFiles\\ProjectsFile\\AcademicResearch-auto-workflow\\workspace\\references\\attachments\\基于时间和截面维度的东盟区域银行业系统性风险研究.pdf""]",0,[]
3286,1,"[""C:\\Users\\Ethan\\CoreFiles\\ProjectsFile\\AcademicResearch-auto-workflow\\workspace\\references\\attachments\\信息化背景下房地产经济波动的影响因素及应对策略.pdf""]",0,[]
3287,1,"[""C:\\Users\\Ethan\\CoreFiles\\ProjectsFile\\AcademicResearch-auto-workflow\\workspace\\references\\attachments\\房地产价格波动与银行业风险.pdf""]",0,[]
3288,1,"[""C:\\Users\\Ethan\\CoreFiles\\ProjectsFile\\AcademicResearch-auto-workflow\\workspace\\references\\attachments\\杠杆率监管政策对银行系统性风险的影响研究.pdf""]",0,[]
3289,1,"[""C:\\Users\\Ethan\\CoreFiles\\ProjectsFile\\AcademicResearch-auto-workflow\\workspace\\references\\attachments\\夏乐：须防政策风险伤害经济.pdf""]",0,[]
3290,1,"[""C:\\Users\\Ethan\\CoreFiles\\ProjectsFile\\AcademicResearch-auto-workflow\\workspace\\references\\attachments\\房地产价格波动对经济的影响及对策——基于金融加速器效应的视角.pdf""]",0,[]
3291,1,"[""C:\\Users\\Ethan\\CoreFiles\\ProjectsFile\\AcademicResearch-auto-workflow\\workspace\\references\\attachments\\利率调整与房地产市场波动关系的实证研究.pdf""]",0,[]
3292,1,"[""C:\\Users\\Ethan\\CoreFiles\\ProjectsFile\\AcademicResearch-auto-workflow\\workspace\\references\\attachments\\中国金融系统性风险基本可控.pdf""]",0,[]
3293,1,"[""C:\\Users\\Ethan\\CoreFiles\\ProjectsFile\\AcademicResearch-auto-workflow\\workspace\\references\\attachments\\房地产领域金融风险防范.pdf""]",0,[]
3294,1,"[""C:\\Users\\Ethan\\CoreFiles\\ProjectsFile\\AcademicResearch-auto-workflow\\workspace\\references\\attachments\\双循环新发展格局下我国影子银行的监管.pdf""]",0,[]
3295,1,"[""C:\\Users\\Ethan\\CoreFiles\\ProjectsFile\\AcademicResearch-auto-workflow\\workspace\\references\\attachments\\商业银行房地产信贷业务的风险与控制.pdf""]",0,[]
3296,1,"[""C:\\Users\\Ethan\\CoreFiles\\ProjectsFile\\AcademicResearch-auto-workflow\\workspace\\references\\attachments\\盈余波动性与投资性房地产计量模式选择研究.pdf""]",0,[]
3297,1,"[""C:\\Users\\Ethan\\CoreFiles\\ProjectsFile\\AcademicResearch-auto-workflow\\workspace\\references\\attachments\\中国建设银行A分行房地产信贷风险管理研究.pdf""]",0,[]
3298,1,"[""C:\\Users\\Ethan\\CoreFiles\\ProjectsFile\\AcademicResearch-auto-workflow\\workspace\\references\\attachments\\银行保险交叉持股对寿险公司风险的影响研究.pdf""]",0,[]
3299,1,"[""C:\\Users\\Ethan\\CoreFiles\\ProjectsFile\\AcademicResearch-auto-workflow\\workspace\\references\\attachments\\银行数字化转型、货币政策与银行系统性风险.pdf""]",0,[]
3300,0,[],0,[]
3301,1,"[""C:\\Users\\Ethan\\CoreFiles\\ProjectsFile\\AcademicResearch-auto-workflow\\workspace\\references\\attachments\\人民币入篮一周年_成就、挑战和发展.pdf""]",0,[]
3302,1,"[""C:\\Users\\Ethan\\CoreFiles\\ProjectsFile\\AcademicResearch-auto-workflow\\workspace\\references\\attachments\\上市银行关联性对系统性金融风险的影响研究.pdf""]",0,[]
3303,1,"[""C:\\Users\\Ethan\\CoreFiles\\ProjectsFile\\AcademicResearch-auto-workflow\\workspace\\references\\attachments\\严监管下的银行资产配置趋势.pdf""]",0,[]
3304,1,"[""C:\\Users\\Ethan\\CoreFiles\\ProjectsFile\\AcademicResearch-auto-workflow\\workspace\\references\\attachments\\信用卡和消费信贷的系统性风险_关键诱因和对策建议.pdf""]",0,[]
3305,1,"[""C:\\Users\\Ethan\\CoreFiles\\ProjectsFile\\AcademicResearch-auto-workflow\\workspace\\references\\attachments\\中资银行海外并购的非系统性风险及其防范研究.pdf""]",0,[]
3306,1,"[""C:\\Users\\Ethan\\CoreFiles\\ProjectsFile\\AcademicResearch-auto-workflow\\workspace\\references\\attachments\\我国影子银行的系统性金融风险测度与防范研究——基于影子银行资产负债表的视角.pdf""]",0,[]
3307,1,"[""C:\\Users\\Ethan\\CoreFiles\\ProjectsFile\\AcademicResearch-auto-workflow\\workspace\\references\\attachments\\房地产市场疲软与周期波动的对策.pdf""]",0,[]
3308,1,"[""C:\\Users\\Ethan\\CoreFiles\\ProjectsFile\\AcademicResearch-auto-workflow\\workspace\\references\\attachments\\中国商业银行资本工具的效益与风险研究.pdf""]",0,[]
3309,1,"[""C:\\Users\\Ethan\\CoreFiles\\ProjectsFile\\AcademicResearch-auto-workflow\\workspace\\references\\attachments\\甘肃省房地产周期实证分析.pdf""]",0,[]
3310,1,"[""C:\\Users\\Ethan\\CoreFiles\\ProjectsFile\\AcademicResearch-auto-workflow\\workspace\\references\\attachments\\系统性风险、金融稳定与中央银行.pdf""]",0,[]
3311,1,"[""C:\\Users\\Ethan\\CoreFiles\\ProjectsFile\\AcademicResearch-auto-workflow\\workspace\\references\\attachments\\房地产业周期波动分析——基于济南市的实证研究.pdf""]",0,[]
3312,1,"[""C:\\Users\\Ethan\\CoreFiles\\ProjectsFile\\AcademicResearch-auto-workflow\\workspace\\references\\attachments\\刘明康_银行系统性风险暴露隐患.pdf""]",0,[]
3313,1,"[""C:\\Users\\Ethan\\CoreFiles\\ProjectsFile\\AcademicResearch-auto-workflow\\workspace\\references\\attachments\\《房地产价格波动与管控研究》书评.pdf""]",0,[]
3314,0,[],0,[]
3315,1,"[""C:\\Users\\Ethan\\CoreFiles\\ProjectsFile\\AcademicResearch-auto-workflow\\workspace\\references\\attachments\\我国影子银行与房地产业关联发展对金融稳定的影响.pdf""]",0,[]
3316,1,"[""C:\\Users\\Ethan\\CoreFiles\\ProjectsFile\\AcademicResearch-auto-workflow\\workspace\\references\\attachments\\宏观审慎监管法律问题分析.pdf""]",0,[]
3317,1,"[""C:\\Users\\Ethan\\CoreFiles\\ProjectsFile\\AcademicResearch-auto-workflow\\workspace\\references\\attachments\\流动性管理的指标构建与政策工具选择.pdf""]",0,[]
3318,1,"[""C:\\Users\\Ethan\\CoreFiles\\ProjectsFile\\AcademicResearch-auto-workflow\\workspace\\references\\attachments\\银行系统性风险成分分解及与其业务特征关联研究.pdf""]",0,[]
3319,1,"[""C:\\Users\\Ethan\\CoreFiles\\ProjectsFile\\AcademicResearch-auto-workflow\\workspace\\references\\attachments\\中国系统性金融风险SRISK度量及风险溢出效应研究.pdf""]",0,[]
3320,1,"[""C:\\Users\\Ethan\\CoreFiles\\ProjectsFile\\AcademicResearch-auto-workflow\\workspace\\references\\attachments\\宏观审慎政策背景下商业银行防范风险的对策研究.pdf""]",0,[]
3321,1,"[""C:\\Users\\Ethan\\CoreFiles\\ProjectsFile\\AcademicResearch-auto-workflow\\workspace\\references\\attachments\\非金融企业影子银行化对系统性金融风险的影响研究.pdf""]",0,[]
3322,1,"[""C:\\Users\\Ethan\\CoreFiles\\ProjectsFile\\AcademicResearch-auto-workflow\\workspace\\references\\attachments\\我国上市银行违约风险测度.pdf""]",0,[]
3323,1,"[""C:\\Users\\Ethan\\CoreFiles\\ProjectsFile\\AcademicResearch-auto-workflow\\workspace\\references\\attachments\\基于区域差异的房地产价格波动成因分析.pdf""]",0,[]
3324,1,"[""C:\\Users\\Ethan\\CoreFiles\\ProjectsFile\\AcademicResearch-auto-workflow\\workspace\\references\\attachments\\银行系统性风险传染及其防控对策研究.pdf""]",0,[]
3325,1,"[""C:\\Users\\Ethan\\CoreFiles\\ProjectsFile\\AcademicResearch-auto-workflow\\workspace\\references\\attachments\\房地产价格与居民消费关系研究综述.pdf""]",0,[]
3326,1,"[""C:\\Users\\Ethan\\CoreFiles\\ProjectsFile\\AcademicResearch-auto-workflow\\workspace\\references\\attachments\\地方政府债务治理研究.pdf""]",0,[]
3327,1,"[""C:\\Users\\Ethan\\CoreFiles\\ProjectsFile\\AcademicResearch-auto-workflow\\workspace\\references\\attachments\\基于复杂网络构建的系统重要性银行评估研究.pdf""]",0,[]
3328,1,"[""C:\\Users\\Ethan\\CoreFiles\\ProjectsFile\\AcademicResearch-auto-workflow\\workspace\\references\\attachments\\防范房地产金融风险的对策建议.pdf""]",0,[]
3329,1,"[""C:\\Users\\Ethan\\CoreFiles\\ProjectsFile\\AcademicResearch-auto-workflow\\workspace\\references\\attachments\\人民币升值对房地产行业影响的实证研究.pdf""]",0,[]
3330,1,"[""C:\\Users\\Ethan\\CoreFiles\\ProjectsFile\\AcademicResearch-auto-workflow\\workspace\\references\\attachments\\系统重要性金融机构监管改革国际进展与我国的对策.pdf""]",0,[]
3331,1,"[""C:\\Users\\Ethan\\CoreFiles\\ProjectsFile\\AcademicResearch-auto-workflow\\workspace\\references\\attachments\\利率市场化与商业银行系统性风险——基于银行业竞争的视角.pdf""]",0,[]
3332,1,"[""C:\\Users\\Ethan\\CoreFiles\\ProjectsFile\\AcademicResearch-auto-workflow\\workspace\\references\\attachments\\我国商业银行系统性风险实证研究.pdf""]",0,[]
3333,1,"[""C:\\Users\\Ethan\\CoreFiles\\ProjectsFile\\AcademicResearch-auto-workflow\\workspace\\references\\attachments\\宏观经济波动受中国房地产市场波动的影响分析.pdf""]",0,[]
3334,1,"[""C:\\Users\\Ethan\\CoreFiles\\ProjectsFile\\AcademicResearch-auto-workflow\\workspace\\references\\attachments\\国有商业银行互联网金融发展系统性风险控制研究.pdf""]",0,[]
3335,1,"[""C:\\Users\\Ethan\\CoreFiles\\ProjectsFile\\AcademicResearch-auto-workflow\\workspace\\references\\attachments\\土地市场波动与房地产价格的关系分析_基于VAR模型的实证研究.pdf""]",0,[]
3336,1,"[""C:\\Users\\Ethan\\CoreFiles\\ProjectsFile\\AcademicResearch-auto-workflow\\workspace\\references\\attachments\\我国商业银行系统性风险影响因素及作用机制——以或有资本债券为例.pdf""]",0,[]
3337,1,"[""C:\\Users\\Ethan\\CoreFiles\\ProjectsFile\\AcademicResearch-auto-workflow\\workspace\\references\\attachments\\商业银行房地产金融风险状况研究.pdf""]",0,[]
3338,1,"[""C:\\Users\\Ethan\\CoreFiles\\ProjectsFile\\AcademicResearch-auto-workflow\\workspace\\references\\attachments\\房价波动对居民消费水平影响的实证研究——基于面板门槛模型的再检验.pdf""]",0,[]
3339,1,"[""C:\\Users\\Ethan\\CoreFiles\\ProjectsFile\\AcademicResearch-auto-workflow\\workspace\\references\\attachments\\群体分析视角下商业银行对金融体系的风险溢出效应研究.pdf""]",0,[]
3340,1,"[""C:\\Users\\Ethan\\CoreFiles\\ProjectsFile\\AcademicResearch-auto-workflow\\workspace\\references\\attachments\\行政处罚对银行风险的影响研究.pdf""]",0,[]
3341,1,"[""C:\\Users\\Ethan\\CoreFiles\\ProjectsFile\\AcademicResearch-auto-workflow\\workspace\\references\\attachments\\货币政策立场、宏观审慎管理与风险承担渠道——来自中国银行业的经验证据.pdf""]",0,[]
3342,1,"[""C:\\Users\\Ethan\\CoreFiles\\ProjectsFile\\AcademicResearch-auto-workflow\\workspace\\references\\attachments\\我国房地产市场波动与政策调控效应的研究.pdf""]",0,[]
3343,1,"[""C:\\Users\\Ethan\\CoreFiles\\ProjectsFile\\AcademicResearch-auto-workflow\\workspace\\references\\attachments\\非利息收入对银行风险的影响.pdf""]",0,[]
3344,1,"[""C:\\Users\\Ethan\\CoreFiles\\ProjectsFile\\AcademicResearch-auto-workflow\\workspace\\references\\attachments\\从美国“储蓄与贷款协会”危机看我国商业银行房地产贷款风险.pdf""]",0,[]
3345,1,"[""C:\\Users\\Ethan\\CoreFiles\\ProjectsFile\\AcademicResearch-auto-workflow\\workspace\\references\\attachments\\基于多层网络理论的银行系统性风险研究.pdf""]",0,[]
3346,1,"[""C:\\Users\\Ethan\\CoreFiles\\ProjectsFile\\AcademicResearch-auto-workflow\\workspace\\references\\attachments\\区域性商业银行风险及监管创新.pdf""]",0,[]
3347,1,"[""C:\\Users\\Ethan\\CoreFiles\\ProjectsFile\\AcademicResearch-auto-workflow\\workspace\\references\\attachments\\商业银行系统性风险溢出效应研究.pdf""]",0,[]
3348,1,"[""C:\\Users\\Ethan\\CoreFiles\\ProjectsFile\\AcademicResearch-auto-workflow\\workspace\\references\\attachments\\金融科技对系统性金融风险影响研究.pdf""]",0,[]
3349,1,"[""C:\\Users\\Ethan\\CoreFiles\\ProjectsFile\\AcademicResearch-auto-workflow\\workspace\\references\\attachments\\防范金融风险之解.pdf""]",0,[]
3350,0,[],0,[]
3351,1,"[""C:\\Users\\Ethan\\CoreFiles\\ProjectsFile\\AcademicResearch-auto-workflow\\workspace\\references\\attachments\\论我国商业银行监管架构的优化.pdf""]",0,[]
3352,1,"[""C:\\Users\\Ethan\\CoreFiles\\ProjectsFile\\AcademicResearch-auto-workflow\\workspace\\references\\attachments\\商业银行履行社会责任能否缓解银行系统性风险_——基于中国A股上市银行的证据.pdf""]",0,[]
3353,1,"[""C:\\Users\\Ethan\\CoreFiles\\ProjectsFile\\AcademicResearch-auto-workflow\\workspace\\references\\attachments\\中国房地产市场与股市波动的阶段相关性研究.pdf""]",0,[]
3354,1,"[""C:\\Users\\Ethan\\CoreFiles\\ProjectsFile\\AcademicResearch-auto-workflow\\workspace\\references\\attachments\\房地产价格波动对城镇居民消费影响研究——基于广西14地市面板数据分析.pdf""]",0,[]
3355,0,[],0,[]
3356,1,"[""C:\\Users\\Ethan\\CoreFiles\\ProjectsFile\\AcademicResearch-auto-workflow\\workspace\\references\\attachments\\正确认识房地产市场波动  促进房地产市场稳健发展.pdf""]",0,[]
3357,1,"[""C:\\Users\\Ethan\\CoreFiles\\ProjectsFile\\AcademicResearch-auto-workflow\\workspace\\references\\attachments\\我国房价波动对物价波动影响的实证研究——基于门限面板模型的分区制效应研究.pdf""]",0,[]
3358,1,"[""C:\\Users\\Ethan\\CoreFiles\\ProjectsFile\\AcademicResearch-auto-workflow\\workspace\\references\\attachments\\银行房地产融资风险防控研究.pdf""]",0,[]
3359,1,"[""C:\\Users\\Ethan\\CoreFiles\\ProjectsFile\\AcademicResearch-auto-workflow\\workspace\\references\\attachments\\美国银行接连“爆雷”为哪般.pdf""]",0,[]
3360,1,"[""C:\\Users\\Ethan\\CoreFiles\\ProjectsFile\\AcademicResearch-auto-workflow\\workspace\\references\\attachments\\当前我国金融领域的“灰犀牛”及防范.pdf""]",0,[]
3361,1,"[""C:\\Users\\Ethan\\CoreFiles\\ProjectsFile\\AcademicResearch-auto-workflow\\workspace\\references\\attachments\\房地产价格与银行贷款的关系、及对经济波动的影响研究.pdf""]",0,[]
3362,1,"[""C:\\Users\\Ethan\\CoreFiles\\ProjectsFile\\AcademicResearch-auto-workflow\\workspace\\references\\attachments\\房地产业周期波动中的信贷风险控制研究.pdf""]",0,[]
3363,0,[],0,[]
3364,1,"[""C:\\Users\\Ethan\\CoreFiles\\ProjectsFile\\AcademicResearch-auto-workflow\\workspace\\references\\attachments\\房地产经济波动与金融风险防范探析.pdf""]",0,[]
3365,1,"[""C:\\Users\\Ethan\\CoreFiles\\ProjectsFile\\AcademicResearch-auto-workflow\\workspace\\references\\attachments\\我国房地产市场价格波动机制研究.pdf""]",0,[]
3366,1,"[""C:\\Users\\Ethan\\CoreFiles\\ProjectsFile\\AcademicResearch-auto-workflow\\workspace\\references\\attachments\\三道红线政策背景下上市房地产企业偿债能力对其股价波动的影响.pdf""]",0,[]
3367,1,"[""C:\\Users\\Ethan\\CoreFiles\\ProjectsFile\\AcademicResearch-auto-workflow\\workspace\\references\\attachments\\房价与宏观经济研究综述.pdf""]",0,[]
3368,1,"[""C:\\Users\\Ethan\\CoreFiles\\ProjectsFile\\AcademicResearch-auto-workflow\\workspace\\references\\attachments\\中国上市商业银行系统性风险与收入结构的相互关系研究.pdf""]",0,[]
3369,1,"[""C:\\Users\\Ethan\\CoreFiles\\ProjectsFile\\AcademicResearch-auto-workflow\\workspace\\references\\attachments\\2019年度中国系统性金融风险报告——防范中小银行处置风险.pdf""]",0,[]
3370,1,"[""C:\\Users\\Ethan\\CoreFiles\\ProjectsFile\\AcademicResearch-auto-workflow\\workspace\\references\\attachments\\房地产价格波动对银行体系稳定性影响的实证研究.pdf""]",0,[]
3371,1,"[""C:\\Users\\Ethan\\CoreFiles\\ProjectsFile\\AcademicResearch-auto-workflow\\workspace\\references\\attachments\\大股东股权质押、股价波动与公司风险承担能力——以A股上市房地产公司为例.pdf""]",0,[]
3372,1,"[""C:\\Users\\Ethan\\CoreFiles\\ProjectsFile\\AcademicResearch-auto-workflow\\workspace\\references\\attachments\\影子银行_发展现状与监管对策.pdf""]",0,[]
3373,1,"[""C:\\Users\\Ethan\\CoreFiles\\ProjectsFile\\AcademicResearch-auto-workflow\\workspace\\references\\attachments\\我国房地产价格波动行为分析及对策研究.pdf""]",0,[]
3374,1,"[""C:\\Users\\Ethan\\CoreFiles\\ProjectsFile\\AcademicResearch-auto-workflow\\workspace\\references\\attachments\\房地产泡沫与金融风险关系研究.pdf""]",0,[]
3375,1,"[""C:\\Users\\Ethan\\CoreFiles\\ProjectsFile\\AcademicResearch-auto-workflow\\workspace\\references\\attachments\\论我国影子银行的监管思路.pdf""]",0,[]
3376,1,"[""C:\\Users\\Ethan\\CoreFiles\\ProjectsFile\\AcademicResearch-auto-workflow\\workspace\\references\\attachments\\资产证券化对商业银行风险影响研究综述.pdf""]",0,[]
3377,1,"[""C:\\Users\\Ethan\\CoreFiles\\ProjectsFile\\AcademicResearch-auto-workflow\\workspace\\references\\attachments\\房地产价格波动对保险消费的影响研究.pdf""]",0,[]
3378,1,"[""C:\\Users\\Ethan\\CoreFiles\\ProjectsFile\\AcademicResearch-auto-workflow\\workspace\\references\\attachments\\我国城市商品住宅价格影响因素研究.pdf""]",0,[]
3379,1,"[""C:\\Users\\Ethan\\CoreFiles\\ProjectsFile\\AcademicResearch-auto-workflow\\workspace\\references\\attachments\\上海银监局警示房地产信贷系统性风险.pdf""]",0,[]
3380,1,"[""C:\\Users\\Ethan\\CoreFiles\\ProjectsFile\\AcademicResearch-auto-workflow\\workspace\\references\\attachments\\数字化转型对银行系统性风险的影响机制研究.pdf""]",0,[]
3381,0,[],0,[]
3382,1,"[""C:\\Users\\Ethan\\CoreFiles\\ProjectsFile\\AcademicResearch-auto-workflow\\workspace\\references\\attachments\\基于TVP模型和贝叶斯分析的房地产价格波动与成交量关系探讨.pdf""]",0,[]
3383,1,"[""C:\\Users\\Ethan\\CoreFiles\\ProjectsFile\\AcademicResearch-auto-workflow\\workspace\\references\\attachments\\我国商业银行系统性风险评估与实证研究——基于预期期望损失方法测度.pdf""]",0,[]
3384,1,"[""C:\\Users\\Ethan\\CoreFiles\\ProjectsFile\\AcademicResearch-auto-workflow\\workspace\\references\\attachments\\基于CGE模型的房地产价格波动对居民收入差距的影响.pdf""]",0,[]
3385,1,"[""C:\\Users\\Ethan\\CoreFiles\\ProjectsFile\\AcademicResearch-auto-workflow\\workspace\\references\\attachments\\房地产价格波动的宏观经济及部门经济影响.pdf""]",0,[]
3386,1,"[""C:\\Users\\Ethan\\CoreFiles\\ProjectsFile\\AcademicResearch-auto-workflow\\workspace\\references\\attachments\\金融综合化的协同效应理论研究.pdf""]",0,[]
3387,1,"[""C:\\Users\\Ethan\\CoreFiles\\ProjectsFile\\AcademicResearch-auto-workflow\\workspace\\references\\attachments\\系统性风险继续蔓延  金价仍有上涨空间.pdf""]",0,[]
3388,1,"[""C:\\Users\\Ethan\\CoreFiles\\ProjectsFile\\AcademicResearch-auto-workflow\\workspace\\references\\attachments\\基于多源数据的广州二手房价空间分异及影响因素研究.pdf""]",0,[]
3389,1,"[""C:\\Users\\Ethan\\CoreFiles\\ProjectsFile\\AcademicResearch-auto-workflow\\workspace\\references\\attachments\\基于房地产行业的建设银行信用风险评价体系研究.pdf""]",0,[]
3390,1,"[""C:\\Users\\Ethan\\CoreFiles\\ProjectsFile\\AcademicResearch-auto-workflow\\workspace\\references\\attachments\\论我国商业银行系统性风险及其防范.pdf""]",0,[]
3391,1,"[""C:\\Users\\Ethan\\CoreFiles\\ProjectsFile\\AcademicResearch-auto-workflow\\workspace\\references\\attachments\\基于CCA的中国银行业系统性风险研究.pdf""]",0,[]
3392,1,"[""C:\\Users\\Ethan\\CoreFiles\\ProjectsFile\\AcademicResearch-auto-workflow\\workspace\\references\\attachments\\附加资本监管抑制了银行的系统性风险吗？——基于中国国内系统重要性银行的实证分析.pdf""]",0,[]
3393,1,"[""C:\\Users\\Ethan\\CoreFiles\\ProjectsFile\\AcademicResearch-auto-workflow\\workspace\\references\\attachments\\宏观审慎监管与商业银行系统性风险——基于16家上市商业银行的实证分析.pdf""]",0,[]
3394,1,"[""C:\\Users\\Ethan\\CoreFiles\\ProjectsFile\\AcademicResearch-auto-workflow\\workspace\\references\\attachments\\我国房地产市场与股市波动关系的实证研究.pdf""]",0,[]
3395,1,"[""C:\\Users\\Ethan\\CoreFiles\\ProjectsFile\\AcademicResearch-auto-workflow\\workspace\\references\\attachments\\中国房地产市场波动及其宏观调控效果研究.pdf""]",0,[]
3396,1,"[""C:\\Users\\Ethan\\CoreFiles\\ProjectsFile\\AcademicResearch-auto-workflow\\workspace\\references\\attachments\\商业银行系统性风险测度与宏观审慎监管.pdf""]",0,[]
3397,1,"[""C:\\Users\\Ethan\\CoreFiles\\ProjectsFile\\AcademicResearch-auto-workflow\\workspace\\references\\attachments\\朝阳邮储银行合泰集团贷款项目风险控制研究.pdf""]",0,[]
3398,1,"[""C:\\Users\\Ethan\\CoreFiles\\ProjectsFile\\AcademicResearch-auto-workflow\\workspace\\references\\attachments\\财政_积极防御风险.pdf""]",0,[]
3399,1,"[""C:\\Users\\Ethan\\CoreFiles\\ProjectsFile\\AcademicResearch-auto-workflow\\workspace\\references\\attachments\\四川房地产周期波动的实证分析.pdf""]",0,[]
3400,1,"[""C:\\Users\\Ethan\\CoreFiles\\ProjectsFile\\AcademicResearch-auto-workflow\\workspace\\references\\attachments\\信贷资产证券化对我国商业银行风险承担的影响.pdf""]",0,[]
3401,1,"[""C:\\Users\\Ethan\\CoreFiles\\ProjectsFile\\AcademicResearch-auto-workflow\\workspace\\references\\attachments\\房产政策、货币供给对房地产价格波动的影响.pdf""]",0,[]
3402,1,"[""C:\\Users\\Ethan\\CoreFiles\\ProjectsFile\\AcademicResearch-auto-workflow\\workspace\\references\\attachments\\商业银行房地产信贷业务的风险分析.pdf""]",0,[]
3403,1,"[""C:\\Users\\Ethan\\CoreFiles\\ProjectsFile\\AcademicResearch-auto-workflow\\workspace\\references\\attachments\\基于内生网络的银行系统性风险研究.pdf""]",0,[]
3404,0,[],0,[]
3405,1,"[""C:\\Users\\Ethan\\CoreFiles\\ProjectsFile\\AcademicResearch-auto-workflow\\workspace\\references\\attachments\\金融市场的最大风险来自房地产.pdf""]",0,[]
3406,1,"[""C:\\Users\\Ethan\\CoreFiles\\ProjectsFile\\AcademicResearch-auto-workflow\\workspace\\references\\attachments\\成都房地产业经济波动的实证分析.pdf""]",0,[]
3407,1,"[""C:\\Users\\Ethan\\CoreFiles\\ProjectsFile\\AcademicResearch-auto-workflow\\workspace\\references\\attachments\\商品房价格波动对银行资产稳定性影响研究.pdf""]",0,[]
3408,1,"[""C:\\Users\\Ethan\\CoreFiles\\ProjectsFile\\AcademicResearch-auto-workflow\\workspace\\references\\attachments\\基于引力模型的区域房价相关性研究.pdf""]",0,[]
3409,1,"[""C:\\Users\\Ethan\\CoreFiles\\ProjectsFile\\AcademicResearch-auto-workflow\\workspace\\references\\attachments\\我国房地产投资信托基金系统性风险的转化机制及其预警.pdf""]",0,[]
3410,1,"[""C:\\Users\\Ethan\\CoreFiles\\ProjectsFile\\AcademicResearch-auto-workflow\\workspace\\references\\attachments\\影子银行业务、银行风险承担与系统性风险.pdf""]",0,[]
3411,0,[],0,[]
3412,1,"[""C:\\Users\\Ethan\\CoreFiles\\ProjectsFile\\AcademicResearch-auto-workflow\\workspace\\references\\attachments\\央行预期引导可以降低银行系统性金融风险吗_——基于市场解读偏离的视角.pdf""]",0,[]
3413,1,"[""C:\\Users\\Ethan\\CoreFiles\\ProjectsFile\\AcademicResearch-auto-workflow\\workspace\\references\\attachments\\转轨时期银行风险的生成机理与表现形式.pdf""]",0,[]
3414,1,"[""C:\\Users\\Ethan\\CoreFiles\\ProjectsFile\\AcademicResearch-auto-workflow\\workspace\\references\\attachments\\近七成银行家认为最主要风险来自房地产市场.pdf""]",0,[]
3415,1,"[""C:\\Users\\Ethan\\CoreFiles\\ProjectsFile\\AcademicResearch-auto-workflow\\workspace\\references\\attachments\\房地产价格波动对我国影子银行房地产信贷的关系研究.pdf""]",0,[]
3416,1,"[""C:\\Users\\Ethan\\CoreFiles\\ProjectsFile\\AcademicResearch-auto-workflow\\workspace\\references\\attachments\\金融科技、宏观审慎监管与我国银行系统性风险.pdf""]",0,[]
3417,1,"[""C:\\Users\\Ethan\\CoreFiles\\ProjectsFile\\AcademicResearch-auto-workflow\\workspace\\references\\attachments\\房地产价格波动的经济因素分析.pdf""]",0,[]
3418,1,"[""C:\\Users\\Ethan\\CoreFiles\\ProjectsFile\\AcademicResearch-auto-workflow\\workspace\\references\\attachments\\小额贷款公司影子银行特征探析.pdf""]",0,[]
3419,1,"[""C:\\Users\\Ethan\\CoreFiles\\ProjectsFile\\AcademicResearch-auto-workflow\\workspace\\references\\attachments\\基于宏观经济波动的CreditRisk+模型的重构及其在商业银行的应用.pdf""]",0,[]
3420,0,[],0,[]
3421,1,"[""C:\\Users\\Ethan\\CoreFiles\\ProjectsFile\\AcademicResearch-auto-workflow\\workspace\\references\\attachments\\银行间债务网络结构对风险传染的影响研究.pdf""]",0,[]
3422,1,"[""C:\\Users\\Ethan\\CoreFiles\\ProjectsFile\\AcademicResearch-auto-workflow\\workspace\\references\\attachments\\时空双重维度的中国影子银行系统性风险模型建构与测算.pdf""]",0,[]
3423,1,"[""C:\\Users\\Ethan\\CoreFiles\\ProjectsFile\\AcademicResearch-auto-workflow\\workspace\\references\\attachments\\树立新型经营观念  完善银行经营管理.pdf""]",0,[]
3424,1,"[""C:\\Users\\Ethan\\CoreFiles\\ProjectsFile\\AcademicResearch-auto-workflow\\workspace\\references\\attachments\\我国商业银行风险及其传导分析.pdf""]",0,[]
3425,1,"[""C:\\Users\\Ethan\\CoreFiles\\ProjectsFile\\AcademicResearch-auto-workflow\\workspace\\references\\attachments\\1998～2005年我国资产价格波动机制研究——以房地产价格与股票价格互动关系为例.pdf""]",0,[]
3426,1,"[""C:\\Users\\Ethan\\CoreFiles\\ProjectsFile\\AcademicResearch-auto-workflow\\workspace\\references\\attachments\\我国房地产经济周期波动影响因素分析.pdf""]",0,[]
3427,1,"[""C:\\Users\\Ethan\\CoreFiles\\ProjectsFile\\AcademicResearch-auto-workflow\\workspace\\references\\attachments\\银行助推房地产金融风险.pdf""]",0,[]
3428,1,"[""C:\\Users\\Ethan\\CoreFiles\\ProjectsFile\\AcademicResearch-auto-workflow\\workspace\\references\\attachments\\中国系统重要性银行风险防范和监管研究.pdf""]",0,[]
3429,1,"[""C:\\Users\\Ethan\\CoreFiles\\ProjectsFile\\AcademicResearch-auto-workflow\\workspace\\references\\attachments\\资产透明度、监管套利与银行系统性风险.pdf""]",0,[]
3430,1,"[""C:\\Users\\Ethan\\CoreFiles\\ProjectsFile\\AcademicResearch-auto-workflow\\workspace\\references\\attachments\\基于广义CoVaR模型的系统重要性银行的风险溢出效应研究.pdf""]",0,[]
3431,1,"[""C:\\Users\\Ethan\\CoreFiles\\ProjectsFile\\AcademicResearch-auto-workflow\\workspace\\references\\attachments\\我国房地产市场与股票市场波动关联性研究.pdf""]",0,[]
3432,1,"[""C:\\Users\\Ethan\\CoreFiles\\ProjectsFile\\AcademicResearch-auto-workflow\\workspace\\references\\attachments\\商业银行钢贸贷款问题反思与启示.pdf""]",0,[]
3433,1,"[""C:\\Users\\Ethan\\CoreFiles\\ProjectsFile\\AcademicResearch-auto-workflow\\workspace\\references\\attachments\\城市商品住宅市场波动及其调控对策研究.pdf""]",0,[]
3434,1,"[""C:\\Users\\Ethan\\CoreFiles\\ProjectsFile\\AcademicResearch-auto-workflow\\workspace\\references\\attachments\\基于MS-ARCH模型马尔可夫链蒙特卡罗模拟方法的我国房地产价格波动特征实证分析.pdf""]",0,[]
3435,1,"[""C:\\Users\\Ethan\\CoreFiles\\ProjectsFile\\AcademicResearch-auto-workflow\\workspace\\references\\attachments\\系统性风险法律监管新动向及对我国的启示.pdf""]",0,[]
3436,1,"[""C:\\Users\\Ethan\\CoreFiles\\ProjectsFile\\AcademicResearch-auto-workflow\\workspace\\references\\attachments\\宏观审慎政策对银行系统性风险的影响.pdf""]",0,[]
3437,1,"[""C:\\Users\\Ethan\\CoreFiles\\ProjectsFile\\AcademicResearch-auto-workflow\\workspace\\references\\attachments\\中国非线性审慎利率规则的实证研究.pdf""]",0,[]
3438,1,"[""C:\\Users\\Ethan\\CoreFiles\\ProjectsFile\\AcademicResearch-auto-workflow\\workspace\\references\\attachments\\宏观审慎视角下银行监管研究评述.pdf""]",0,[]
3439,1,"[""C:\\Users\\Ethan\\CoreFiles\\ProjectsFile\\AcademicResearch-auto-workflow\\workspace\\references\\attachments\\房地产价格及相关问题研究综述.pdf""]",0,[]
3440,1,"[""C:\\Users\\Ethan\\CoreFiles\\ProjectsFile\\AcademicResearch-auto-workflow\\workspace\\references\\attachments\\估值踩踏与系统性金融风险防控——基于前瞻性偿付能力风险传染模型的分析.pdf""]",0,[]
3441,0,[],0,[]
3442,1,"[""C:\\Users\\Ethan\\CoreFiles\\ProjectsFile\\AcademicResearch-auto-workflow\\workspace\\references\\attachments\\2700亿特别国债究竟要解决什么问题_.pdf""]",0,[]
3443,1,"[""C:\\Users\\Ethan\\CoreFiles\\ProjectsFile\\AcademicResearch-auto-workflow\\workspace\\references\\attachments\\我国房地产发展对金融业影响的研究.pdf""]",0,[]
3444,1,"[""C:\\Users\\Ethan\\CoreFiles\\ProjectsFile\\AcademicResearch-auto-workflow\\workspace\\references\\attachments\\国家审计化解系统性金融风险路径研究.pdf""]",0,[]
3445,0,[],0,[]
3446,1,"[""C:\\Users\\Ethan\\CoreFiles\\ProjectsFile\\AcademicResearch-auto-workflow\\workspace\\references\\attachments\\我国商业银行系统性金融风险财政溢出效应研究.pdf""]",0,[]
3447,1,"[""C:\\Users\\Ethan\\CoreFiles\\ProjectsFile\\AcademicResearch-auto-workflow\\workspace\\references\\attachments\\金融网络结构与风险传染理论述评.pdf""]",0,[]
3448,1,"[""C:\\Users\\Ethan\\CoreFiles\\ProjectsFile\\AcademicResearch-auto-workflow\\workspace\\references\\attachments\\我国商业银行的系统性风险度量及其股票投资组合的实证分析.pdf""]",0,[]
3449,1,"[""C:\\Users\\Ethan\\CoreFiles\\ProjectsFile\\AcademicResearch-auto-workflow\\workspace\\references\\attachments\\金融审计促进金融风险防控与经济稳健发展的研究现状及趋向.pdf""]",0,[]
3450,1,"[""C:\\Users\\Ethan\\CoreFiles\\ProjectsFile\\AcademicResearch-auto-workflow\\workspace\\references\\attachments\\商业银行信贷政策对房地产市场的影响.pdf""]",0,[]
3451,1,"[""C:\\Users\\Ethan\\CoreFiles\\ProjectsFile\\AcademicResearch-auto-workflow\\workspace\\references\\attachments\\宏观审慎政策：理论基础、有效性及其在国际资本流动管理中的应用.pdf""]",0,[]
3452,1,"[""C:\\Users\\Ethan\\CoreFiles\\ProjectsFile\\AcademicResearch-auto-workflow\\workspace\\references\\attachments\\银行竞争度对银行稳定性的影响——一个文献综述.pdf""]",0,[]
3453,1,"[""C:\\Users\\Ethan\\CoreFiles\\ProjectsFile\\AcademicResearch-auto-workflow\\workspace\\references\\attachments\\住房价格长期趋势与短期波动影响因素研究——基于全国35个大中城市的面板数据.pdf""]",0,[]
3454,1,"[""C:\\Users\\Ethan\\CoreFiles\\ProjectsFile\\AcademicResearch-auto-workflow\\workspace\\references\\attachments\\国际资本流动与我国房地产价格波动的相关性研究.pdf""]",0,[]
3455,1,"[""C:\\Users\\Ethan\\CoreFiles\\ProjectsFile\\AcademicResearch-auto-workflow\\workspace\\references\\attachments\\我国商业银行系统重要性度量与其影响因素研究.pdf""]",0,[]
3456,1,"[""C:\\Users\\Ethan\\CoreFiles\\ProjectsFile\\AcademicResearch-auto-workflow\\workspace\\references\\attachments\\我国房地产投资波动与经济周期的相关性.pdf""]",0,[]
3457,1,"[""C:\\Users\\Ethan\\CoreFiles\\ProjectsFile\\AcademicResearch-auto-workflow\\workspace\\references\\attachments\\金融政策对房地产发展的影响分析.pdf""]",0,[]
3458,1,"[""C:\\Users\\Ethan\\CoreFiles\\ProjectsFile\\AcademicResearch-auto-workflow\\workspace\\references\\attachments\\加强和完善我国金融监管的思考.pdf""]",0,[]
3459,1,"[""C:\\Users\\Ethan\\CoreFiles\\ProjectsFile\\AcademicResearch-auto-workflow\\workspace\\references\\attachments\\VaR方法在房地产收益波动性度量中的应用.pdf""]",0,[]
3460,1,"[""C:\\Users\\Ethan\\CoreFiles\\ProjectsFile\\AcademicResearch-auto-workflow\\workspace\\references\\attachments\\全力推进金融供给侧结构性改革.pdf""]",0,[]
3461,1,"[""C:\\Users\\Ethan\\CoreFiles\\ProjectsFile\\AcademicResearch-auto-workflow\\workspace\\references\\attachments\\银行在房地产和城投平台上存在风险.pdf""]",0,[]
3462,1,"[""C:\\Users\\Ethan\\CoreFiles\\ProjectsFile\\AcademicResearch-auto-workflow\\workspace\\references\\attachments\\房地产价格与宏观经济波动下的银行风险承担_主观偏好还是被动选择.pdf""]",0,[]
3463,1,"[""C:\\Users\\Ethan\\CoreFiles\\ProjectsFile\\AcademicResearch-auto-workflow\\workspace\\references\\attachments\\房地产价格波动对次贷危机影响的实证分析.pdf""]",0,[]
3464,1,"[""C:\\Users\\Ethan\\CoreFiles\\ProjectsFile\\AcademicResearch-auto-workflow\\workspace\\references\\attachments\\基于矩阵法的我国银行间市场系统性风险实证研究.pdf""]",0,[]
3465,1,"[""C:\\Users\\Ethan\\CoreFiles\\ProjectsFile\\AcademicResearch-auto-workflow\\workspace\\references\\attachments\\我国商业银行系统性风险的影响因素分析——基于新金融环境视角.pdf""]",0,[]
3466,1,"[""C:\\Users\\Ethan\\CoreFiles\\ProjectsFile\\AcademicResearch-auto-workflow\\workspace\\references\\attachments\\基于元胞自动机的影子银行风险传染效应模拟仿真分析.pdf""]",0,[]
3467,1,"[""C:\\Users\\Ethan\\CoreFiles\\ProjectsFile\\AcademicResearch-auto-workflow\\workspace\\references\\attachments\\基于粗糙集理论的我国房地产周期波动研究.pdf""]",0,[]
3468,1,"[""C:\\Users\\Ethan\\CoreFiles\\ProjectsFile\\AcademicResearch-auto-workflow\\workspace\\references\\attachments\\建立风险监测体系  维护辖区金融稳定.pdf""]",0,[]
3469,1,"[""C:\\Users\\Ethan\\CoreFiles\\ProjectsFile\\AcademicResearch-auto-workflow\\workspace\\references\\attachments\\房地产限购政策的效果及其可持续性——基于北京商品住宅市场量价波动关系的实证研究.pdf""]",0,[]
3470,1,"[""C:\\Users\\Ethan\\CoreFiles\\ProjectsFile\\AcademicResearch-auto-workflow\\workspace\\references\\attachments\\货币政策利率变动与房地产市场波动关系研究.pdf""]",0,[]
3471,1,"[""C:\\Users\\Ethan\\CoreFiles\\ProjectsFile\\AcademicResearch-auto-workflow\\workspace\\references\\attachments\\我国影子银行对系统性金融风险的影响：理论与实证分析.pdf""]",0,[]
3472,1,"[""C:\\Users\\Ethan\\CoreFiles\\ProjectsFile\\AcademicResearch-auto-workflow\\workspace\\references\\attachments\\合理调控避免大波动——专家学者纵论房地产价格.pdf""]",0,[]
3473,1,"[""C:\\Users\\Ethan\\CoreFiles\\ProjectsFile\\AcademicResearch-auto-workflow\\workspace\\references\\attachments\\银行信贷扩张与房地产泡沫_美国、日本及东亚各国和地区的教训.pdf""]",0,[]
3474,1,"[""C:\\Users\\Ethan\\CoreFiles\\ProjectsFile\\AcademicResearch-auto-workflow\\workspace\\references\\attachments\\资产价格波动周期与信贷关系的实证研究.pdf""]",0,[]
3475,1,"[""C:\\Users\\Ethan\\CoreFiles\\ProjectsFile\\AcademicResearch-auto-workflow\\workspace\\references\\attachments\\系统性金融风险来源及防范.pdf""]",0,[]
3476,1,"[""C:\\Users\\Ethan\\CoreFiles\\ProjectsFile\\AcademicResearch-auto-workflow\\workspace\\references\\attachments\\房地产价格波动对CPI影响的多视角分析.pdf""]",0,[]
3477,1,"[""C:\\Users\\Ethan\\CoreFiles\\ProjectsFile\\AcademicResearch-auto-workflow\\workspace\\references\\attachments\\房地产市场与银行业系统性风险.pdf""]",0,[]
3478,1,"[""C:\\Users\\Ethan\\CoreFiles\\ProjectsFile\\AcademicResearch-auto-workflow\\workspace\\references\\attachments\\关于我国中央银行履行宏观审慎监管职能的若干思考.pdf""]",0,[]
3479,1,"[""C:\\Users\\Ethan\\CoreFiles\\ProjectsFile\\AcademicResearch-auto-workflow\\workspace\\references\\attachments\\基于溢出指数下的我国金融系统风险溢出效应研究.pdf""]",0,[]
3480,1,"[""C:\\Users\\Ethan\\CoreFiles\\ProjectsFile\\AcademicResearch-auto-workflow\\workspace\\references\\attachments\\房地产市场价格波动影响因素实证分析——基于华东六省的面板模型.pdf""]",0,[]
3481,1,"[""C:\\Users\\Ethan\\CoreFiles\\ProjectsFile\\AcademicResearch-auto-workflow\\workspace\\references\\attachments\\中国房地产经济波动与金融风险防范分析.pdf""]",0,[]
3482,1,"[""C:\\Users\\Ethan\\CoreFiles\\ProjectsFile\\AcademicResearch-auto-workflow\\workspace\\references\\attachments\\影子银行监管国际实践及对中国的启示.pdf""]",0,[]
3483,1,"[""C:\\Users\\Ethan\\CoreFiles\\ProjectsFile\\AcademicResearch-auto-workflow\\workspace\\references\\attachments\\我国杠杆率监管对商业银行系统性风险的影响研究.pdf""]",0,[]
3484,1,"[""C:\\Users\\Ethan\\CoreFiles\\ProjectsFile\\AcademicResearch-auto-workflow\\workspace\\references\\attachments\\长沙市房地产周期波动研究.pdf""]",0,[]
3485,1,"[""C:\\Users\\Ethan\\CoreFiles\\ProjectsFile\\AcademicResearch-auto-workflow\\workspace\\references\\attachments\\房地产、商业银行与影子银行波动溢出测度——基于频域动力学的证据.pdf""]",0,[]
3486,0,[],0,[]
3487,1,"[""C:\\Users\\Ethan\\CoreFiles\\ProjectsFile\\AcademicResearch-auto-workflow\\workspace\\references\\attachments\\经济周期波动下资源型城市房地产价格影响研究.pdf""]",0,[]
3488,1,"[""C:\\Users\\Ethan\\CoreFiles\\ProjectsFile\\AcademicResearch-auto-workflow\\workspace\\references\\attachments\\基于频谱分析的中国主要金融机构连通性研究.pdf""]",0,[]
3489,1,"[""C:\\Users\\Ethan\\CoreFiles\\ProjectsFile\\AcademicResearch-auto-workflow\\workspace\\references\\attachments\\房地产虚拟资产特性研究报告.pdf""]",0,[]
3490,1,"[""C:\\Users\\Ethan\\CoreFiles\\ProjectsFile\\AcademicResearch-auto-workflow\\workspace\\references\\attachments\\银行系统性风险传染问题研究.pdf""]",0,[]
3491,1,"[""C:\\Users\\Ethan\\CoreFiles\\ProjectsFile\\AcademicResearch-auto-workflow\\workspace\\references\\attachments\\同业业务对银行风险承担的影响文献综述.pdf""]",0,[]
3492,1,"[""C:\\Users\\Ethan\\CoreFiles\\ProjectsFile\\AcademicResearch-auto-workflow\\workspace\\references\\attachments\\影子银行业务规模是否会增加银行系统性风险_——基于14家上市银行的实证分析.pdf""]",0,[]
3493,1,"[""C:\\Users\\Ethan\\CoreFiles\\ProjectsFile\\AcademicResearch-auto-workflow\\workspace\\references\\attachments\\房地产需求刺激政策下央行政策调控应对研究.pdf""]",0,[]
3494,1,"[""C:\\Users\\Ethan\\CoreFiles\\ProjectsFile\\AcademicResearch-auto-workflow\\workspace\\references\\attachments\\影子银行、房价波动对开发企业风险的影响.pdf""]",0,[]
3495,1,"[""C:\\Users\\Ethan\\CoreFiles\\ProjectsFile\\AcademicResearch-auto-workflow\\workspace\\references\\attachments\\金融业开放对房地产业影响几何_.pdf""]",0,[]
3496,1,"[""C:\\Users\\Ethan\\CoreFiles\\ProjectsFile\\AcademicResearch-auto-workflow\\workspace\\references\\attachments\\宏观审慎政策助推实体经济发展.pdf""]",0,[]
3497,1,"[""C:\\Users\\Ethan\\CoreFiles\\ProjectsFile\\AcademicResearch-auto-workflow\\workspace\\references\\attachments\\中国房地产限购政策的调控效果研究.pdf""]",0,[]
3498,0,[],0,[]
3499,1,"[""C:\\Users\\Ethan\\CoreFiles\\ProjectsFile\\AcademicResearch-auto-workflow\\workspace\\references\\attachments\\房价拉动地价,还是地价推高房价_——基于1998～2009年中国房地产市场数据的实证研究.pdf""]",0,[]
3500,1,"[""C:\\Users\\Ethan\\CoreFiles\\ProjectsFile\\AcademicResearch-auto-workflow\\workspace\\references\\attachments\\基于VAR模型下商品房价格与通货膨胀的相关性研究.pdf""]",0,[]
3501,1,"[""C:\\Users\\Ethan\\CoreFiles\\ProjectsFile\\AcademicResearch-auto-workflow\\workspace\\references\\attachments\\武汉市主城区房价的时空分异及影响因素研究.pdf""]",0,[]
3502,1,"[""C:\\Users\\Ethan\\CoreFiles\\ProjectsFile\\AcademicResearch-auto-workflow\\workspace\\references\\attachments\\张晓慧_新常态下的货币政策.pdf""]",0,[]
3503,1,"[""C:\\Users\\Ethan\\CoreFiles\\ProjectsFile\\AcademicResearch-auto-workflow\\workspace\\references\\attachments\\中国商业银行混业的风险分析.pdf""]",0,[]
3504,1,"[""C:\\Users\\Ethan\\CoreFiles\\ProjectsFile\\AcademicResearch-auto-workflow\\workspace\\references\\attachments\\银行同质化对系统性风险的影响效果.pdf""]",0,[]
3505,1,"[""C:\\Users\\Ethan\\CoreFiles\\ProjectsFile\\AcademicResearch-auto-workflow\\workspace\\references\\attachments\\浅析我国影子银行体系的发展现状及影响.pdf""]",0,[]
3506,1,"[""C:\\Users\\Ethan\\CoreFiles\\ProjectsFile\\AcademicResearch-auto-workflow\\workspace\\references\\attachments\\郑州市房地产价格波动与银行信贷关系的研究.pdf""]",0,[]
3507,1,"[""C:\\Users\\Ethan\\CoreFiles\\ProjectsFile\\AcademicResearch-auto-workflow\\workspace\\references\\attachments\\货币政策对房价影响效果的实证研究.pdf""]",0,[]
3508,1,"[""C:\\Users\\Ethan\\CoreFiles\\ProjectsFile\\AcademicResearch-auto-workflow\\workspace\\references\\attachments\\房地产宏观调控措施比较研究.pdf""]",0,[]
3509,0,[],0,[]
3510,1,"[""C:\\Users\\Ethan\\CoreFiles\\ProjectsFile\\AcademicResearch-auto-workflow\\workspace\\references\\attachments\\基于22家A股上市银行的银行体系系统性风险分析.pdf""]",0,[]
3511,1,"[""C:\\Users\\Ethan\\CoreFiles\\ProjectsFile\\AcademicResearch-auto-workflow\\workspace\\references\\attachments\\房地产市场的波动性研究.pdf""]",0,[]
3512,1,"[""C:\\Users\\Ethan\\CoreFiles\\ProjectsFile\\AcademicResearch-auto-workflow\\workspace\\references\\attachments\\资产证券化对我国银行业发展之金融效应分析.pdf""]",0,[]
3513,1,"[""C:\\Users\\Ethan\\CoreFiles\\ProjectsFile\\AcademicResearch-auto-workflow\\workspace\\references\\attachments\\从房地产金融风险看我国个人信用制度的建设.pdf""]",0,[]
3514,0,[],0,[]
3515,1,"[""C:\\Users\\Ethan\\CoreFiles\\ProjectsFile\\AcademicResearch-auto-workflow\\workspace\\references\\attachments\\银行资产负债表、金融系统性风险与双支柱调控框架.pdf""]",0,[]
3516,1,"[""C:\\Users\\Ethan\\CoreFiles\\ProjectsFile\\AcademicResearch-auto-workflow\\workspace\\references\\attachments\\利率与房地产价格波动的相关性研究.pdf""]",0,[]
3517,1,"[""C:\\Users\\Ethan\\CoreFiles\\ProjectsFile\\AcademicResearch-auto-workflow\\workspace\\references\\attachments\\房地产价格影响因素研究.pdf""]",0,[]
3518,1,"[""C:\\Users\\Ethan\\CoreFiles\\ProjectsFile\\AcademicResearch-auto-workflow\\workspace\\references\\attachments\\房地产价格与货币供应量的波动溢出效应.pdf""]",0,[]
3519,1,"[""C:\\Users\\Ethan\\CoreFiles\\ProjectsFile\\AcademicResearch-auto-workflow\\workspace\\references\\attachments\\我国房地产价格波动对居民消费的影响.pdf""]",0,[]
3520,1,"[""C:\\Users\\Ethan\\CoreFiles\\ProjectsFile\\AcademicResearch-auto-workflow\\workspace\\references\\attachments\\宏观审慎政策对房价的调控效应研究.pdf""]",0,[]
3521,0,[],0,[]
3522,1,"[""C:\\Users\\Ethan\\CoreFiles\\ProjectsFile\\AcademicResearch-auto-workflow\\workspace\\references\\attachments\\影子银行运行机理研究.pdf""]",0,[]
3523,1,"[""C:\\Users\\Ethan\\CoreFiles\\ProjectsFile\\AcademicResearch-auto-workflow\\workspace\\references\\attachments\\绿色金融、数字普惠金融对商业银行系统性风险的影响.pdf""]",0,[]
3524,1,"[""C:\\Users\\Ethan\\CoreFiles\\ProjectsFile\\AcademicResearch-auto-workflow\\workspace\\references\\attachments\\房地产市场波动与地方政府土地出让收入.pdf""]",0,[]
3525,1,"[""C:\\Users\\Ethan\\CoreFiles\\ProjectsFile\\AcademicResearch-auto-workflow\\workspace\\references\\attachments\\警惕银行业不良贷款成系统性金融风险的“管涌”.pdf""]",0,[]
3526,1,"[""C:\\Users\\Ethan\\CoreFiles\\ProjectsFile\\AcademicResearch-auto-workflow\\workspace\\references\\attachments\\2013年房地产将在冰点附近波动.pdf""]",0,[]
3527,1,"[""C:\\Users\\Ethan\\CoreFiles\\ProjectsFile\\AcademicResearch-auto-workflow\\workspace\\references\\attachments\\城市品质特征对房价影响的实证研究.pdf""]",0,[]
3528,1,"[""C:\\Users\\Ethan\\CoreFiles\\ProjectsFile\\AcademicResearch-auto-workflow\\workspace\\references\\attachments\\中国上市银行的系统性风险贡献测度及其影响因素——基于MES方法的实证分析.pdf""]",0,[]
3529,1,"[""C:\\Users\\Ethan\\CoreFiles\\ProjectsFile\\AcademicResearch-auto-workflow\\workspace\\references\\attachments\\金融资产公允价值变动、商业银行资本监管与系统性金融风险.pdf""]",0,[]
3530,1,"[""C:\\Users\\Ethan\\CoreFiles\\ProjectsFile\\AcademicResearch-auto-workflow\\workspace\\references\\attachments\\基于边际效应的银行个体系统性风险贡献测度研究.pdf""]",0,[]
3531,1,"[""C:\\Users\\Ethan\\CoreFiles\\ProjectsFile\\AcademicResearch-auto-workflow\\workspace\\references\\attachments\\基于经济周期的资产配置研究.pdf""]",0,[]
3532,1,"[""C:\\Users\\Ethan\\CoreFiles\\ProjectsFile\\AcademicResearch-auto-workflow\\workspace\\references\\attachments\\房地产_对商业银行金融风险的影响.pdf""]",0,[]
3533,1,"[""C:\\Users\\Ethan\\CoreFiles\\ProjectsFile\\AcademicResearch-auto-workflow\\workspace\\references\\attachments\\影子银行系统性风险对我国金融市场传染效应研究.pdf""]",0,[]
3534,1,"[""C:\\Users\\Ethan\\CoreFiles\\ProjectsFile\\AcademicResearch-auto-workflow\\workspace\\references\\attachments\\基于系统性风险防范视角的金融审计研究.pdf""]",0,[]
3535,1,"[""C:\\Users\\Ethan\\CoreFiles\\ProjectsFile\\AcademicResearch-auto-workflow\\workspace\\references\\attachments\\论银行法对我国房地产市场的调控和影响.pdf""]",0,[]
3536,0,[],0,[]
3537,1,"[""C:\\Users\\Ethan\\CoreFiles\\ProjectsFile\\AcademicResearch-auto-workflow\\workspace\\references\\attachments\\利率市场化对中国当前房地产行业的影响.pdf""]",0,[]
3538,1,"[""C:\\Users\\Ethan\\CoreFiles\\ProjectsFile\\AcademicResearch-auto-workflow\\workspace\\references\\attachments\\P2P网络借贷机构的系统重要性研究.pdf""]",0,[]
3539,1,"[""C:\\Users\\Ethan\\CoreFiles\\ProjectsFile\\AcademicResearch-auto-workflow\\workspace\\references\\attachments\\基于SVM-SRISK模型的银行业系统性风险度量研究.pdf""]",0,[]
3540,1,"[""C:\\Users\\Ethan\\CoreFiles\\ProjectsFile\\AcademicResearch-auto-workflow\\workspace\\references\\attachments\\包商银行被接管事件对我国银行业的影响及展望.pdf""]",0,[]
3541,0,[],0,[]
3542,1,"[""C:\\Users\\Ethan\\CoreFiles\\ProjectsFile\\AcademicResearch-auto-workflow\\workspace\\references\\attachments\\杠杆对房地产价格波动的影响——基于SVAR模型的实证分析.pdf""]",0,[]
3543,1,"[""C:\\Users\\Ethan\\CoreFiles\\ProjectsFile\\AcademicResearch-auto-workflow\\workspace\\references\\attachments\\我国房地产价格波动对金融稳定影响的动态研究.pdf""]",0,[]
3544,1,"[""C:\\Users\\Ethan\\CoreFiles\\ProjectsFile\\AcademicResearch-auto-workflow\\workspace\\references\\attachments\\货币冲击、房地产收益波动与最优货币政策选择.pdf""]",0,[]
3545,1,"[""C:\\Users\\Ethan\\CoreFiles\\ProjectsFile\\AcademicResearch-auto-workflow\\workspace\\references\\attachments\\在加大开放深化改革中降低系统性金融风险.pdf""]",0,[]
3546,1,"[""C:\\Users\\Ethan\\CoreFiles\\ProjectsFile\\AcademicResearch-auto-workflow\\workspace\\references\\attachments\\中国房地产市场和股市波动关系的计量经济分析.pdf""]",0,[]
3547,1,"[""C:\\Users\\Ethan\\CoreFiles\\ProjectsFile\\AcademicResearch-auto-workflow\\workspace\\references\\attachments\\以实体创新化解五大风险  助推经济社会高质量发展.pdf""]",0,[]
3548,1,"[""C:\\Users\\Ethan\\CoreFiles\\ProjectsFile\\AcademicResearch-auto-workflow\\workspace\\references\\attachments\\房地产价格波动对宏观经济的影响——以安徽省为例.pdf""]",0,[]
3549,1,"[""C:\\Users\\Ethan\\CoreFiles\\ProjectsFile\\AcademicResearch-auto-workflow\\workspace\\references\\attachments\\我国商业银行系统性高阶矩风险测度研究——基于CCA拓展模型的分析.pdf""]",0,[]
3550,1,"[""C:\\Users\\Ethan\\CoreFiles\\ProjectsFile\\AcademicResearch-auto-workflow\\workspace\\references\\attachments\\银行ESG表现对银行系统性风险的影响.pdf""]",0,[]
3551,1,"[""C:\\Users\\Ethan\\CoreFiles\\ProjectsFile\\AcademicResearch-auto-workflow\\workspace\\references\\attachments\\房地产价格波动与我国货币政策目标制的选择——基于IS-Philips模型的分析.pdf""]",0,[]
3552,1,"[""C:\\Users\\Ethan\\CoreFiles\\ProjectsFile\\AcademicResearch-auto-workflow\\workspace\\references\\attachments\\城市房地产市场波动和预警系统研究.pdf""]",0,[]
3553,1,"[""C:\\Users\\Ethan\\CoreFiles\\ProjectsFile\\AcademicResearch-auto-workflow\\workspace\\references\\attachments\\我国系统重要性银行全面风险管理体系研究.pdf""]",0,[]
3554,0,[],0,[]
3555,1,"[""C:\\Users\\Ethan\\CoreFiles\\ProjectsFile\\AcademicResearch-auto-workflow\\workspace\\references\\attachments\\基于资本资产定价模型的银行系统性风险研究.pdf""]",0,[]
3556,1,"[""C:\\Users\\Ethan\\CoreFiles\\ProjectsFile\\AcademicResearch-auto-workflow\\workspace\\references\\attachments\\微观层面系统性金融风险指标的比较与适用性分析——基于中国金融系统的研究.pdf""]",0,[]
3557,1,"[""C:\\Users\\Ethan\\CoreFiles\\ProjectsFile\\AcademicResearch-auto-workflow\\workspace\\references\\attachments\\房地产信贷及价格波动对中国经济增长影响的实证研究.pdf""]",0,[]
3558,1,"[""C:\\Users\\Ethan\\CoreFiles\\ProjectsFile\\AcademicResearch-auto-workflow\\workspace\\references\\attachments\\积极防范影子银行宏观金融风险研究.pdf""]",0,[]
3559,1,"[""C:\\Users\\Ethan\\CoreFiles\\ProjectsFile\\AcademicResearch-auto-workflow\\workspace\\references\\attachments\\系统重要性、审慎工具与我国银行业监管.pdf""]",0,[]
3560,1,"[""C:\\Users\\Ethan\\CoreFiles\\ProjectsFile\\AcademicResearch-auto-workflow\\workspace\\references\\attachments\\西方银行信用风险监测实践与借鉴.pdf""]",0,[]
3561,1,"[""C:\\Users\\Ethan\\CoreFiles\\ProjectsFile\\AcademicResearch-auto-workflow\\workspace\\references\\attachments\\河北省房地产市场供求关系与房价波动研究.pdf""]",0,[]
3562,1,"[""C:\\Users\\Ethan\\CoreFiles\\ProjectsFile\\AcademicResearch-auto-workflow\\workspace\\references\\attachments\\我国房地产业对银行业系统性风险的溢出效应测度：基于行业和企业层面视角.pdf""]",0,[]
3563,1,"[""C:\\Users\\Ethan\\CoreFiles\\ProjectsFile\\AcademicResearch-auto-workflow\\workspace\\references\\attachments\\中国系统性银行风险的生成机理与表现形式.pdf""]",0,[]
3564,1,"[""C:\\Users\\Ethan\\CoreFiles\\ProjectsFile\\AcademicResearch-auto-workflow\\workspace\\references\\attachments\\商业银行系统性市场风险的防范.pdf""]",0,[]
3565,1,"[""C:\\Users\\Ethan\\CoreFiles\\ProjectsFile\\AcademicResearch-auto-workflow\\workspace\\references\\attachments\\应收款项类投资加大中资银行系统性风险.pdf""]",0,[]
3566,1,"[""C:\\Users\\Ethan\\CoreFiles\\ProjectsFile\\AcademicResearch-auto-workflow\\workspace\\references\\attachments\\国际游资与中国房地产价格波动.pdf""]",0,[]
3567,1,"[""C:\\Users\\Ethan\\CoreFiles\\ProjectsFile\\AcademicResearch-auto-workflow\\workspace\\references\\attachments\\财务分析在授信审计中的运用.pdf""]",0,[]
3568,1,"[""C:\\Users\\Ethan\\CoreFiles\\ProjectsFile\\AcademicResearch-auto-workflow\\workspace\\references\\attachments\\基于Copula-CoVaR模型的我国商业银行系统性风险溢出效应研究.pdf""]",0,[]
3569,1,"[""C:\\Users\\Ethan\\CoreFiles\\ProjectsFile\\AcademicResearch-auto-workflow\\workspace\\references\\attachments\\房地产市场金融风险分析.pdf""]",0,[]
3570,1,"[""C:\\Users\\Ethan\\CoreFiles\\ProjectsFile\\AcademicResearch-auto-workflow\\workspace\\references\\attachments\\地方法人银行违约风险及其对系统性风险影响的研究.pdf""]",0,[]
3571,1,"[""C:\\Users\\Ethan\\CoreFiles\\ProjectsFile\\AcademicResearch-auto-workflow\\workspace\\references\\attachments\\我国中小城市的房价波动与房地产信贷关系研究——基于钦州市的实证分析.pdf""]",0,[]
3572,1,"[""C:\\Users\\Ethan\\CoreFiles\\ProjectsFile\\AcademicResearch-auto-workflow\\workspace\\references\\attachments\\商业银行生前遗嘱法律制度研究.pdf""]",0,[]
3573,1,"[""C:\\Users\\Ethan\\CoreFiles\\ProjectsFile\\AcademicResearch-auto-workflow\\workspace\\references\\attachments\\结构性货币政策对银行信贷风险的影响.pdf""]",0,[]
3574,1,"[""C:\\Users\\Ethan\\CoreFiles\\ProjectsFile\\AcademicResearch-auto-workflow\\workspace\\references\\attachments\\房价冲击与系统性金融风险的测度和预警.pdf""]",0,[]
3575,1,"[""C:\\Users\\Ethan\\CoreFiles\\ProjectsFile\\AcademicResearch-auto-workflow\\workspace\\references\\attachments\\中国房地产价格波动对通货膨胀影响的研究.pdf""]",0,[]
3576,1,"[""C:\\Users\\Ethan\\CoreFiles\\ProjectsFile\\AcademicResearch-auto-workflow\\workspace\\references\\attachments\\现代中央银行政策_理论、挑战与重构.pdf""]",0,[]
3577,1,"[""C:\\Users\\Ethan\\CoreFiles\\ProjectsFile\\AcademicResearch-auto-workflow\\workspace\\references\\attachments\\行业变革下理财子公司的机遇和挑战.pdf""]",0,[]
3578,1,"[""C:\\Users\\Ethan\\CoreFiles\\ProjectsFile\\AcademicResearch-auto-workflow\\workspace\\references\\attachments\\基于滤波分解方法的信贷缺口系统性银行危机预警模型优化.pdf""]",0,[]
3579,1,"[""C:\\Users\\Ethan\\CoreFiles\\ProjectsFile\\AcademicResearch-auto-workflow\\workspace\\references\\attachments\\贷款市场报价利率对房地产价格波动的影响研究.pdf""]",0,[]
3580,1,"[""C:\\Users\\Ethan\\CoreFiles\\ProjectsFile\\AcademicResearch-auto-workflow\\workspace\\references\\attachments\\我国房地产企业财务风险探究.pdf""]",0,[]
3581,1,"[""C:\\Users\\Ethan\\CoreFiles\\ProjectsFile\\AcademicResearch-auto-workflow\\workspace\\references\\attachments\\论人民银行维护金融稳定的职能.pdf""]",0,[]
3582,0,[],0,[]
3583,1,"[""C:\\Users\\Ethan\\CoreFiles\\ProjectsFile\\AcademicResearch-auto-workflow\\workspace\\references\\attachments\\周期性波动：房地产必经的洗礼.pdf""]",0,[]
3584,1,"[""C:\\Users\\Ethan\\CoreFiles\\ProjectsFile\\AcademicResearch-auto-workflow\\workspace\\references\\attachments\\浅析银行业系统性风险的识别与防范.pdf""]",0,[]
3585,1,"[""C:\\Users\\Ethan\\CoreFiles\\ProjectsFile\\AcademicResearch-auto-workflow\\workspace\\references\\attachments\\基于PSO-SVM-SRISK的我国非上市银行系统性风险度量方案研究.pdf""]",0,[]
3586,1,"[""C:\\Users\\Ethan\\CoreFiles\\ProjectsFile\\AcademicResearch-auto-workflow\\workspace\\references\\attachments\\我国上市商业银行系统性风险测度.pdf""]",0,[]
3587,1,"[""C:\\Users\\Ethan\\CoreFiles\\ProjectsFile\\AcademicResearch-auto-workflow\\workspace\\references\\attachments\\银行系统性风险测度及其影响因素.pdf""]",0,[]
3588,1,"[""C:\\Users\\Ethan\\CoreFiles\\ProjectsFile\\AcademicResearch-auto-workflow\\workspace\\references\\attachments\\数字金融对银行系统性风险的影响研究.pdf""]",0,[]
3589,1,"[""C:\\Users\\Ethan\\CoreFiles\\ProjectsFile\\AcademicResearch-auto-workflow\\workspace\\references\\attachments\\信用风险转移与中国商业银行的系统性风险.pdf""]",0,[]
3590,1,"[""C:\\Users\\Ethan\\CoreFiles\\ProjectsFile\\AcademicResearch-auto-workflow\\workspace\\references\\attachments\\气候政策不确定性与银行系统性风险.pdf""]",0,[]
3591,1,"[""C:\\Users\\Ethan\\CoreFiles\\ProjectsFile\\AcademicResearch-auto-workflow\\workspace\\references\\attachments\\地产风云对银行影响几分？.pdf""]",0,[]
3592,1,"[""C:\\Users\\Ethan\\CoreFiles\\ProjectsFile\\AcademicResearch-auto-workflow\\workspace\\references\\attachments\\人民币汇率与中国房地产价格波动的动态关联研究.pdf""]",0,[]
3593,1,"[""C:\\Users\\Ethan\\CoreFiles\\ProjectsFile\\AcademicResearch-auto-workflow\\workspace\\references\\attachments\\河北省房地产价格波动影响因素的实证分析.pdf""]",0,[]
3594,1,"[""C:\\Users\\Ethan\\CoreFiles\\ProjectsFile\\AcademicResearch-auto-workflow\\workspace\\references\\attachments\\美国房地产价格影响因素研究及启示.pdf""]",0,[]
3595,1,"[""C:\\Users\\Ethan\\CoreFiles\\ProjectsFile\\AcademicResearch-auto-workflow\\workspace\\references\\attachments\\中国货币政策对房地产价格波动的影响.pdf""]",0,[]
3596,1,"[""C:\\Users\\Ethan\\CoreFiles\\ProjectsFile\\AcademicResearch-auto-workflow\\workspace\\references\\attachments\\银行集中度与银行系统性风险——基于动态面板数据模型的实证分析.pdf""]",0,[]
3597,1,"[""C:\\Users\\Ethan\\CoreFiles\\ProjectsFile\\AcademicResearch-auto-workflow\\workspace\\references\\attachments\\影子银行、系统性风险与监管政策研究——基于纳入表外业务扩展后的CCA模型.pdf""]",0,[]
3598,1,"[""C:\\Users\\Ethan\\CoreFiles\\ProjectsFile\\AcademicResearch-auto-workflow\\workspace\\references\\attachments\\网络舆情测度及其对银行业系统性风险的影响研究.pdf""]",0,[]
3599,0,[],0,[]
3600,1,"[""C:\\Users\\Ethan\\CoreFiles\\ProjectsFile\\AcademicResearch-auto-workflow\\workspace\\references\\attachments\\房地产政策不确定性对商业银行风险承担的影响研究.pdf""]",0,[]
3601,1,"[""C:\\Users\\Ethan\\CoreFiles\\ProjectsFile\\AcademicResearch-auto-workflow\\workspace\\references\\attachments\\商业银行贷款集中度对系统性风险影响的实证研究.pdf""]",0,[]
3602,1,"[""C:\\Users\\Ethan\\CoreFiles\\ProjectsFile\\AcademicResearch-auto-workflow\\workspace\\references\\attachments\\中国银行业系统性风险防范研究.pdf""]",0,[]
3603,1,"[""C:\\Users\\Ethan\\CoreFiles\\ProjectsFile\\AcademicResearch-auto-workflow\\workspace\\references\\attachments\\风险传染、银行间市场骤冷及防范化解政策——基于金融网络模型视角.pdf""]",0,[]
3604,1,"[""C:\\Users\\Ethan\\CoreFiles\\ProjectsFile\\AcademicResearch-auto-workflow\\workspace\\references\\attachments\\基于银行间拆借及持有共同资产网络下的银行系统性风险研究.pdf""]",0,[]
3605,0,[],0,[]
3606,1,"[""C:\\Users\\Ethan\\CoreFiles\\ProjectsFile\\AcademicResearch-auto-workflow\\workspace\\references\\attachments\\风险自留对商业银行的风险效应.pdf""]",0,[]
3607,1,"[""C:\\Users\\Ethan\\CoreFiles\\ProjectsFile\\AcademicResearch-auto-workflow\\workspace\\references\\attachments\\家庭债务、房地产价格渠道与中国经济波动.pdf""]",0,[]
3608,1,"[""C:\\Users\\Ethan\\CoreFiles\\ProjectsFile\\AcademicResearch-auto-workflow\\workspace\\references\\attachments\\我国房地产信贷与银行稳定性关系研究.pdf""]",0,[]
3609,1,"[""C:\\Users\\Ethan\\CoreFiles\\ProjectsFile\\AcademicResearch-auto-workflow\\workspace\\references\\attachments\\地方政府债务是否会影响银行系统性风险——基于土地财政、僵尸贷款及期限错配渠道.pdf""]",0,[]
3610,1,"[""C:\\Users\\Ethan\\CoreFiles\\ProjectsFile\\AcademicResearch-auto-workflow\\workspace\\references\\attachments\\收入、房地产、医疗对消费影响的实证研究——基于中国城镇收入等级分组数据.pdf""]",0,[]
3611,1,"[""C:\\Users\\Ethan\\CoreFiles\\ProjectsFile\\AcademicResearch-auto-workflow\\workspace\\references\\attachments\\房地产价格波动的储蓄效应研究_1997—2008——基于省际面板数据的实证检验.pdf""]",0,[]
3612,1,"[""C:\\Users\\Ethan\\CoreFiles\\ProjectsFile\\AcademicResearch-auto-workflow\\workspace\\references\\attachments\\基于网络表征学习的系统性金融风险研究.pdf""]",0,[]
3613,1,"[""C:\\Users\\Ethan\\CoreFiles\\ProjectsFile\\AcademicResearch-auto-workflow\\workspace\\references\\attachments\\基于VAR模型下的M_sub_2__sub_增量变化与房地产价格波幅关系的实证研究.pdf""]",0,[]
3614,1,"[""C:\\Users\\Ethan\\CoreFiles\\ProjectsFile\\AcademicResearch-auto-workflow\\workspace\\references\\attachments\\银行系统性风险研究.pdf""]",0,[]
3615,1,"[""C:\\Users\\Ethan\\CoreFiles\\ProjectsFile\\AcademicResearch-auto-workflow\\workspace\\references\\attachments\\防控中国系统性金融风险.pdf""]",0,[]
3616,1,"[""C:\\Users\\Ethan\\CoreFiles\\ProjectsFile\\AcademicResearch-auto-workflow\\workspace\\references\\attachments\\限购、股价波动与信用风险——基于房地产上市公司的实证研究.pdf""]",0,[]
3617,1,"[""C:\\Users\\Ethan\\CoreFiles\\ProjectsFile\\AcademicResearch-auto-workflow\\workspace\\references\\attachments\\模型不确定下我国商业银行系统性风险影响因素分析.pdf""]",0,[]
3618,1,"[""C:\\Users\\Ethan\\CoreFiles\\ProjectsFile\\AcademicResearch-auto-workflow\\workspace\\references\\attachments\\银行信贷业务中房地产抵押物的风险分析及防范建议.pdf""]",0,[]
3619,1,"[""C:\\Users\\Ethan\\CoreFiles\\ProjectsFile\\AcademicResearch-auto-workflow\\workspace\\references\\attachments\\中国城市住宅价格空间关联的网络结构特征实证研究.pdf""]",0,[]
3620,1,"[""C:\\Users\\Ethan\\CoreFiles\\ProjectsFile\\AcademicResearch-auto-workflow\\workspace\\references\\attachments\\浅析银行业如何应对房地产政策风险.pdf""]",0,[]
3621,1,"[""C:\\Users\\Ethan\\CoreFiles\\ProjectsFile\\AcademicResearch-auto-workflow\\workspace\\references\\attachments\\“谁会是下一家”.pdf""]",0,[]
3622,0,[],0,[]
3623,1,"[""C:\\Users\\Ethan\\CoreFiles\\ProjectsFile\\AcademicResearch-auto-workflow\\workspace\\references\\attachments\\房地产-银行企业间系统性风险溢出效应研究.pdf""]",0,[]
3624,1,"[""C:\\Users\\Ethan\\CoreFiles\\ProjectsFile\\AcademicResearch-auto-workflow\\workspace\\references\\attachments\\房地产信贷对房价影响的实证研究.pdf""]",0,[]
3625,1,"[""C:\\Users\\Ethan\\CoreFiles\\ProjectsFile\\AcademicResearch-auto-workflow\\workspace\\references\\attachments\\市场风险冲击下的中国银行网络系统性风险研究.pdf""]",0,[]
3626,1,"[""C:\\Users\\Ethan\\CoreFiles\\ProjectsFile\\AcademicResearch-auto-workflow\\workspace\\references\\attachments\\商业银行同业流动性创造对系统性风险的影响研究.pdf""]",0,[]
3627,1,"[""C:\\Users\\Ethan\\CoreFiles\\ProjectsFile\\AcademicResearch-auto-workflow\\workspace\\references\\attachments\\商业银行系统性风险的理论分析和度量方法综述.pdf""]",0,[]
3628,1,"[""C:\\Users\\Ethan\\CoreFiles\\ProjectsFile\\AcademicResearch-auto-workflow\\workspace\\references\\attachments\\中国民生银行房地产信贷业务风险防范与对策研究.pdf""]",0,[]
3629,1,"[""C:\\Users\\Ethan\\CoreFiles\\ProjectsFile\\AcademicResearch-auto-workflow\\workspace\\references\\attachments\\房价失调、房价惯性与货币政策非线性反应——基于双变量区制转移模型的实证研究.pdf""]",0,[]
3630,0,[],0,[]
3631,1,"[""C:\\Users\\Ethan\\CoreFiles\\ProjectsFile\\AcademicResearch-auto-workflow\\workspace\\references\\attachments\\数字金融发展、影子银行消弭与系统性风险防范.pdf""]",0,[]
3632,1,"[""C:\\Users\\Ethan\\CoreFiles\\ProjectsFile\\AcademicResearch-auto-workflow\\workspace\\references\\attachments\\基于市场数据的系统性金融风险度量研究.pdf""]",0,[]
3633,1,"[""C:\\Users\\Ethan\\CoreFiles\\ProjectsFile\\AcademicResearch-auto-workflow\\workspace\\references\\attachments\\“双支柱”调控框架与影子银行风险溢出：抑制缓释还是累积加剧.pdf""]",0,[]
3634,1,"[""C:\\Users\\Ethan\\CoreFiles\\ProjectsFile\\AcademicResearch-auto-workflow\\workspace\\references\\attachments\\利率市场化对我国商业银行的挑战及应对策略.pdf""]",0,[]
3635,1,"[""C:\\Users\\Ethan\\CoreFiles\\ProjectsFile\\AcademicResearch-auto-workflow\\workspace\\references\\attachments\\房地产的宏观风险.pdf""]",0,[]
3636,0,[],0,[]
3637,1,"[""C:\\Users\\Ethan\\CoreFiles\\ProjectsFile\\AcademicResearch-auto-workflow\\workspace\\references\\attachments\\宏观审慎工具与系统性金融风险研究.pdf""]",0,[]
3638,1,"[""C:\\Users\\Ethan\\CoreFiles\\ProjectsFile\\AcademicResearch-auto-workflow\\workspace\\references\\attachments\\新冠疫情背景下我国上市银行系统性风险度量研究.pdf""]",0,[]
3639,1,"[""C:\\Users\\Ethan\\CoreFiles\\ProjectsFile\\AcademicResearch-auto-workflow\\workspace\\references\\attachments\\杠杆率对商业银行系统性风险的影响研究.pdf""]",0,[]
3640,1,"[""C:\\Users\\Ethan\\CoreFiles\\ProjectsFile\\AcademicResearch-auto-workflow\\workspace\\references\\attachments\\中国银行业系统性风险的“社会性消化”机制研究.pdf""]",0,[]
3641,0,[],0,[]
3642,1,"[""C:\\Users\\Ethan\\CoreFiles\\ProjectsFile\\AcademicResearch-auto-workflow\\workspace\\references\\attachments\\后危机时代美国监管制度调整对中国银行业的影响.pdf""]",0,[]
3643,1,"[""C:\\Users\\Ethan\\CoreFiles\\ProjectsFile\\AcademicResearch-auto-workflow\\workspace\\references\\attachments\\房地产价格波动与银行稳定研究.pdf""]",0,[]
3644,0,[],0,[]
3645,1,"[""C:\\Users\\Ethan\\CoreFiles\\ProjectsFile\\AcademicResearch-auto-workflow\\workspace\\references\\attachments\\房地产经济波动与金融风险防范.pdf""]",0,[]
3646,1,"[""C:\\Users\\Ethan\\CoreFiles\\ProjectsFile\\AcademicResearch-auto-workflow\\workspace\\references\\attachments\\银行间网络模型与系统风险的分布式预警策略.pdf""]",0,[]
3647,1,"[""C:\\Users\\Ethan\\CoreFiles\\ProjectsFile\\AcademicResearch-auto-workflow\\workspace\\references\\attachments\\我国房地产金融发展及其风险问题分析.pdf""]",0,[]
3648,1,"[""C:\\Users\\Ethan\\CoreFiles\\ProjectsFile\\AcademicResearch-auto-workflow\\workspace\\references\\attachments\\我国商业银行系统性风险处置研究——基于银行间市场网络模型.pdf""]",0,[]
3649,1,"[""C:\\Users\\Ethan\\CoreFiles\\ProjectsFile\\AcademicResearch-auto-workflow\\workspace\\references\\attachments\\结构性去杠杆与中国房地产金融业波动溢出风险：促进还是抑制_.pdf""]",0,[]
3650,1,"[""C:\\Users\\Ethan\\CoreFiles\\ProjectsFile\\AcademicResearch-auto-workflow\\workspace\\references\\attachments\\双重效应下房价上涨对我国居民消费影响的实证研究.pdf""]",0,[]
3651,1,"[""C:\\Users\\Ethan\\CoreFiles\\ProjectsFile\\AcademicResearch-auto-workflow\\workspace\\references\\attachments\\相关性视域下疫情对银行业系统性风险影响研究.pdf""]",0,[]
3652,1,"[""C:\\Users\\Ethan\\CoreFiles\\ProjectsFile\\AcademicResearch-auto-workflow\\workspace\\references\\attachments\\如何认识房地产市场的波动.pdf""]",0,[]
3653,1,"[""C:\\Users\\Ethan\\CoreFiles\\ProjectsFile\\AcademicResearch-auto-workflow\\workspace\\references\\attachments\\基于DSGE模型的房地产价格与宏观经济波动的研究.pdf""]",0,[]
3654,1,"[""C:\\Users\\Ethan\\CoreFiles\\ProjectsFile\\AcademicResearch-auto-workflow\\workspace\\references\\attachments\\复杂网络视角下银行系统性风险传染研究.pdf""]",0,[]
3655,1,"[""C:\\Users\\Ethan\\CoreFiles\\ProjectsFile\\AcademicResearch-auto-workflow\\workspace\\references\\attachments\\预期冲击、房地产部门波动与货币政策.pdf""]",0,[]
3656,1,"[""C:\\Users\\Ethan\\CoreFiles\\ProjectsFile\\AcademicResearch-auto-workflow\\workspace\\references\\attachments\\近代上海房地产市场波动的金融分析(1929～1935).pdf""]",0,[]
3657,1,"[""C:\\Users\\Ethan\\CoreFiles\\ProjectsFile\\AcademicResearch-auto-workflow\\workspace\\references\\attachments\\房地产业与宏观经济风险分析.pdf""]",0,[]
3658,1,"[""C:\\Users\\Ethan\\CoreFiles\\ProjectsFile\\AcademicResearch-auto-workflow\\workspace\\references\\attachments\\基于HIW数据整合方法的我国银行系统性风险度量研究.pdf""]",0,[]
3659,1,"[""C:\\Users\\Ethan\\CoreFiles\\ProjectsFile\\AcademicResearch-auto-workflow\\workspace\\references\\attachments\\银行系统性风险生成机制和传染效应研究.pdf""]",0,[]
3660,1,"[""C:\\Users\\Ethan\\CoreFiles\\ProjectsFile\\AcademicResearch-auto-workflow\\workspace\\references\\attachments\\基于CoVaR模型的上市商业银行系统性风险溢出研究.pdf""]",0,[]
3661,1,"[""C:\\Users\\Ethan\\CoreFiles\\ProjectsFile\\AcademicResearch-auto-workflow\\workspace\\references\\attachments\\房地产市场会压垮中国吗——房地产市场、货币市场波动和经济波动动态关系研究.pdf""]",0,[]
3662,1,"[""C:\\Users\\Ethan\\CoreFiles\\ProjectsFile\\AcademicResearch-auto-workflow\\workspace\\references\\attachments\\金融科技对商业银行风险的影响研究.pdf""]",0,[]
3663,1,"[""C:\\Users\\Ethan\\CoreFiles\\ProjectsFile\\AcademicResearch-auto-workflow\\workspace\\references\\attachments\\基于VAR模型的我国商业银行贷款规模与房地产价格关系实证研究.pdf""]",0,[]
3664,1,"[""C:\\Users\\Ethan\\CoreFiles\\ProjectsFile\\AcademicResearch-auto-workflow\\workspace\\references\\attachments\\房地产周期的聚类分析.pdf""]",0,[]
3665,1,"[""C:\\Users\\Ethan\\CoreFiles\\ProjectsFile\\AcademicResearch-auto-workflow\\workspace\\references\\attachments\\创新集聚对城市房价影响的实证研究.pdf""]",0,[]
3666,1,"[""C:\\Users\\Ethan\\CoreFiles\\ProjectsFile\\AcademicResearch-auto-workflow\\workspace\\references\\attachments\\金融审计理念的新探讨——从国家治理的角度认识金融审计.pdf""]",0,[]
3667,1,"[""C:\\Users\\Ethan\\CoreFiles\\ProjectsFile\\AcademicResearch-auto-workflow\\workspace\\references\\attachments\\住房制度渐进改革、房地产价格波动与居民财产性收入分配.pdf""]",0,[]
3668,0,[],0,[]
3669,1,"[""C:\\Users\\Ethan\\CoreFiles\\ProjectsFile\\AcademicResearch-auto-workflow\\workspace\\references\\attachments\\危机理论在银行经营管理中的运用.pdf""]",0,[]
3670,1,"[""C:\\Users\\Ethan\\CoreFiles\\ProjectsFile\\AcademicResearch-auto-workflow\\workspace\\references\\attachments\\我国金融机构极端风险网络及系统重要性研究.pdf""]",0,[]
3671,1,"[""C:\\Users\\Ethan\\CoreFiles\\ProjectsFile\\AcademicResearch-auto-workflow\\workspace\\references\\attachments\\金融稳定政策对河南房地产周期波动的实证研究.pdf""]",0,[]
3672,1,"[""C:\\Users\\Ethan\\CoreFiles\\ProjectsFile\\AcademicResearch-auto-workflow\\workspace\\references\\attachments\\我国房价波动对系统性金融风险的影响及对策研究.pdf""]",0,[]
3673,1,"[""C:\\Users\\Ethan\\CoreFiles\\ProjectsFile\\AcademicResearch-auto-workflow\\workspace\\references\\attachments\\《资管新规》之评析_一个安全与效益博弈的视角.pdf""]",0,[]
3674,1,"[""C:\\Users\\Ethan\\CoreFiles\\ProjectsFile\\AcademicResearch-auto-workflow\\workspace\\references\\attachments\\信贷扩张、房地产价格波动与银行稳定_理论及其经验分析.pdf""]",0,[]
3675,1,"[""C:\\Users\\Ethan\\CoreFiles\\ProjectsFile\\AcademicResearch-auto-workflow\\workspace\\references\\attachments\\突发重大事件下经济政策不确定性对银行业风险影响研究.pdf""]",0,[]
3676,1,"[""C:\\Users\\Ethan\\CoreFiles\\ProjectsFile\\AcademicResearch-auto-workflow\\workspace\\references\\attachments\\我国房地产宏观金融风险研究.pdf""]",0,[]
3677,1,"[""C:\\Users\\Ethan\\CoreFiles\\ProjectsFile\\AcademicResearch-auto-workflow\\workspace\\references\\attachments\\银行间债务网络流动性差异对风险传染的影响.pdf""]",0,[]
3678,1,"[""C:\\Users\\Ethan\\CoreFiles\\ProjectsFile\\AcademicResearch-auto-workflow\\workspace\\references\\attachments\\房地产泡沫对商业银行信贷风险的影响研究.pdf""]",0,[]
3679,0,[],0,[]
3680,1,"[""C:\\Users\\Ethan\\CoreFiles\\ProjectsFile\\AcademicResearch-auto-workflow\\workspace\\references\\attachments\\山东省房地产周期与房地产信贷关系的实证研究.pdf""]",0,[]
3681,0,[],0,[]
3682,1,"[""C:\\Users\\Ethan\\CoreFiles\\ProjectsFile\\AcademicResearch-auto-workflow\\workspace\\references\\attachments\\房地产调整对我国商业银行风险的传递研究.pdf""]",0,[]
3683,1,"[""C:\\Users\\Ethan\\CoreFiles\\ProjectsFile\\AcademicResearch-auto-workflow\\workspace\\references\\attachments\\我国经济增长对房价影响的非线性实证研究.pdf""]",0,[]
3684,1,"[""C:\\Users\\Ethan\\CoreFiles\\ProjectsFile\\AcademicResearch-auto-workflow\\workspace\\references\\attachments\\风险管理体系的完善与商业银行的可持续发展.pdf""]",0,[]
3685,1,"[""C:\\Users\\Ethan\\CoreFiles\\ProjectsFile\\AcademicResearch-auto-workflow\\workspace\\references\\attachments\\利率市场化与存款保险制度的互动对银行系统性风险的影响.pdf""]",0,[]
3686,1,"[""C:\\Users\\Ethan\\CoreFiles\\ProjectsFile\\AcademicResearch-auto-workflow\\workspace\\references\\attachments\\商业银行研究现状及热点——基于CiteSpace的文献计量分析.pdf""]",0,[]
3687,1,"[""C:\\Users\\Ethan\\CoreFiles\\ProjectsFile\\AcademicResearch-auto-workflow\\workspace\\references\\attachments\\房价波动下银行住房按揭项目信贷风险评估研究.pdf""]",0,[]
3688,1,"[""C:\\Users\\Ethan\\CoreFiles\\ProjectsFile\\AcademicResearch-auto-workflow\\workspace\\references\\attachments\\基于银行系统性风险事件的认知与挤兑行为的调查研究——以江苏为例.pdf""]",0,[]
3689,1,"[""C:\\Users\\Ethan\\CoreFiles\\ProjectsFile\\AcademicResearch-auto-workflow\\workspace\\references\\attachments\\我国影子银行体系系统性风险贡献度研究.pdf""]",0,[]
3690,1,"[""C:\\Users\\Ethan\\CoreFiles\\ProjectsFile\\AcademicResearch-auto-workflow\\workspace\\references\\attachments\\我国房地产价格与通货膨胀的关系研究.pdf""]",0,[]
3691,1,"[""C:\\Users\\Ethan\\CoreFiles\\ProjectsFile\\AcademicResearch-auto-workflow\\workspace\\references\\attachments\\NJ银行系统性风险测度及其影响因素研究.pdf""]",0,[]
3692,1,"[""C:\\Users\\Ethan\\CoreFiles\\ProjectsFile\\AcademicResearch-auto-workflow\\workspace\\references\\attachments\\中国银行间投资资产关联的风险传染.pdf""]",0,[]
3693,1,"[""C:\\Users\\Ethan\\CoreFiles\\ProjectsFile\\AcademicResearch-auto-workflow\\workspace\\references\\attachments\\国有商业银行风险测度与混业经营模式选择.pdf""]",0,[]
3694,1,"[""C:\\Users\\Ethan\\CoreFiles\\ProjectsFile\\AcademicResearch-auto-workflow\\workspace\\references\\attachments\\中国房地产金融风险防范问题研究.pdf""]",0,[]
3695,1,"[""C:\\Users\\Ethan\\CoreFiles\\ProjectsFile\\AcademicResearch-auto-workflow\\workspace\\references\\attachments\\中国房地产经济周期波动影响因素分析.pdf""]",0,[]
3696,1,"[""C:\\Users\\Ethan\\CoreFiles\\ProjectsFile\\AcademicResearch-auto-workflow\\workspace\\references\\attachments\\房地产市场非理性发展对国民经济的不良影响研究.pdf""]",0,[]
3697,1,"[""C:\\Users\\Ethan\\CoreFiles\\ProjectsFile\\AcademicResearch-auto-workflow\\workspace\\references\\attachments\\基于复杂网络传染病模型的金融风险防控研究.pdf""]",0,[]
3698,1,"[""C:\\Users\\Ethan\\CoreFiles\\ProjectsFile\\AcademicResearch-auto-workflow\\workspace\\references\\attachments\\浅谈商品房地产经济周期性波动问题.pdf""]",0,[]
3699,1,"[""C:\\Users\\Ethan\\CoreFiles\\ProjectsFile\\AcademicResearch-auto-workflow\\workspace\\references\\attachments\\西安市房产价格影响因素分析及实证研究.pdf""]",0,[]
3700,1,"[""C:\\Users\\Ethan\\CoreFiles\\ProjectsFile\\AcademicResearch-auto-workflow\\workspace\\references\\attachments\\金融结构对系统性金融风险的影响研究.pdf""]",0,[]
3701,1,"[""C:\\Users\\Ethan\\CoreFiles\\ProjectsFile\\AcademicResearch-auto-workflow\\workspace\\references\\attachments\\房地产市场调整对金融业的影响.pdf""]",0,[]
3702,1,"[""C:\\Users\\Ethan\\CoreFiles\\ProjectsFile\\AcademicResearch-auto-workflow\\workspace\\references\\attachments\\城市成长管理政策与房地产市场波动.pdf""]",0,[]
3703,1,"[""C:\\Users\\Ethan\\CoreFiles\\ProjectsFile\\AcademicResearch-auto-workflow\\workspace\\references\\attachments\\信息传播对银行系统性风险的影响研究.pdf""]",0,[]
3704,0,[],0,[]
3705,1,"[""C:\\Users\\Ethan\\CoreFiles\\ProjectsFile\\AcademicResearch-auto-workflow\\workspace\\references\\attachments\\新时代金融工作四项重要原则与资本市场发展基本逻辑.pdf""]",0,[]
3706,1,"[""C:\\Users\\Ethan\\CoreFiles\\ProjectsFile\\AcademicResearch-auto-workflow\\workspace\\references\\attachments\\房地产融资主渠道及其风险防范.pdf""]",0,[]
3707,1,"[""C:\\Users\\Ethan\\CoreFiles\\ProjectsFile\\AcademicResearch-auto-workflow\\workspace\\references\\attachments\\基于货币政策的房地产价格波动与居民消费实证研究.pdf""]",0,[]
3708,1,"[""C:\\Users\\Ethan\\CoreFiles\\ProjectsFile\\AcademicResearch-auto-workflow\\workspace\\references\\attachments\\银行间借贷市场系统性风险识别与防范——基于复杂网络理论.pdf""]",0,[]
3709,1,"[""C:\\Users\\Ethan\\CoreFiles\\ProjectsFile\\AcademicResearch-auto-workflow\\workspace\\references\\attachments\\基于ARCH模型的银行系统性风险度量研究.pdf""]",0,[]
3710,1,"[""C:\\Users\\Ethan\\CoreFiles\\ProjectsFile\\AcademicResearch-auto-workflow\\workspace\\references\\attachments\\“双支柱”调控、影子银行与银行系统性风险.pdf""]",0,[]
3711,1,"[""C:\\Users\\Ethan\\CoreFiles\\ProjectsFile\\AcademicResearch-auto-workflow\\workspace\\references\\attachments\\金融科技对商业银行系统性风险的影响.pdf""]",0,[]
3712,0,[],0,[]
3713,1,"[""C:\\Users\\Ethan\\CoreFiles\\ProjectsFile\\AcademicResearch-auto-workflow\\workspace\\references\\attachments\\利率市场化与商业银行系统性风险——基于结构异质性视角的实证分析.pdf""]",0,[]
3714,1,"[""C:\\Users\\Ethan\\CoreFiles\\ProjectsFile\\AcademicResearch-auto-workflow\\workspace\\references\\attachments\\我国房地产市场周期波动谱分析及其实证研究.pdf""]",0,[]
3715,1,"[""C:\\Users\\Ethan\\CoreFiles\\ProjectsFile\\AcademicResearch-auto-workflow\\workspace\\references\\attachments\\金融科技、风险传染与银行业系统性风险.pdf""]",0,[]
3716,1,"[""C:\\Users\\Ethan\\CoreFiles\\ProjectsFile\\AcademicResearch-auto-workflow\\workspace\\references\\attachments\\我国银行间市场的同业传染实证研究.pdf""]",0,[]
3717,1,"[""C:\\Users\\Ethan\\CoreFiles\\ProjectsFile\\AcademicResearch-auto-workflow\\workspace\\references\\attachments\\银行网络视角下的系统性风险传染研究.pdf""]",0,[]
3718,1,"[""C:\\Users\\Ethan\\CoreFiles\\ProjectsFile\\AcademicResearch-auto-workflow\\workspace\\references\\attachments\\邱致中  滞胀更危险.pdf""]",0,[]
3719,1,"[""C:\\Users\\Ethan\\CoreFiles\\ProjectsFile\\AcademicResearch-auto-workflow\\workspace\\references\\attachments\\我国房地产价格波动的利率与贷款因素影响研究——基于2004年～2010年季度数据的实证分析.pdf""]",0,[]
3720,1,"[""C:\\Users\\Ethan\\CoreFiles\\ProjectsFile\\AcademicResearch-auto-workflow\\workspace\\references\\attachments\\房价与货币政策互动关系研究综述.pdf""]",0,[]
3721,1,"[""C:\\Users\\Ethan\\CoreFiles\\ProjectsFile\\AcademicResearch-auto-workflow\\workspace\\references\\attachments\\商业银行系统性风险及其监管研究.pdf""]",0,[]
3722,1,"[""C:\\Users\\Ethan\\CoreFiles\\ProjectsFile\\AcademicResearch-auto-workflow\\workspace\\references\\attachments\\信贷扩张、房价波动与银行系统性风险——基于SVAR的实证分析.pdf""]",0,[]
3723,1,"[""C:\\Users\\Ethan\\CoreFiles\\ProjectsFile\\AcademicResearch-auto-workflow\\workspace\\references\\attachments\\基于房地产调控政策的房价异常波动研究.pdf""]",0,[]
3724,1,"[""C:\\Users\\Ethan\\CoreFiles\\ProjectsFile\\AcademicResearch-auto-workflow\\workspace\\references\\attachments\\基于尾部风险网络的金融风险传染与防范研究.pdf""]",0,[]
3725,1,"[""C:\\Users\\Ethan\\CoreFiles\\ProjectsFile\\AcademicResearch-auto-workflow\\workspace\\references\\attachments\\利率对房地产价格影响的理论与实证研究.pdf""]",0,[]
3726,1,"[""C:\\Users\\Ethan\\CoreFiles\\ProjectsFile\\AcademicResearch-auto-workflow\\workspace\\references\\attachments\\央行预期引导可以降低银行系统性金融风险吗？.pdf""]",0,[]
3727,1,"[""C:\\Users\\Ethan\\CoreFiles\\ProjectsFile\\AcademicResearch-auto-workflow\\workspace\\references\\attachments\\房地产经济波动对建筑行业投资决策的影响分析.pdf""]",0,[]
3728,1,"[""C:\\Users\\Ethan\\CoreFiles\\ProjectsFile\\AcademicResearch-auto-workflow\\workspace\\references\\attachments\\我国影子银行风险的潜在影响及对策研究.pdf""]",0,[]
3729,1,"[""C:\\Users\\Ethan\\CoreFiles\\ProjectsFile\\AcademicResearch-auto-workflow\\workspace\\references\\attachments\\房价波动对金融稳定的影响研究.pdf""]",0,[]
3730,1,"[""C:\\Users\\Ethan\\CoreFiles\\ProjectsFile\\AcademicResearch-auto-workflow\\workspace\\references\\attachments\\中国商业银行系统性风险预警指标体系设计及监测分析.pdf""]",0,[]
3731,1,"[""C:\\Users\\Ethan\\CoreFiles\\ProjectsFile\\AcademicResearch-auto-workflow\\workspace\\references\\attachments\\中国房地产市场周期波动分析.pdf""]",0,[]
3732,1,"[""C:\\Users\\Ethan\\CoreFiles\\ProjectsFile\\AcademicResearch-auto-workflow\\workspace\\references\\attachments\\金融危机、宏观审慎管理框架与中央银行的独立性.pdf""]",0,[]
3733,1,"[""C:\\Users\\Ethan\\CoreFiles\\ProjectsFile\\AcademicResearch-auto-workflow\\workspace\\references\\attachments\\基于Logistic模型的我国商业银行房地产信贷风险研究.pdf""]",0,[]
3734,1,"[""C:\\Users\\Ethan\\CoreFiles\\ProjectsFile\\AcademicResearch-auto-workflow\\workspace\\references\\attachments\\湖州市区商品住宅价格波动及影响因素研究.pdf""]",0,[]
3735,1,"[""C:\\Users\\Ethan\\CoreFiles\\ProjectsFile\\AcademicResearch-auto-workflow\\workspace\\references\\attachments\\我国房地产价格波动区域差异分析.pdf""]",0,[]
3736,1,"[""C:\\Users\\Ethan\\CoreFiles\\ProjectsFile\\AcademicResearch-auto-workflow\\workspace\\references\\attachments\\金融机构“大而不倒”问题_发展沿革、解决方案与政策启示.pdf""]",0,[]
3737,1,"[""C:\\Users\\Ethan\\CoreFiles\\ProjectsFile\\AcademicResearch-auto-workflow\\workspace\\references\\attachments\\共同行业贷款关联对银行系统性风险的影响研究.pdf""]",0,[]
3738,1,"[""C:\\Users\\Ethan\\CoreFiles\\ProjectsFile\\AcademicResearch-auto-workflow\\workspace\\references\\attachments\\我国引发系统性金融风险的潜在因素与化解之策——基于时间和空间维度的分析.pdf""]",0,[]
3739,1,"[""C:\\Users\\Ethan\\CoreFiles\\ProjectsFile\\AcademicResearch-auto-workflow\\workspace\\references\\attachments\\深圳市房地产市场与宏观经济波动.pdf""]",0,[]
3740,1,"[""C:\\Users\\Ethan\\CoreFiles\\ProjectsFile\\AcademicResearch-auto-workflow\\workspace\\references\\attachments\\房地产价格波动影响因素实证研究.pdf""]",0,[]
3741,1,"[""C:\\Users\\Ethan\\CoreFiles\\ProjectsFile\\AcademicResearch-auto-workflow\\workspace\\references\\attachments\\我国房地产价格波动的区域差异的实证分析.pdf""]",0,[]
3742,1,"[""C:\\Users\\Ethan\\CoreFiles\\ProjectsFile\\AcademicResearch-auto-workflow\\workspace\\references\\attachments\\银行违约风险是系统性的吗.pdf""]",0,[]
3743,1,"[""C:\\Users\\Ethan\\CoreFiles\\ProjectsFile\\AcademicResearch-auto-workflow\\workspace\\references\\attachments\\我国商业银行宏观审慎监管的效果研究.pdf""]",0,[]
3744,1,"[""C:\\Users\\Ethan\\CoreFiles\\ProjectsFile\\AcademicResearch-auto-workflow\\workspace\\references\\attachments\\小世界银行网络、非线性效应和尾部风险：随机动态视角.pdf""]",0,[]
3745,1,"[""C:\\Users\\Ethan\\CoreFiles\\ProjectsFile\\AcademicResearch-auto-workflow\\workspace\\references\\attachments\\国内房地产经济波动及金融风险防控探究.pdf""]",0,[]
3746,1,"[""C:\\Users\\Ethan\\CoreFiles\\ProjectsFile\\AcademicResearch-auto-workflow\\workspace\\references\\attachments\\房价涨势的区域异质性及时期差异性研究——基于中国30个省市面板数据的实证分析.pdf""]",0,[]
3747,1,"[""C:\\Users\\Ethan\\CoreFiles\\ProjectsFile\\AcademicResearch-auto-workflow\\workspace\\references\\attachments\\房地产经济波动与金融风险防范策略研究.pdf""]",0,[]
3748,1,"[""C:\\Users\\Ethan\\CoreFiles\\ProjectsFile\\AcademicResearch-auto-workflow\\workspace\\references\\attachments\\信贷扩张、房价波动与银行系统性风险相互关系研究.pdf""]",0,[]
3749,1,"[""C:\\Users\\Ethan\\CoreFiles\\ProjectsFile\\AcademicResearch-auto-workflow\\workspace\\references\\attachments\\我国房地产价格波动对消费的影响分析——基于VAR模型的实证研究.pdf""]",0,[]
3750,1,"[""C:\\Users\\Ethan\\CoreFiles\\ProjectsFile\\AcademicResearch-auto-workflow\\workspace\\references\\attachments\\欧美银行业系统性风险短期难消.pdf""]",0,[]
3751,1,"[""C:\\Users\\Ethan\\CoreFiles\\ProjectsFile\\AcademicResearch-auto-workflow\\workspace\\references\\attachments\\资产价格波动与通货膨胀预期关系研究综述.pdf""]",0,[]
3752,1,"[""C:\\Users\\Ethan\\CoreFiles\\ProjectsFile\\AcademicResearch-auto-workflow\\workspace\\references\\attachments\\商业银行风险承担与所有权结构耦合研究——基于2003～2013中国上市银行数据.pdf""]",0,[]
3753,1,"[""C:\\Users\\Ethan\\CoreFiles\\ProjectsFile\\AcademicResearch-auto-workflow\\workspace\\references\\attachments\\利率市场化对银行信贷风险的影响.pdf""]",0,[]
3754,1,"[""C:\\Users\\Ethan\\CoreFiles\\ProjectsFile\\AcademicResearch-auto-workflow\\workspace\\references\\attachments\\探讨平衡存款保险制度防范系统风险与激励民营银行的作用.pdf""]",0,[]
3755,1,"[""C:\\Users\\Ethan\\CoreFiles\\ProjectsFile\\AcademicResearch-auto-workflow\\workspace\\references\\attachments\\财务柔性是否会影响商业银行系统性风险_——基于信贷过度扩张与表外业务渠道.pdf""]",0,[]
3756,1,"[""C:\\Users\\Ethan\\CoreFiles\\ProjectsFile\\AcademicResearch-auto-workflow\\workspace\\references\\attachments\\网络分析在复杂数据结构与金融系统性风险研究中的应用.pdf""]",0,[]
3757,1,"[""C:\\Users\\Ethan\\CoreFiles\\ProjectsFile\\AcademicResearch-auto-workflow\\workspace\\references\\attachments\\我国银行间市场双边风险传染效应研究——基于产能过剩行业波动冲击的视角.pdf""]",0,[]
3758,1,"[""C:\\Users\\Ethan\\CoreFiles\\ProjectsFile\\AcademicResearch-auto-workflow\\workspace\\references\\attachments\\“商业银行为核心”的影子银行系统性风险研究.pdf""]",0,[]
3759,1,"[""C:\\Users\\Ethan\\CoreFiles\\ProjectsFile\\AcademicResearch-auto-workflow\\workspace\\references\\attachments\\巴塞尔协议Ⅲ的新近进展及其影响初探.pdf""]",0,[]
3760,1,"[""C:\\Users\\Ethan\\CoreFiles\\ProjectsFile\\AcademicResearch-auto-workflow\\workspace\\references\\attachments\\我国房地产价格波动与中央银行货币政策调控——来自货币供应量、汇率和利率的证据.pdf""]",0,[]
3761,1,"[""C:\\Users\\Ethan\\CoreFiles\\ProjectsFile\\AcademicResearch-auto-workflow\\workspace\\references\\attachments\\统筹金融市场基础设施监管  防范系统性金融风险.pdf""]",0,[]
3762,1,"[""C:\\Users\\Ethan\\CoreFiles\\ProjectsFile\\AcademicResearch-auto-workflow\\workspace\\references\\attachments\\基于有序聚类分析的房地产周期波动与影响因素研究.pdf""]",0,[]
3763,1,"[""C:\\Users\\Ethan\\CoreFiles\\ProjectsFile\\AcademicResearch-auto-workflow\\workspace\\references\\attachments\\积极应对房地产市场引发的银行风险.pdf""]",0,[]
3764,1,"[""C:\\Users\\Ethan\\CoreFiles\\ProjectsFile\\AcademicResearch-auto-workflow\\workspace\\references\\attachments\\影子银行：概念、特征与监管框架研究.pdf""]",0,[]
3765,1,"[""C:\\Users\\Ethan\\CoreFiles\\ProjectsFile\\AcademicResearch-auto-workflow\\workspace\\references\\attachments\\财政支出、房地产价格对系统性金融风险的影响研究——基于TVP-SV-VAR模型的实证分析.pdf""]",0,[]
3766,1,"[""C:\\Users\\Ethan\\CoreFiles\\ProjectsFile\\AcademicResearch-auto-workflow\\workspace\\references\\attachments\\三四线城市商品住宅价格上涨的政策因素研究.pdf""]",0,[]
3767,1,"[""C:\\Users\\Ethan\\CoreFiles\\ProjectsFile\\AcademicResearch-auto-workflow\\workspace\\references\\attachments\\如何防范银行系统性风险_去杠杆、稳杠杆,还是优杠杆_——基于表外业务结构性数据的实证研究.pdf""]",0,[]
3768,1,"[""C:\\Users\\Ethan\\CoreFiles\\ProjectsFile\\AcademicResearch-auto-workflow\\workspace\\references\\attachments\\房价对我国银行系统性风险的影响研究.pdf""]",0,[]
3769,0,[],0,[]
3770,1,"[""C:\\Users\\Ethan\\CoreFiles\\ProjectsFile\\AcademicResearch-auto-workflow\\workspace\\references\\attachments\\中国影子银行的功能与风险研究.pdf""]",0,[]
3771,1,"[""C:\\Users\\Ethan\\CoreFiles\\ProjectsFile\\AcademicResearch-auto-workflow\\workspace\\references\\attachments\\商业银行对公房地产信贷系统性风险成因及对策研究.pdf""]",0,[]
3772,1,"[""C:\\Users\\Ethan\\CoreFiles\\ProjectsFile\\AcademicResearch-auto-workflow\\workspace\\references\\attachments\\后危机时代的外商直接投资与房地产市场波动——以江苏省为例.pdf""]",0,[]
3773,0,[],0,[]
3774,1,"[""C:\\Users\\Ethan\\CoreFiles\\ProjectsFile\\AcademicResearch-auto-workflow\\workspace\\references\\attachments\\人口年龄结构对我国住房价格影响的实证研究.pdf""]",0,[]
3775,1,"[""C:\\Users\\Ethan\\CoreFiles\\ProjectsFile\\AcademicResearch-auto-workflow\\workspace\\references\\attachments\\温州市房地产周期波动研究.pdf""]",0,[]
3776,1,"[""C:\\Users\\Ethan\\CoreFiles\\ProjectsFile\\AcademicResearch-auto-workflow\\workspace\\references\\attachments\\我国货币供给量对房地产价格波动影响研究.pdf""]",0,[]
3777,1,"[""C:\\Users\\Ethan\\CoreFiles\\ProjectsFile\\AcademicResearch-auto-workflow\\workspace\\references\\attachments\\金融风险对房地产开发投资的影响.pdf""]",0,[]
3778,1,"[""C:\\Users\\Ethan\\CoreFiles\\ProjectsFile\\AcademicResearch-auto-workflow\\workspace\\references\\attachments\\我国银行信贷对房地产价格波动的影响.pdf""]",0,[]
3779,1,"[""C:\\Users\\Ethan\\CoreFiles\\ProjectsFile\\AcademicResearch-auto-workflow\\workspace\\references\\attachments\\房地产价格波动对宏观经济的影响.pdf""]",0,[]
3780,1,"[""C:\\Users\\Ethan\\CoreFiles\\ProjectsFile\\AcademicResearch-auto-workflow\\workspace\\references\\attachments\\我国房地产价格波动与宏观调控效果的实证分析.pdf""]",0,[]
3781,1,"[""C:\\Users\\Ethan\\CoreFiles\\ProjectsFile\\AcademicResearch-auto-workflow\\workspace\\references\\attachments\\试论银行贷款与房地产价格波动之间的联系.pdf""]",0,[]
3782,1,"[""C:\\Users\\Ethan\\CoreFiles\\ProjectsFile\\AcademicResearch-auto-workflow\\workspace\\references\\attachments\\监管处罚能降低银行系统性风险吗——兼论《中国银行业监督管理委员会行政处罚办法》修订的影响.pdf""]",0,[]
3783,1,"[""C:\\Users\\Ethan\\CoreFiles\\ProjectsFile\\AcademicResearch-auto-workflow\\workspace\\references\\attachments\\中国房地产业持续健康发展研究.pdf""]",0,[]
3784,1,"[""C:\\Users\\Ethan\\CoreFiles\\ProjectsFile\\AcademicResearch-auto-workflow\\workspace\\references\\attachments\\社会学视域下中国房地产市场治理研究.pdf""]",0,[]
3785,0,[],0,[]
3786,1,"[""C:\\Users\\Ethan\\CoreFiles\\ProjectsFile\\AcademicResearch-auto-workflow\\workspace\\references\\attachments\\中国商业银行贷款组合规模的风险分散化效应.pdf""]",0,[]
3787,1,"[""C:\\Users\\Ethan\\CoreFiles\\ProjectsFile\\AcademicResearch-auto-workflow\\workspace\\references\\attachments\\资产价格波动、财富效应与居民消费——基于2000～2008年数据的实证研究.pdf""]",0,[]
3788,1,"[""C:\\Users\\Ethan\\CoreFiles\\ProjectsFile\\AcademicResearch-auto-workflow\\workspace\\references\\attachments\\基于Copula-CoVaR方法的上市银行系统性风险研究.pdf""]",0,[]
3789,1,"[""C:\\Users\\Ethan\\CoreFiles\\ProjectsFile\\AcademicResearch-auto-workflow\\workspace\\references\\attachments\\房地产经济波动的影响因素与应对策略研究.pdf""]",0,[]
3790,1,"[""C:\\Users\\Ethan\\CoreFiles\\ProjectsFile\\AcademicResearch-auto-workflow\\workspace\\references\\attachments\\房地产行业对我国区域金融稳定的影响及对策研究.pdf""]",0,[]
3791,0,[],0,[]
3792,1,"[""C:\\Users\\Ethan\\CoreFiles\\ProjectsFile\\AcademicResearch-auto-workflow\\workspace\\references\\attachments\\货币政策冲击、银行系统性风险与债权激励机制.pdf""]",0,[]
3793,1,"[""C:\\Users\\Ethan\\CoreFiles\\ProjectsFile\\AcademicResearch-auto-workflow\\workspace\\references\\attachments\\国际利率冲击对我国商业银行系统性风险的影响研究.pdf""]",0,[]
3794,1,"[""C:\\Users\\Ethan\\CoreFiles\\ProjectsFile\\AcademicResearch-auto-workflow\\workspace\\references\\attachments\\基于混沌理论的沈阳普通商品住宅价格研究.pdf""]",0,[]
3795,1,"[""C:\\Users\\Ethan\\CoreFiles\\ProjectsFile\\AcademicResearch-auto-workflow\\workspace\\references\\attachments\\房地产“限购令”政策效果研究.pdf""]",0,[]
3796,1,"[""C:\\Users\\Ethan\\CoreFiles\\ProjectsFile\\AcademicResearch-auto-workflow\\workspace\\references\\attachments\\利率市场化条件下的银行系统性风险防范研究.pdf""]",0,[]
3797,1,"[""C:\\Users\\Ethan\\CoreFiles\\ProjectsFile\\AcademicResearch-auto-workflow\\workspace\\references\\attachments\\中国新型城镇化道路与房地产市场发展转型——“新型城镇化与房地产发展学术论坛”综述.pdf""]",0,[]
3798,1,"[""C:\\Users\\Ethan\\CoreFiles\\ProjectsFile\\AcademicResearch-auto-workflow\\workspace\\references\\attachments\\长三角地区房价对居民消费影响的实证研究.pdf""]",0,[]
3799,1,"[""C:\\Users\\Ethan\\CoreFiles\\ProjectsFile\\AcademicResearch-auto-workflow\\workspace\\references\\attachments\\我国影子银行影响区域金融稳定性的研究.pdf""]",0,[]
3800,1,"[""C:\\Users\\Ethan\\CoreFiles\\ProjectsFile\\AcademicResearch-auto-workflow\\workspace\\references\\attachments\\房地产行业对经济社会的影响分析.pdf""]",0,[]
3801,1,"[""C:\\Users\\Ethan\\CoreFiles\\ProjectsFile\\AcademicResearch-auto-workflow\\workspace\\references\\attachments\\非利息收入对商业银行系统性风险影响研究.pdf""]",0,[]
3802,0,[],0,[]
3803,1,"[""C:\\Users\\Ethan\\CoreFiles\\ProjectsFile\\AcademicResearch-auto-workflow\\workspace\\references\\attachments\\货币政策与房地产价格波动的关系分析.pdf""]",0,[]
3804,1,"[""C:\\Users\\Ethan\\CoreFiles\\ProjectsFile\\AcademicResearch-auto-workflow\\workspace\\references\\attachments\\金融科技行业对传统金融行业的风险溢出效应研究.pdf""]",0,[]
3805,1,"[""C:\\Users\\Ethan\\CoreFiles\\ProjectsFile\\AcademicResearch-auto-workflow\\workspace\\references\\attachments\\资本账户自由化、信贷扩张与系统性银行危机风险.pdf""]",0,[]
3806,1,"[""C:\\Users\\Ethan\\CoreFiles\\ProjectsFile\\AcademicResearch-auto-workflow\\workspace\\references\\attachments\\房地产价格波动对金融稳定的影响效应.pdf""]",0,[]
3807,1,"[""C:\\Users\\Ethan\\CoreFiles\\ProjectsFile\\AcademicResearch-auto-workflow\\workspace\\references\\attachments\\经济政策不确定性、投资者情绪与银行系统性风险传染.pdf""]",0,[]
3808,1,"[""C:\\Users\\Ethan\\CoreFiles\\ProjectsFile\\AcademicResearch-auto-workflow\\workspace\\references\\attachments\\详解“金稳会”.pdf""]",0,[]
3809,1,"[""C:\\Users\\Ethan\\CoreFiles\\ProjectsFile\\AcademicResearch-auto-workflow\\workspace\\references\\attachments\\基于DSGE模型的我国货币政策对房地产价格波动的影响研究.pdf""]",0,[]
3810,1,"[""C:\\Users\\Ethan\\CoreFiles\\ProjectsFile\\AcademicResearch-auto-workflow\\workspace\\references\\attachments\\我国商业银行系统性金融风险度量研究.pdf""]",0,[]
3811,1,"[""C:\\Users\\Ethan\\CoreFiles\\ProjectsFile\\AcademicResearch-auto-workflow\\workspace\\references\\attachments\\存贷比监管改革是否降低了银行系统性风险.pdf""]",0,[]
3812,1,"[""C:\\Users\\Ethan\\CoreFiles\\ProjectsFile\\AcademicResearch-auto-workflow\\workspace\\references\\attachments\\房产税与房价波动：OECD国家的实证研究与启示.pdf""]",0,[]
3813,1,"[""C:\\Users\\Ethan\\CoreFiles\\ProjectsFile\\AcademicResearch-auto-workflow\\workspace\\references\\attachments\\利率调控对房地产营销市场波动的微观作用机制探究.pdf""]",0,[]
3814,0,[],0,[]
3815,1,"[""C:\\Users\\Ethan\\CoreFiles\\ProjectsFile\\AcademicResearch-auto-workflow\\workspace\\references\\attachments\\利率市场化与中国银行业系统性风险研究.pdf""]",0,[]
3816,1,"[""C:\\Users\\Ethan\\CoreFiles\\ProjectsFile\\AcademicResearch-auto-workflow\\workspace\\references\\attachments\\银行竞争有助于化解系统性风险吗——基于僵尸企业贷款、同业业务及私人部门存款渠道.pdf""]",0,[]
3817,1,"[""C:\\Users\\Ethan\\CoreFiles\\ProjectsFile\\AcademicResearch-auto-workflow\\workspace\\references\\attachments\\影子银行的风险及监管问题研究.pdf""]",0,[]
3818,1,"[""C:\\Users\\Ethan\\CoreFiles\\ProjectsFile\\AcademicResearch-auto-workflow\\workspace\\references\\attachments\\重大公共卫生事件对系统性银行风险的影响研究.pdf""]",0,[]
3819,1,"[""C:\\Users\\Ethan\\CoreFiles\\ProjectsFile\\AcademicResearch-auto-workflow\\workspace\\references\\attachments\\减少房地产经济波动避免金融风险的产生.pdf""]",0,[]
3820,1,"[""C:\\Users\\Ethan\\CoreFiles\\ProjectsFile\\AcademicResearch-auto-workflow\\workspace\\references\\attachments\\基于房价波动的我国银行业系统性风险防范研究.pdf""]",0,[]
3821,1,"[""C:\\Users\\Ethan\\CoreFiles\\ProjectsFile\\AcademicResearch-auto-workflow\\workspace\\references\\attachments\\房地产价格波动与消费增长——基于中国数据的实证分析及理论解释.pdf""]",0,[]
3822,1,"[""C:\\Users\\Ethan\\CoreFiles\\ProjectsFile\\AcademicResearch-auto-workflow\\workspace\\references\\attachments\\房地产周期波动与商业银行抵押贷款风险研究.pdf""]",0,[]
3823,1,"[""C:\\Users\\Ethan\\CoreFiles\\ProjectsFile\\AcademicResearch-auto-workflow\\workspace\\references\\attachments\\基于异质预期的房地产价格波动分析.pdf""]",0,[]
3824,1,"[""C:\\Users\\Ethan\\CoreFiles\\ProjectsFile\\AcademicResearch-auto-workflow\\workspace\\references\\attachments\\新冠疫情冲击下房地产市场波动研究.pdf""]",0,[]
3825,1,"[""C:\\Users\\Ethan\\CoreFiles\\ProjectsFile\\AcademicResearch-auto-workflow\\workspace\\references\\attachments\\银行网络视角下的风险传染研究.pdf""]",0,[]
3826,1,"[""C:\\Users\\Ethan\\CoreFiles\\ProjectsFile\\AcademicResearch-auto-workflow\\workspace\\references\\attachments\\影子银行系统性风险溢出研究.pdf""]",0,[]
3827,1,"[""C:\\Users\\Ethan\\CoreFiles\\ProjectsFile\\AcademicResearch-auto-workflow\\workspace\\references\\attachments\\经济波动对中国银行业系统性风险影响的实证研究.pdf""]",0,[]
3828,1,"[""C:\\Users\\Ethan\\CoreFiles\\ProjectsFile\\AcademicResearch-auto-workflow\\workspace\\references\\attachments\\深圳市房地产周期波动研究——基于主成分分析和H-P滤波方法.pdf""]",0,[]
3829,1,"[""C:\\Users\\Ethan\\CoreFiles\\ProjectsFile\\AcademicResearch-auto-workflow\\workspace\\references\\attachments\\房地产价格波动影响因素及我国的经验分析.pdf""]",0,[]
3830,1,"[""C:\\Users\\Ethan\\CoreFiles\\ProjectsFile\\AcademicResearch-auto-workflow\\workspace\\references\\attachments\\限价房的去与留.pdf""]",0,[]
3831,1,"[""C:\\Users\\Ethan\\CoreFiles\\ProjectsFile\\AcademicResearch-auto-workflow\\workspace\\references\\attachments\\资产价格与通货膨胀的相关性研究.pdf""]",0,[]
3832,1,"[""C:\\Users\\Ethan\\CoreFiles\\ProjectsFile\\AcademicResearch-auto-workflow\\workspace\\references\\attachments\\进一步推进新形势下人民银行天津分行各项工作——郭庆平行长在人民银行天津分行中心支行行长座谈会上的讲话(摘要).pdf""]",0,[]
3833,1,"[""C:\\Users\\Ethan\\CoreFiles\\ProjectsFile\\AcademicResearch-auto-workflow\\workspace\\references\\attachments\\房地产价格波动对我国城镇居民消费的影响研究.pdf""]",0,[]
3834,1,"[""C:\\Users\\Ethan\\CoreFiles\\ProjectsFile\\AcademicResearch-auto-workflow\\workspace\\references\\attachments\\影子银行网络与资本市场的系统性风险——基于沪深担保圈的经验证据.pdf""]",0,[]
3835,1,"[""C:\\Users\\Ethan\\CoreFiles\\ProjectsFile\\AcademicResearch-auto-workflow\\workspace\\references\\attachments\\差别化信贷政策的房价“稳定器”效果研究.pdf""]",0,[]
3836,1,"[""C:\\Users\\Ethan\\CoreFiles\\ProjectsFile\\AcademicResearch-auto-workflow\\workspace\\references\\attachments\\邮储银行沈阳分行万达集团贷款项目风险控制研究.pdf""]",0,[]
3837,1,"[""C:\\Users\\Ethan\\CoreFiles\\ProjectsFile\\AcademicResearch-auto-workflow\\workspace\\references\\attachments\\从金融生态的视角分析我国金融风险的生成和防范.pdf""]",0,[]
3838,1,"[""C:\\Users\\Ethan\\CoreFiles\\ProjectsFile\\AcademicResearch-auto-workflow\\workspace\\references\\attachments\\“系统重要性银行”统计工作发展现状、问题及建议.pdf""]",0,[]
3839,1,"[""C:\\Users\\Ethan\\CoreFiles\\ProjectsFile\\AcademicResearch-auto-workflow\\workspace\\references\\attachments\\房屋资产市场价格和实际价值评估的研究综述.pdf""]",0,[]
3840,1,"[""C:\\Users\\Ethan\\CoreFiles\\ProjectsFile\\AcademicResearch-auto-workflow\\workspace\\references\\attachments\\银行理财的系统性风险及其影响因素研究.pdf""]",0,[]
3841,1,"[""C:\\Users\\Ethan\\CoreFiles\\ProjectsFile\\AcademicResearch-auto-workflow\\workspace\\references\\attachments\\房地产业金融风险与银行业系统性风险相依结构分析.pdf""]",0,[]
3842,1,"[""C:\\Users\\Ethan\\CoreFiles\\ProjectsFile\\AcademicResearch-auto-workflow\\workspace\\references\\attachments\\房地产价格的影响因素研究.pdf""]",0,[]
3843,1,"[""C:\\Users\\Ethan\\CoreFiles\\ProjectsFile\\AcademicResearch-auto-workflow\\workspace\\references\\attachments\\房地产风险引发系统性金融风险问题探讨.pdf""]",0,[]
3844,1,"[""C:\\Users\\Ethan\\CoreFiles\\ProjectsFile\\AcademicResearch-auto-workflow\\workspace\\references\\attachments\\货币供应量对我国房地产价格的影响研究.pdf""]",0,[]
3845,1,"[""C:\\Users\\Ethan\\CoreFiles\\ProjectsFile\\AcademicResearch-auto-workflow\\workspace\\references\\attachments\\我国系统重要性银行识别的实证分析.pdf""]",0,[]
3846,1,"[""C:\\Users\\Ethan\\CoreFiles\\ProjectsFile\\AcademicResearch-auto-workflow\\workspace\\references\\attachments\\沪指昨天失守3200点!机构：A股尚无较大系统性风险.pdf""]",0,[]
3847,1,"[""C:\\Users\\Ethan\\CoreFiles\\ProjectsFile\\AcademicResearch-auto-workflow\\workspace\\references\\attachments\\央行在宏观审慎监管中扮演着怎样的角色.pdf""]",0,[]
3848,1,"[""C:\\Users\\Ethan\\CoreFiles\\ProjectsFile\\AcademicResearch-auto-workflow\\workspace\\references\\attachments\\我国上市银行流动性创造对系统性风险的影响研究.pdf""]",0,[]
3849,1,"[""C:\\Users\\Ethan\\CoreFiles\\ProjectsFile\\AcademicResearch-auto-workflow\\workspace\\references\\attachments\\房地产泡沫对银行业的影响及其对策研究.pdf""]",0,[]
3850,1,"[""C:\\Users\\Ethan\\CoreFiles\\ProjectsFile\\AcademicResearch-auto-workflow\\workspace\\references\\attachments\\房地产市场波动、商业银行风险与经济增长.pdf""]",0,[]
3851,1,"[""C:\\Users\\Ethan\\CoreFiles\\ProjectsFile\\AcademicResearch-auto-workflow\\workspace\\references\\attachments\\利率变动对房地产市场的影响.pdf""]",0,[]
3852,1,"[""C:\\Users\\Ethan\\CoreFiles\\ProjectsFile\\AcademicResearch-auto-workflow\\workspace\\references\\attachments\\我国房地产金融风险演进与风险抑制研究.pdf""]",0,[]
3853,1,"[""C:\\Users\\Ethan\\CoreFiles\\ProjectsFile\\AcademicResearch-auto-workflow\\workspace\\references\\attachments\\房地产调控政策对商业银行信贷风险的影响.pdf""]",0,[]
3854,1,"[""C:\\Users\\Ethan\\CoreFiles\\ProjectsFile\\AcademicResearch-auto-workflow\\workspace\\references\\attachments\\投资者情绪对银行系统性风险的影响研究.pdf""]",0,[]
3855,1,"[""C:\\Users\\Ethan\\CoreFiles\\ProjectsFile\\AcademicResearch-auto-workflow\\workspace\\references\\attachments\\中国房地产价格波动、泡沫测度及区域空间传染研究.pdf""]",0,[]
3856,1,"[""C:\\Users\\Ethan\\CoreFiles\\ProjectsFile\\AcademicResearch-auto-workflow\\workspace\\references\\attachments\\银行间动态借贷模型及风险传染研究.pdf""]",0,[]
3857,1,"[""C:\\Users\\Ethan\\CoreFiles\\ProjectsFile\\AcademicResearch-auto-workflow\\workspace\\references\\attachments\\对人民银行职能调整后防范和化解系统性金融风险的思考.pdf""]",0,[]
3858,1,"[""C:\\Users\\Ethan\\CoreFiles\\ProjectsFile\\AcademicResearch-auto-workflow\\workspace\\references\\attachments\\银行互联网贷款发展加剧了系统性风险吗？——兼论互联网贷款新规效用.pdf""]",0,[]
3859,0,[],0,[]
3860,1,"[""C:\\Users\\Ethan\\CoreFiles\\ProjectsFile\\AcademicResearch-auto-workflow\\workspace\\references\\attachments\\租购并举政策实施效果研究.pdf""]",0,[]
3861,1,"[""C:\\Users\\Ethan\\CoreFiles\\ProjectsFile\\AcademicResearch-auto-workflow\\workspace\\references\\attachments\\信贷资产证券化对商业银行的盈利性、风险性及流动性的影响.pdf""]",0,[]
3862,1,"[""C:\\Users\\Ethan\\CoreFiles\\ProjectsFile\\AcademicResearch-auto-workflow\\workspace\\references\\attachments\\银行间网络的无标度特征.pdf""]",0,[]
3863,1,"[""C:\\Users\\Ethan\\CoreFiles\\ProjectsFile\\AcademicResearch-auto-workflow\\workspace\\references\\attachments\\流动性、资产价格波动的隐含信息和货币政策选择——基于中国股票市场与房地产市场的实证分析.pdf""]",0,[]
3864,1,"[""C:\\Users\\Ethan\\CoreFiles\\ProjectsFile\\AcademicResearch-auto-workflow\\workspace\\references\\attachments\\SRISK系统性风险测算方法、结果及评述.pdf""]",0,[]
3865,1,"[""C:\\Users\\Ethan\\CoreFiles\\ProjectsFile\\AcademicResearch-auto-workflow\\workspace\\references\\attachments\\城市房地产价格异常波动的识别及其影响因素研究.pdf""]",0,[]
3866,1,"[""C:\\Users\\Ethan\\CoreFiles\\ProjectsFile\\AcademicResearch-auto-workflow\\workspace\\references\\attachments\\住房政策领域研究热点及演化路径分析——基于知识图谱视角.pdf""]",0,[]
3867,1,"[""C:\\Users\\Ethan\\CoreFiles\\ProjectsFile\\AcademicResearch-auto-workflow\\workspace\\references\\attachments\\互联网金融的发展对我国房地产价格波动的影响.pdf""]",0,[]
3868,1,"[""C:\\Users\\Ethan\\CoreFiles\\ProjectsFile\\AcademicResearch-auto-workflow\\workspace\\references\\attachments\\货币政策不确定性对银行系统性风险的影响——基于中国36家上市银行的经验证据.pdf""]",0,[]
3869,1,"[""C:\\Users\\Ethan\\CoreFiles\\ProjectsFile\\AcademicResearch-auto-workflow\\workspace\\references\\attachments\\关联度视角下上市金融机构系统性风险溢出效应的研究.pdf""]",0,[]
3870,1,"[""C:\\Users\\Ethan\\CoreFiles\\ProjectsFile\\AcademicResearch-auto-workflow\\workspace\\references\\attachments\\房地产价格波动对金融稳定性造成的影响.pdf""]",0,[]
3871,1,"[""C:\\Users\\Ethan\\CoreFiles\\ProjectsFile\\AcademicResearch-auto-workflow\\workspace\\references\\attachments\\房价、经济增长与人力资本积累.pdf""]",0,[]
3872,1,"[""C:\\Users\\Ethan\\CoreFiles\\ProjectsFile\\AcademicResearch-auto-workflow\\workspace\\references\\attachments\\房地产行业与金融业之间的风险溢出效应研究.pdf""]",0,[]
3873,1,"[""C:\\Users\\Ethan\\CoreFiles\\ProjectsFile\\AcademicResearch-auto-workflow\\workspace\\references\\attachments\\我国货币政策调整对商业银行系统性风险的影响研究.pdf""]",0,[]
3874,1,"[""C:\\Users\\Ethan\\CoreFiles\\ProjectsFile\\AcademicResearch-auto-workflow\\workspace\\references\\attachments\\中小房地产企业贷款信用风险评价研究.pdf""]",0,[]
3875,1,"[""C:\\Users\\Ethan\\CoreFiles\\ProjectsFile\\AcademicResearch-auto-workflow\\workspace\\references\\attachments\\基于行为金融学的合肥市房地产价格波动分析.pdf""]",0,[]
3876,1,"[""C:\\Users\\Ethan\\CoreFiles\\ProjectsFile\\AcademicResearch-auto-workflow\\workspace\\references\\attachments\\银行间支付结算体系的系统性风险研究.pdf""]",0,[]
3877,1,"[""C:\\Users\\Ethan\\CoreFiles\\ProjectsFile\\AcademicResearch-auto-workflow\\workspace\\references\\attachments\\我国商业银行系统性风险影响因素分析.pdf""]",0,[]
3878,1,"[""C:\\Users\\Ethan\\CoreFiles\\ProjectsFile\\AcademicResearch-auto-workflow\\workspace\\references\\attachments\\境外热钱对我国商品房价格的影响——基于全国及苏、浙、粤、沪、渝数据的实证研究.pdf""]",0,[]
3879,1,"[""C:\\Users\\Ethan\\CoreFiles\\ProjectsFile\\AcademicResearch-auto-workflow\\workspace\\references\\attachments\\利率市场化下的风险管控.pdf""]",0,[]
3880,1,"[""C:\\Users\\Ethan\\CoreFiles\\ProjectsFile\\AcademicResearch-auto-workflow\\workspace\\references\\attachments\\银行贷款行为对房地产价格影响的研究.pdf""]",0,[]
3881,1,"[""C:\\Users\\Ethan\\CoreFiles\\ProjectsFile\\AcademicResearch-auto-workflow\\workspace\\references\\attachments\\银行间网络演化与系统性风险研究.pdf""]",0,[]
3882,0,[],0,[]
3883,1,"[""C:\\Users\\Ethan\\CoreFiles\\ProjectsFile\\AcademicResearch-auto-workflow\\workspace\\references\\attachments\\我国房地产业股价波动长记忆性的R_S分析.pdf""]",0,[]
3884,1,"[""C:\\Users\\Ethan\\CoreFiles\\ProjectsFile\\AcademicResearch-auto-workflow\\workspace\\references\\attachments\\中国房地产价格波动研究.pdf""]",0,[]
3885,1,"[""C:\\Users\\Ethan\\CoreFiles\\ProjectsFile\\AcademicResearch-auto-workflow\\workspace\\references\\attachments\\粤民投李晓明：如何规避房地产周期波动中的投资风险？.pdf""]",0,[]
3886,1,"[""C:\\Users\\Ethan\\CoreFiles\\ProjectsFile\\AcademicResearch-auto-workflow\\workspace\\references\\attachments\\资产负债表视角下的银行“脱实向虚”与我国银行系统性风险防范.pdf""]",0,[]
3887,1,"[""C:\\Users\\Ethan\\CoreFiles\\ProjectsFile\\AcademicResearch-auto-workflow\\workspace\\references\\attachments\\货币政策对资产价格的调控效应研究.pdf""]",0,[]
3888,1,"[""C:\\Users\\Ethan\\CoreFiles\\ProjectsFile\\AcademicResearch-auto-workflow\\workspace\\references\\attachments\\宏观审慎政策对银行系统性风险的影响研究.pdf""]",0,[]
3889,1,"[""C:\\Users\\Ethan\\CoreFiles\\ProjectsFile\\AcademicResearch-auto-workflow\\workspace\\references\\attachments\\松原市房地产信贷与房价波动关系研究.pdf""]",0,[]
3890,1,"[""C:\\Users\\Ethan\\CoreFiles\\ProjectsFile\\AcademicResearch-auto-workflow\\workspace\\references\\attachments\\利率市场化改革进程中的银行风险与防控.pdf""]",0,[]
3891,1,"[""C:\\Users\\Ethan\\CoreFiles\\ProjectsFile\\AcademicResearch-auto-workflow\\workspace\\references\\attachments\\居民预期视角下房地产市场波动：解释与特征事实.pdf""]",0,[]
3892,0,[],0,[]
3893,0,[],0,[]
3894,1,"[""C:\\Users\\Ethan\\CoreFiles\\ProjectsFile\\AcademicResearch-auto-workflow\\workspace\\references\\attachments\\我国房地产价格与银行稳定性关系研究.pdf""]",0,[]
3895,1,"[""C:\\Users\\Ethan\\CoreFiles\\ProjectsFile\\AcademicResearch-auto-workflow\\workspace\\references\\attachments\\浅谈商业银行房地产信贷风险及防范.pdf""]",0,[]
3896,1,"[""C:\\Users\\Ethan\\CoreFiles\\ProjectsFile\\AcademicResearch-auto-workflow\\workspace\\references\\attachments\\房地产市场系统性风险空间关联及溢出效应.pdf""]",0,[]
3897,1,"[""C:\\Users\\Ethan\\CoreFiles\\ProjectsFile\\AcademicResearch-auto-workflow\\workspace\\references\\attachments\\预期冲击与中国房地产市场波动异象研究.pdf""]",0,[]
3898,1,"[""C:\\Users\\Ethan\\CoreFiles\\ProjectsFile\\AcademicResearch-auto-workflow\\workspace\\references\\attachments\\我国商业银行流动性风险管理研究.pdf""]",0,[]
3899,1,"[""C:\\Users\\Ethan\\CoreFiles\\ProjectsFile\\AcademicResearch-auto-workflow\\workspace\\references\\attachments\\供给侧改革背景下商业银行发展研究.pdf""]",0,[]
3900,1,"[""C:\\Users\\Ethan\\CoreFiles\\ProjectsFile\\AcademicResearch-auto-workflow\\workspace\\references\\attachments\\基于DCC-GARCH模型的国有银行系统性风险研究.pdf""]",0,[]
3901,1,"[""C:\\Users\\Ethan\\CoreFiles\\ProjectsFile\\AcademicResearch-auto-workflow\\workspace\\references\\attachments\\房地产波动对宏观经济的影响研究综述.pdf""]",0,[]
3902,0,[],0,[]
3903,1,"[""C:\\Users\\Ethan\\CoreFiles\\ProjectsFile\\AcademicResearch-auto-workflow\\workspace\\references\\attachments\\我国房地产价格波动影响因素实证分析.pdf""]",0,[]
3904,1,"[""C:\\Users\\Ethan\\CoreFiles\\ProjectsFile\\AcademicResearch-auto-workflow\\workspace\\references\\attachments\\资产价格波动的通货膨胀预期效应——基于房地产市场的实证分析.pdf""]",0,[]
3905,0,[],0,[]
3906,1,"[""C:\\Users\\Ethan\\CoreFiles\\ProjectsFile\\AcademicResearch-auto-workflow\\workspace\\references\\attachments\\房地产产业安全评价的理论与实证研究.pdf""]",0,[]
3907,1,"[""C:\\Users\\Ethan\\CoreFiles\\ProjectsFile\\AcademicResearch-auto-workflow\\workspace\\references\\attachments\\虚拟经济视角下房地产价格波动问题研究.pdf""]",0,[]
3908,1,"[""C:\\Users\\Ethan\\CoreFiles\\ProjectsFile\\AcademicResearch-auto-workflow\\workspace\\references\\attachments\\我国商业银行买入返售业务风险问题研究.pdf""]",0,[]
3909,1,"[""C:\\Users\\Ethan\\CoreFiles\\ProjectsFile\\AcademicResearch-auto-workflow\\workspace\\references\\attachments\\高质量发展背景下防范化解系统性金融风险路径.pdf""]",0,[]
3910,1,"[""C:\\Users\\Ethan\\CoreFiles\\ProjectsFile\\AcademicResearch-auto-workflow\\workspace\\references\\attachments\\影子银行、房价波动与金融稳定性的动态研究——基于SVAR模型的实证分析.pdf""]",0,[]
3911,1,"[""C:\\Users\\Ethan\\CoreFiles\\ProjectsFile\\AcademicResearch-auto-workflow\\workspace\\references\\attachments\\我国货币政策调控房地产价格的效应研究.pdf""]",0,[]
3912,1,"[""C:\\Users\\Ethan\\CoreFiles\\ProjectsFile\\AcademicResearch-auto-workflow\\workspace\\references\\attachments\\中国人民银行XT市中心支行内部控制优化.pdf""]",0,[]
3913,1,"[""C:\\Users\\Ethan\\CoreFiles\\ProjectsFile\\AcademicResearch-auto-workflow\\workspace\\references\\attachments\\金融开放对我国银行系统性风险的影响研究.pdf""]",0,[]
3914,1,"[""C:\\Users\\Ethan\\CoreFiles\\ProjectsFile\\AcademicResearch-auto-workflow\\workspace\\references\\attachments\\我国上市商业银行系统性风险度量与差异化监管实证研究.pdf""]",0,[]
3915,1,"[""C:\\Users\\Ethan\\CoreFiles\\ProjectsFile\\AcademicResearch-auto-workflow\\workspace\\references\\attachments\\中美房地产经济风险对金融体系的影响探析.pdf""]",0,[]
3916,1,"[""C:\\Users\\Ethan\\CoreFiles\\ProjectsFile\\AcademicResearch-auto-workflow\\workspace\\references\\attachments\\中国影子银行系统的风险传递机制与脆弱性研究.pdf""]",0,[]
3917,0,[],0,[]
3918,1,"[""C:\\Users\\Ethan\\CoreFiles\\ProjectsFile\\AcademicResearch-auto-workflow\\workspace\\references\\attachments\\基于系统性风险防范的商业银行资本计提研究.pdf""]",0,[]
3919,1,"[""C:\\Users\\Ethan\\CoreFiles\\ProjectsFile\\AcademicResearch-auto-workflow\\workspace\\references\\attachments\\构建服务实体经济的中国金融体系.pdf""]",0,[]
3920,1,"[""C:\\Users\\Ethan\\CoreFiles\\ProjectsFile\\AcademicResearch-auto-workflow\\workspace\\references\\attachments\\浅析存量住宅市场量价波动特征及其对房地产估价的影响——以无锡市为例.pdf""]",0,[]
3921,1,"[""C:\\Users\\Ethan\\CoreFiles\\ProjectsFile\\AcademicResearch-auto-workflow\\workspace\\references\\attachments\\我国系统性金融风险的测度及其影响因素分析.pdf""]",0,[]
3922,0,[],0,[]
3923,1,"[""C:\\Users\\Ethan\\CoreFiles\\ProjectsFile\\AcademicResearch-auto-workflow\\workspace\\references\\attachments\\施瓦茨的影子银行体系监管理论研究与启示——以市场失灵理论为分析框架.pdf""]",0,[]
3924,1,"[""C:\\Users\\Ethan\\CoreFiles\\ProjectsFile\\AcademicResearch-auto-workflow\\workspace\\references\\attachments\\我国房地产业对商业银行的影响研究.pdf""]",0,[]
3925,1,"[""C:\\Users\\Ethan\\CoreFiles\\ProjectsFile\\AcademicResearch-auto-workflow\\workspace\\references\\attachments\\房地产企业财务风险的特点与防范.pdf""]",0,[]
3926,1,"[""C:\\Users\\Ethan\\CoreFiles\\ProjectsFile\\AcademicResearch-auto-workflow\\workspace\\references\\attachments\\在正确时点作出的适度反应.pdf""]",0,[]
3927,1,"[""C:\\Users\\Ethan\\CoreFiles\\ProjectsFile\\AcademicResearch-auto-workflow\\workspace\\references\\attachments\\我国上市银行多元化经营对系统性风险的影响研究.pdf""]",0,[]
3928,1,"[""C:\\Users\\Ethan\\CoreFiles\\ProjectsFile\\AcademicResearch-auto-workflow\\workspace\\references\\attachments\\跨行业风险溢出下中国银行业系统性风险研究.pdf""]",0,[]
3929,0,[],0,[]
3930,1,"[""C:\\Users\\Ethan\\CoreFiles\\ProjectsFile\\AcademicResearch-auto-workflow\\workspace\\references\\attachments\\金融稳定视角下的流动性风险传染研究新进展.pdf""]",0,[]
3931,1,"[""C:\\Users\\Ethan\\CoreFiles\\ProjectsFile\\AcademicResearch-auto-workflow\\workspace\\references\\attachments\\房地产经济波动视角下金融风险的防范措施研究.pdf""]",0,[]
3932,1,"[""C:\\Users\\Ethan\\CoreFiles\\ProjectsFile\\AcademicResearch-auto-workflow\\workspace\\references\\attachments\\金融科技对我国银行风险承担行为的影响研究.pdf""]",0,[]
3933,1,"[""C:\\Users\\Ethan\\CoreFiles\\ProjectsFile\\AcademicResearch-auto-workflow\\workspace\\references\\attachments\\次贷危机影响下美国股市与我国房地产市场波动溢出效应分析——基于BEKK-MVGARCH模型的检验.pdf""]",0,[]
3934,1,"[""C:\\Users\\Ethan\\CoreFiles\\ProjectsFile\\AcademicResearch-auto-workflow\\workspace\\references\\attachments\\管理银行个体和系统性风险_未来趋势.pdf""]",0,[]
3935,1,"[""C:\\Users\\Ethan\\CoreFiles\\ProjectsFile\\AcademicResearch-auto-workflow\\workspace\\references\\attachments\\中国房地产市场区域差异研究.pdf""]",0,[]
3936,1,"[""C:\\Users\\Ethan\\CoreFiles\\ProjectsFile\\AcademicResearch-auto-workflow\\workspace\\references\\attachments\\我国房价波动与宏观经济波动的关联性研究.pdf""]",0,[]
3937,1,"[""C:\\Users\\Ethan\\CoreFiles\\ProjectsFile\\AcademicResearch-auto-workflow\\workspace\\references\\attachments\\股票市场和房地产市场间系统性风险传染效应分析.pdf""]",0,[]
3938,1,"[""C:\\Users\\Ethan\\CoreFiles\\ProjectsFile\\AcademicResearch-auto-workflow\\workspace\\references\\attachments\\浅析我国房地产市场波动对建筑施工行业的影响.pdf""]",0,[]
3939,1,"[""C:\\Users\\Ethan\\CoreFiles\\ProjectsFile\\AcademicResearch-auto-workflow\\workspace\\references\\attachments\\西方最后贷款人理论的发展与评价.pdf""]",0,[]
3940,1,"[""C:\\Users\\Ethan\\CoreFiles\\ProjectsFile\\AcademicResearch-auto-workflow\\workspace\\references\\attachments\\从上市公司股票趋势角度分析与预测房地产市场周期波动.pdf""]",0,[]
3941,1,"[""C:\\Users\\Ethan\\CoreFiles\\ProjectsFile\\AcademicResearch-auto-workflow\\workspace\\references\\attachments\\股份制商业银行如何防范系统性风险.pdf""]",0,[]
3942,1,"[""C:\\Users\\Ethan\\CoreFiles\\ProjectsFile\\AcademicResearch-auto-workflow\\workspace\\references\\attachments\\房地产收益率与通货膨胀率的相关性研究——基于对我国房地产周期波动过程的考察.pdf""]",0,[]
3943,1,"[""C:\\Users\\Ethan\\CoreFiles\\ProjectsFile\\AcademicResearch-auto-workflow\\workspace\\references\\attachments\\经济学视角下的城镇住房问题研究述评.pdf""]",0,[]
3944,1,"[""C:\\Users\\Ethan\\CoreFiles\\ProjectsFile\\AcademicResearch-auto-workflow\\workspace\\references\\attachments\\加强中央银行宏观审慎监管职能的思考.pdf""]",0,[]
3945,1,"[""C:\\Users\\Ethan\\CoreFiles\\ProjectsFile\\AcademicResearch-auto-workflow\\workspace\\references\\attachments\\业务同质化、市场竞争与银行系统性风险.pdf""]",0,[]
3946,1,"[""C:\\Users\\Ethan\\CoreFiles\\ProjectsFile\\AcademicResearch-auto-workflow\\workspace\\references\\attachments\\Basel Ⅲ视角下中国系统重要性银行测度及影响因素分析.pdf""]",0,[]
3947,1,"[""C:\\Users\\Ethan\\CoreFiles\\ProjectsFile\\AcademicResearch-auto-workflow\\workspace\\references\\attachments\\房地产市场波动与经济增长_文献综述.pdf""]",0,[]
3948,1,"[""C:\\Users\\Ethan\\CoreFiles\\ProjectsFile\\AcademicResearch-auto-workflow\\workspace\\references\\attachments\\宣昌能：更好建设金融稳定长效机制  守住不发生系统性风险底线.pdf""]",0,[]
3949,1,"[""C:\\Users\\Ethan\\CoreFiles\\ProjectsFile\\AcademicResearch-auto-workflow\\workspace\\references\\attachments\\中国影子银行通道演变及风险形成机理研究——基于机构关联的视角.pdf""]",0,[]
3950,1,"[""C:\\Users\\Ethan\\CoreFiles\\ProjectsFile\\AcademicResearch-auto-workflow\\workspace\\references\\attachments\\影子银行风险传染的宏观效应、中观渠道与微观机理综述.pdf""]",0,[]
3951,1,"[""C:\\Users\\Ethan\\CoreFiles\\ProjectsFile\\AcademicResearch-auto-workflow\\workspace\\references\\attachments\\深圳房地产周期波动研究.pdf""]",0,[]
3952,1,"[""C:\\Users\\Ethan\\CoreFiles\\ProjectsFile\\AcademicResearch-auto-workflow\\workspace\\references\\attachments\\商业银行交叉金融业务风险分析及防控策略.pdf""]",0,[]
3953,1,"[""C:\\Users\\Ethan\\CoreFiles\\ProjectsFile\\AcademicResearch-auto-workflow\\workspace\\references\\attachments\\房价与汇率变动相关关系的实证研究.pdf""]",0,[]
3954,1,"[""C:\\Users\\Ethan\\CoreFiles\\ProjectsFile\\AcademicResearch-auto-workflow\\workspace\\references\\attachments\\房地产信贷对我国银行体系系统性风险的影响——基于银行体系内部借贷网络的模拟实证研究.pdf""]",0,[]
3955,1,"[""C:\\Users\\Ethan\\CoreFiles\\ProjectsFile\\AcademicResearch-auto-workflow\\workspace\\references\\attachments\\基于Copula的商业银行整合风险与系统性风险度量.pdf""]",0,[]
3956,1,"[""C:\\Users\\Ethan\\CoreFiles\\ProjectsFile\\AcademicResearch-auto-workflow\\workspace\\references\\attachments\\利率市场化对房地产行业的影响研究.pdf""]",0,[]
3957,1,"[""C:\\Users\\Ethan\\CoreFiles\\ProjectsFile\\AcademicResearch-auto-workflow\\workspace\\references\\attachments\\资产科目视角下影子银行对银行系统性风险的影响——兼论跨境资本流动与金融监管的调节作用.pdf""]",0,[]
3958,1,"[""C:\\Users\\Ethan\\CoreFiles\\ProjectsFile\\AcademicResearch-auto-workflow\\workspace\\references\\attachments\\资产价格泡沫对我国银行业系统性风险的影响研究.pdf""]",0,[]
3959,1,"[""C:\\Users\\Ethan\\CoreFiles\\ProjectsFile\\AcademicResearch-auto-workflow\\workspace\\references\\attachments\\我国上市商业银行的系统性风险评估研究.pdf""]",0,[]
3960,1,"[""C:\\Users\\Ethan\\CoreFiles\\ProjectsFile\\AcademicResearch-auto-workflow\\workspace\\references\\attachments\\高管激励、银行业务与商业银行系统性风险——来自中国14家上市银行的证据.pdf""]",0,[]
3961,1,"[""C:\\Users\\Ethan\\CoreFiles\\ProjectsFile\\AcademicResearch-auto-workflow\\workspace\\references\\attachments\\商业银行多层网络结构对系统性风险影响研究.pdf""]",0,[]
3962,1,"[""C:\\Users\\Ethan\\CoreFiles\\ProjectsFile\\AcademicResearch-auto-workflow\\workspace\\references\\attachments\\金融周期视角下实体经济波动对银行业系统性风险的影响.pdf""]",0,[]
3963,1,"[""C:\\Users\\Ethan\\CoreFiles\\ProjectsFile\\AcademicResearch-auto-workflow\\workspace\\references\\attachments\\房价如何变动？.pdf""]",0,[]
3964,1,"[""C:\\Users\\Ethan\\CoreFiles\\ProjectsFile\\AcademicResearch-auto-workflow\\workspace\\references\\attachments\\基于防范系统性金融风险的国有商业银行内部审计研究.pdf""]",0,[]
3965,1,"[""C:\\Users\\Ethan\\CoreFiles\\ProjectsFile\\AcademicResearch-auto-workflow\\workspace\\references\\attachments\\基于房价组合预测的以房养老产品定价研究.pdf""]",0,[]
3966,1,"[""C:\\Users\\Ethan\\CoreFiles\\ProjectsFile\\AcademicResearch-auto-workflow\\workspace\\references\\attachments\\狙击“灰犀牛”.pdf""]",0,[]
3967,1,"[""C:\\Users\\Ethan\\CoreFiles\\ProjectsFile\\AcademicResearch-auto-workflow\\workspace\\references\\attachments\\公司ESG评级与银行尾部系统风险溢出.pdf""]",0,[]
3968,1,"[""C:\\Users\\Ethan\\CoreFiles\\ProjectsFile\\AcademicResearch-auto-workflow\\workspace\\references\\attachments\\商业银行尾部风险网络关联性与系统性风险——基于中国上市银行的实证检验.pdf""]",0,[]
3969,1,"[""C:\\Users\\Ethan\\CoreFiles\\ProjectsFile\\AcademicResearch-auto-workflow\\workspace\\references\\attachments\\我国房地产价格的非理性波动与政府对策.pdf""]",0,[]
3970,1,"[""C:\\Users\\Ethan\\CoreFiles\\ProjectsFile\\AcademicResearch-auto-workflow\\workspace\\references\\attachments\\新形势下我国影子银行的特点、风险及其监管对策.pdf""]",0,[]
3971,1,"[""C:\\Users\\Ethan\\CoreFiles\\ProjectsFile\\AcademicResearch-auto-workflow\\workspace\\references\\attachments\\我国商业银行系统性风险度量及监管研究.pdf""]",0,[]
3972,1,"[""C:\\Users\\Ethan\\CoreFiles\\ProjectsFile\\AcademicResearch-auto-workflow\\workspace\\references\\attachments\\人口老龄化趋势、区域差异与房地产价格波动的实证分析.pdf""]",0,[]
3973,0,[],0,[]
3974,1,"[""C:\\Users\\Ethan\\CoreFiles\\ProjectsFile\\AcademicResearch-auto-workflow\\workspace\\references\\attachments\\中国金融机构系统风险对宏观经济的影响.pdf""]",0,[]
3975,1,"[""C:\\Users\\Ethan\\CoreFiles\\ProjectsFile\\AcademicResearch-auto-workflow\\workspace\\references\\attachments\\货币政策对商业银行系统性风险的影响——来自中国上市银行的经验证据.pdf""]",0,[]
3976,1,"[""C:\\Users\\Ethan\\CoreFiles\\ProjectsFile\\AcademicResearch-auto-workflow\\workspace\\references\\attachments\\房价波动与家庭消费行为.pdf""]",0,[]
3977,1,"[""C:\\Users\\Ethan\\CoreFiles\\ProjectsFile\\AcademicResearch-auto-workflow\\workspace\\references\\attachments\\城镇化背景下我国房地产投资波动研究.pdf""]",0,[]
3978,1,"[""C:\\Users\\Ethan\\CoreFiles\\ProjectsFile\\AcademicResearch-auto-workflow\\workspace\\references\\attachments\\中国商业银行的系统性风险形成机理与应对.pdf""]",0,[]
3979,1,"[""C:\\Users\\Ethan\\CoreFiles\\ProjectsFile\\AcademicResearch-auto-workflow\\workspace\\references\\attachments\\土地资产证券化对商业银行风险的影响研究.pdf""]",0,[]
3980,1,"[""C:\\Users\\Ethan\\CoreFiles\\ProjectsFile\\AcademicResearch-auto-workflow\\workspace\\references\\attachments\\房地产市场财富效应对消费行为的影响.pdf""]",0,[]
3981,0,[],0,[]
3982,1,"[""C:\\Users\\Ethan\\CoreFiles\\ProjectsFile\\AcademicResearch-auto-workflow\\workspace\\references\\attachments\\货币政策与资产价格关系的实证研究.pdf""]",0,[]
3983,1,"[""C:\\Users\\Ethan\\CoreFiles\\ProjectsFile\\AcademicResearch-auto-workflow\\workspace\\references\\attachments\\西部资源型城市房地产市场波动机理及治理对策研究.pdf""]",0,[]
3984,1,"[""C:\\Users\\Ethan\\CoreFiles\\ProjectsFile\\AcademicResearch-auto-workflow\\workspace\\references\\attachments\\ESG评级对商业银行系统性风险贡献的影响研究.pdf""]",0,[]
3985,0,[],0,[]
3986,1,"[""C:\\Users\\Ethan\\CoreFiles\\ProjectsFile\\AcademicResearch-auto-workflow\\workspace\\references\\attachments\\当前金融形势与金融安全.pdf""]",0,[]
3987,1,"[""C:\\Users\\Ethan\\CoreFiles\\ProjectsFile\\AcademicResearch-auto-workflow\\workspace\\references\\attachments\\房地产价格随机波动与抵押贷款风险值(VaR)的研究.pdf""]",0,[]
3988,1,"[""C:\\Users\\Ethan\\CoreFiles\\ProjectsFile\\AcademicResearch-auto-workflow\\workspace\\references\\attachments\\关于房地产价格随机波动与评估、抵押风险的研究.pdf""]",0,[]
3989,1,"[""C:\\Users\\Ethan\\CoreFiles\\ProjectsFile\\AcademicResearch-auto-workflow\\workspace\\references\\attachments\\关于构建区域宏观审慎管理体系的探讨——基于中央银行的视角.pdf""]",0,[]
3990,1,"[""C:\\Users\\Ethan\\CoreFiles\\ProjectsFile\\AcademicResearch-auto-workflow\\workspace\\references\\attachments\\非银行支付统一清算的法律问题研究.pdf""]",0,[]
3991,1,"[""C:\\Users\\Ethan\\CoreFiles\\ProjectsFile\\AcademicResearch-auto-workflow\\workspace\\references\\attachments\\基于一致性预期的房价波动影响因素实证研究.pdf""]",0,[]
3992,1,"[""C:\\Users\\Ethan\\CoreFiles\\ProjectsFile\\AcademicResearch-auto-workflow\\workspace\\references\\attachments\\房地产价格对地方财政收入的效应研究文献述评.pdf""]",0,[]
3993,0,[],0,[]
3994,1,"[""C:\\Users\\Ethan\\CoreFiles\\ProjectsFile\\AcademicResearch-auto-workflow\\workspace\\references\\attachments\\金融衍生品交易对银行业风险的影响及预警作用研究.pdf""]",0,[]
3995,1,"[""C:\\Users\\Ethan\\CoreFiles\\ProjectsFile\\AcademicResearch-auto-workflow\\workspace\\references\\attachments\\银行理财年中会止跌回升吗.pdf""]",0,[]
3996,1,"[""C:\\Users\\Ethan\\CoreFiles\\ProjectsFile\\AcademicResearch-auto-workflow\\workspace\\references\\attachments\\房地产泡沫的传染机制及成因研究.pdf""]",0,[]
3997,0,[],0,[]
3998,1,"[""C:\\Users\\Ethan\\CoreFiles\\ProjectsFile\\AcademicResearch-auto-workflow\\workspace\\references\\attachments\\防范系统性金融风险需完善金融法律体系——访第十三届全国人大代表、中国人民银行广州分行行长、国家外汇管理局广东省分局局长白鹤祥.pdf""]",0,[]
3999,1,"[""C:\\Users\\Ethan\\CoreFiles\\ProjectsFile\\AcademicResearch-auto-workflow\\workspace\\references\\attachments\\房价泡沫与金融风险：理论分析与经验证据.pdf""]",0,[]
4000,1,"[""C:\\Users\\Ethan\\CoreFiles\\ProjectsFile\\AcademicResearch-auto-workflow\\workspace\\references\\attachments\\商业银行数字化转型对其系统性风险的影响研究.pdf""]",0,[]
4001,0,[],0,[]
4002,1,"[""C:\\Users\\Ethan\\CoreFiles\\ProjectsFile\\AcademicResearch-auto-workflow\\workspace\\references\\attachments\\陕西省房地产价格波动特点、原因及对策.pdf""]",0,[]
4003,1,"[""C:\\Users\\Ethan\\CoreFiles\\ProjectsFile\\AcademicResearch-auto-workflow\\workspace\\references\\attachments\\金融监管结构与系统性风险防控的关系研究.pdf""]",0,[]
4004,1,"[""C:\\Users\\Ethan\\CoreFiles\\ProjectsFile\\AcademicResearch-auto-workflow\\workspace\\references\\attachments\\银行在房地产开发中的作用和政策问题.pdf""]",0,[]
4005,1,"[""C:\\Users\\Ethan\\CoreFiles\\ProjectsFile\\AcademicResearch-auto-workflow\\workspace\\references\\attachments\\金融自由化、房地产波动与经济稳定.pdf""]",0,[]
4006,1,"[""C:\\Users\\Ethan\\CoreFiles\\ProjectsFile\\AcademicResearch-auto-workflow\\workspace\\references\\attachments\\房地产市场周期波动与金融安全问题分析.pdf""]",0,[]
4007,1,"[""C:\\Users\\Ethan\\CoreFiles\\ProjectsFile\\AcademicResearch-auto-workflow\\workspace\\references\\attachments\\中国商业银行系统性风险传染的实证研究.pdf""]",0,[]
4008,1,"[""C:\\Users\\Ethan\\CoreFiles\\ProjectsFile\\AcademicResearch-auto-workflow\\workspace\\references\\attachments\\政府干预下的房地产价格波动.pdf""]",0,[]
4009,1,"[""C:\\Users\\Ethan\\CoreFiles\\ProjectsFile\\AcademicResearch-auto-workflow\\workspace\\references\\attachments\\存贷比监管改革对银行稳健经营的影响研究.pdf""]",0,[]
4010,1,"[""C:\\Users\\Ethan\\CoreFiles\\ProjectsFile\\AcademicResearch-auto-workflow\\workspace\\references\\attachments\\股份制商业银行不能忽视非系统性风险.pdf""]",0,[]
4011,1,"[""C:\\Users\\Ethan\\CoreFiles\\ProjectsFile\\AcademicResearch-auto-workflow\\workspace\\references\\attachments\\基于二分网络的银行系统性风险研究.pdf""]",0,[]
4012,1,"[""C:\\Users\\Ethan\\CoreFiles\\ProjectsFile\\AcademicResearch-auto-workflow\\workspace\\references\\attachments\\更严格的资本要求会提高资本成本吗_——银行资本监管与低风险异常.pdf""]",0,[]
4013,1,"[""C:\\Users\\Ethan\\CoreFiles\\ProjectsFile\\AcademicResearch-auto-workflow\\workspace\\references\\attachments\\房地产经济波动的影响因素及营销对策分析.pdf""]",0,[]
4014,1,"[""C:\\Users\\Ethan\\CoreFiles\\ProjectsFile\\AcademicResearch-auto-workflow\\workspace\\references\\attachments\\金融机构系统性风险贡献与网络关联.pdf""]",0,[]
4015,1,"[""C:\\Users\\Ethan\\CoreFiles\\ProjectsFile\\AcademicResearch-auto-workflow\\workspace\\references\\attachments\\中国的影子银行风险及规制工具选择.pdf""]",0,[]
4016,0,[],0,[]
4017,0,[],0,[]
4018,0,[],0,[]
4019,1,"[""C:\\Users\\Ethan\\CoreFiles\\ProjectsFile\\AcademicResearch-auto-workflow\\workspace\\references\\attachments\\中小银行股东监管：现状、困境与制度完善.pdf""]",0,[]
4020,1,"[""C:\\Users\\Ethan\\CoreFiles\\ProjectsFile\\AcademicResearch-auto-workflow\\workspace\\references\\attachments\\中国房地产周期波动与宏观政策有效性分析.pdf""]",0,[]
4021,1,"[""C:\\Users\\Ethan\\CoreFiles\\ProjectsFile\\AcademicResearch-auto-workflow\\workspace\\references\\attachments\\多来源经济不确定性对香港市场房地产投资信托基金收益率波动性的影响研究.pdf""]",0,[]
4022,1,"[""C:\\Users\\Ethan\\CoreFiles\\ProjectsFile\\AcademicResearch-auto-workflow\\workspace\\references\\attachments\\人民币汇率波动与我国房地产价格关系的实证研究.pdf""]",0,[]
4023,1,"[""C:\\Users\\Ethan\\CoreFiles\\ProjectsFile\\AcademicResearch-auto-workflow\\workspace\\references\\attachments\\逆周期宏观审慎银行监管研究评述.pdf""]",0,[]
4024,1,"[""C:\\Users\\Ethan\\CoreFiles\\ProjectsFile\\AcademicResearch-auto-workflow\\workspace\\references\\attachments\\论我国房地产价格波动与银行贷款的关系——基于VAR模型的实证检验.pdf""]",0,[]
4025,1,"[""C:\\Users\\Ethan\\CoreFiles\\ProjectsFile\\AcademicResearch-auto-workflow\\workspace\\references\\attachments\\房地产价格波动影响因素的区域差异实证分析——基于中国东、中、西三大地区的面板数据.pdf""]",0,[]
4026,1,"[""C:\\Users\\Ethan\\CoreFiles\\ProjectsFile\\AcademicResearch-auto-workflow\\workspace\\references\\attachments\\基于DCC-Copula方法的商业银行系统性风险溢出效应研究.pdf""]",0,[]
4027,1,"[""C:\\Users\\Ethan\\CoreFiles\\ProjectsFile\\AcademicResearch-auto-workflow\\workspace\\references\\attachments\\我国房地产价格波动对金融稳定影响的理论和实证研究.pdf""]",0,[]
4028,1,"[""C:\\Users\\Ethan\\CoreFiles\\ProjectsFile\\AcademicResearch-auto-workflow\\workspace\\references\\attachments\\社会融资规模对房地产价格波动的影响研究.pdf""]",0,[]
4029,1,"[""C:\\Users\\Ethan\\CoreFiles\\ProjectsFile\\AcademicResearch-auto-workflow\\workspace\\references\\attachments\\广东房地产周期波动与区域金融稳定的关系研究.pdf""]",0,[]
4030,1,"[""C:\\Users\\Ethan\\CoreFiles\\ProjectsFile\\AcademicResearch-auto-workflow\\workspace\\references\\attachments\\中国房地产周期波动实证分析.pdf""]",0,[]
4031,1,"[""C:\\Users\\Ethan\\CoreFiles\\ProjectsFile\\AcademicResearch-auto-workflow\\workspace\\references\\attachments\\金融信贷是否中国房地产、股票价格泡沫和波动的原因——基于有向无环图的分析.pdf""]",0,[]
4032,1,"[""C:\\Users\\Ethan\\CoreFiles\\ProjectsFile\\AcademicResearch-auto-workflow\\workspace\\references\\attachments\\房价波动对银行业系统性风险的影响研究——来自我国14家上市商业银行的经验证据.pdf""]",0,[]
4033,1,"[""C:\\Users\\Ethan\\CoreFiles\\ProjectsFile\\AcademicResearch-auto-workflow\\workspace\\references\\attachments\\基于DebtRank算法的银行系统重要性与脆弱性测度方案设计.pdf""]",0,[]
4034,1,"[""C:\\Users\\Ethan\\CoreFiles\\ProjectsFile\\AcademicResearch-auto-workflow\\workspace\\references\\attachments\\商业银行新型资本工具发行的国际实践及展望.pdf""]",0,[]
4035,0,[],0,[]
4036,1,"[""C:\\Users\\Ethan\\CoreFiles\\ProjectsFile\\AcademicResearch-auto-workflow\\workspace\\references\\attachments\\房地产价格波动、货币政策与中国经济波动.pdf""]",0,[]
4037,1,"[""C:\\Users\\Ethan\\CoreFiles\\ProjectsFile\\AcademicResearch-auto-workflow\\workspace\\references\\attachments\\中国银行系统的宏观审慎监管研究.pdf""]",0,[]
4038,1,"[""C:\\Users\\Ethan\\CoreFiles\\ProjectsFile\\AcademicResearch-auto-workflow\\workspace\\references\\attachments\\同业借贷网络优化视角下的银行系统性风险研究.pdf""]",0,[]
4039,0,[],0,[]
4040,1,"[""C:\\Users\\Ethan\\CoreFiles\\ProjectsFile\\AcademicResearch-auto-workflow\\workspace\\references\\attachments\\国有独资商业银行开放与金融安全研究.pdf""]",0,[]
4041,1,"[""C:\\Users\\Ethan\\CoreFiles\\ProjectsFile\\AcademicResearch-auto-workflow\\workspace\\references\\attachments\\关联度与系统性风险研究——一个文献综述.pdf""]",0,[]
4042,1,"[""C:\\Users\\Ethan\\CoreFiles\\ProjectsFile\\AcademicResearch-auto-workflow\\workspace\\references\\attachments\\双渠道传染下银行系统性风险研究.pdf""]",0,[]
4043,1,"[""C:\\Users\\Ethan\\CoreFiles\\ProjectsFile\\AcademicResearch-auto-workflow\\workspace\\references\\attachments\\股票价格震荡对银行系统风险的影响.pdf""]",0,[]
4044,0,[],0,[]
4045,1,"[""C:\\Users\\Ethan\\CoreFiles\\ProjectsFile\\AcademicResearch-auto-workflow\\workspace\\references\\attachments\\中国房地产投资波动对经济周期的影响研究.pdf""]",0,[]
4046,1,"[""C:\\Users\\Ethan\\CoreFiles\\ProjectsFile\\AcademicResearch-auto-workflow\\workspace\\references\\attachments\\江西省房地产市场风险及周期波动研究.pdf""]",0,[]
4047,0,[],0,[]
4048,1,"[""C:\\Users\\Ethan\\CoreFiles\\ProjectsFile\\AcademicResearch-auto-workflow\\workspace\\references\\attachments\\杠杆率对银行系统性风险的影响.pdf""]",0,[]
4049,1,"[""C:\\Users\\Ethan\\CoreFiles\\ProjectsFile\\AcademicResearch-auto-workflow\\workspace\\references\\attachments\\金融科技、宏观经济与银行系统性风险.pdf""]",0,[]
4050,0,[],0,[]
4051,1,"[""C:\\Users\\Ethan\\CoreFiles\\ProjectsFile\\AcademicResearch-auto-workflow\\workspace\\references\\attachments\\房地产融资渠道现状与未来展望及其金融风险解析.pdf""]",0,[]
4052,1,"[""C:\\Users\\Ethan\\CoreFiles\\ProjectsFile\\AcademicResearch-auto-workflow\\workspace\\references\\attachments\\住房按揭贷款资产证券化对商业银行流动性影响.pdf""]",0,[]
4053,1,"[""C:\\Users\\Ethan\\CoreFiles\\ProjectsFile\\AcademicResearch-auto-workflow\\workspace\\references\\attachments\\系统重要性银行识别、银行间流动性与中国银行业系统性风险研究.pdf""]",0,[]
4054,1,"[""C:\\Users\\Ethan\\CoreFiles\\ProjectsFile\\AcademicResearch-auto-workflow\\workspace\\references\\attachments\\基于复杂网络理论的系统性金融风险研究.pdf""]",0,[]
4055,0,[],0,[]
4056,1,"[""C:\\Users\\Ethan\\CoreFiles\\ProjectsFile\\AcademicResearch-auto-workflow\\workspace\\references\\attachments\\我国房地产经济波动因素分析.pdf""]",0,[]
4057,1,"[""C:\\Users\\Ethan\\CoreFiles\\ProjectsFile\\AcademicResearch-auto-workflow\\workspace\\references\\attachments\\中国银行业系统性风险传染效应研究.pdf""]",0,[]
4058,1,"[""C:\\Users\\Ethan\\CoreFiles\\ProjectsFile\\AcademicResearch-auto-workflow\\workspace\\references\\attachments\\创新型货币政策的绿色效应与风险研究.pdf""]",0,[]
4059,0,[],0,[]
4060,1,"[""C:\\Users\\Ethan\\CoreFiles\\ProjectsFile\\AcademicResearch-auto-workflow\\workspace\\references\\attachments\\防范化解系统性风险的对策.pdf""]",0,[]
4061,1,"[""C:\\Users\\Ethan\\CoreFiles\\ProjectsFile\\AcademicResearch-auto-workflow\\workspace\\references\\attachments\\中国系统重要性银行监管研究.pdf""]",0,[]
4062,0,[],0,[]
4063,1,"[""C:\\Users\\Ethan\\CoreFiles\\ProjectsFile\\AcademicResearch-auto-workflow\\workspace\\references\\attachments\\商业银行绩效审计评价指标体系构建研究——基于信贷系统性风险防范视角.pdf""]",0,[]
4064,1,"[""C:\\Users\\Ethan\\CoreFiles\\ProjectsFile\\AcademicResearch-auto-workflow\\workspace\\references\\attachments\\基于可解释机器学习的银行系统性风险分析.pdf""]",0,[]
4065,1,"[""C:\\Users\\Ethan\\CoreFiles\\ProjectsFile\\AcademicResearch-auto-workflow\\workspace\\references\\attachments\\新规的核心是防范系统性风险.pdf""]",0,[]
4066,1,"[""C:\\Users\\Ethan\\CoreFiles\\ProjectsFile\\AcademicResearch-auto-workflow\\workspace\\references\\attachments\\商业银行房地产金融风险的防范.pdf""]",0,[]
4067,1,"[""C:\\Users\\Ethan\\CoreFiles\\ProjectsFile\\AcademicResearch-auto-workflow\\workspace\\references\\attachments\\钱荒期间我国上市商业银行系统性风险溢出效应研究.pdf""]",0,[]
4068,1,"[""C:\\Users\\Ethan\\CoreFiles\\ProjectsFile\\AcademicResearch-auto-workflow\\workspace\\references\\attachments\\房地产市场价格波动与经济周期的关联性分析.pdf""]",0,[]
4069,1,"[""C:\\Users\\Ethan\\CoreFiles\\ProjectsFile\\AcademicResearch-auto-workflow\\workspace\\references\\attachments\\城市商业银行非系统性金融风险影响因素研究——基于公司治理及地方政府视角.pdf""]",0,[]
4070,0,[],0,[]
4071,1,"[""C:\\Users\\Ethan\\CoreFiles\\ProjectsFile\\AcademicResearch-auto-workflow\\workspace\\references\\attachments\\资管新规、影子银行与系统性金融风险.pdf""]",0,[]
4072,1,"[""C:\\Users\\Ethan\\CoreFiles\\ProjectsFile\\AcademicResearch-auto-workflow\\workspace\\references\\attachments\\房地产价格波动的塑性模型及其实证研究——基于广州十区住宅市场历史交易数据.pdf""]",0,[]
4073,1,"[""C:\\Users\\Ethan\\CoreFiles\\ProjectsFile\\AcademicResearch-auto-workflow\\workspace\\references\\attachments\\略论房地产市场价格波动的内在规律.pdf""]",0,[]
4074,1,"[""C:\\Users\\Ethan\\CoreFiles\\ProjectsFile\\AcademicResearch-auto-workflow\\workspace\\references\\attachments\\论商业银行房地产信贷风险与控制.pdf""]",0,[]
4075,1,"[""C:\\Users\\Ethan\\CoreFiles\\ProjectsFile\\AcademicResearch-auto-workflow\\workspace\\references\\attachments\\我国商业银行系统性风险预警思考——基于欧债危机视角.pdf""]",0,[]
4076,1,"[""C:\\Users\\Ethan\\CoreFiles\\ProjectsFile\\AcademicResearch-auto-workflow\\workspace\\references\\attachments\\试论房地产企业的财务管理.pdf""]",0,[]
4077,1,"[""C:\\Users\\Ethan\\CoreFiles\\ProjectsFile\\AcademicResearch-auto-workflow\\workspace\\references\\attachments\\具有CDS的动态多层网络银行系统性风险研究.pdf""]",0,[]
4078,1,"[""C:\\Users\\Ethan\\CoreFiles\\ProjectsFile\\AcademicResearch-auto-workflow\\workspace\\references\\attachments\\谈我国人民币汇率市场与房地产市场波动溢出效应.pdf""]",0,[]
4079,1,"[""C:\\Users\\Ethan\\CoreFiles\\ProjectsFile\\AcademicResearch-auto-workflow\\workspace\\references\\attachments\\房价波动对金融稳定的区制效应.pdf""]",0,[]
4080,1,"[""C:\\Users\\Ethan\\CoreFiles\\ProjectsFile\\AcademicResearch-auto-workflow\\workspace\\references\\attachments\\我国上市商业银行系统性风险中共同风险因素分析.pdf""]",0,[]
4081,1,"[""C:\\Users\\Ethan\\CoreFiles\\ProjectsFile\\AcademicResearch-auto-workflow\\workspace\\references\\attachments\\房贷利率倍数对房价的影响分析.pdf""]",0,[]
4082,1,"[""C:\\Users\\Ethan\\CoreFiles\\ProjectsFile\\AcademicResearch-auto-workflow\\workspace\\references\\attachments\\数据资产化与商业银行系统性风险.pdf""]",0,[]
4083,1,"[""C:\\Users\\Ethan\\CoreFiles\\ProjectsFile\\AcademicResearch-auto-workflow\\workspace\\references\\attachments\\我国房价波动区制转移特征的实证研究.pdf""]",0,[]
4084,1,"[""C:\\Users\\Ethan\\CoreFiles\\ProjectsFile\\AcademicResearch-auto-workflow\\workspace\\references\\attachments\\金融法重构之社会基础_金融利益关系统合化运动.pdf""]",0,[]
4085,1,"[""C:\\Users\\Ethan\\CoreFiles\\ProjectsFile\\AcademicResearch-auto-workflow\\workspace\\references\\attachments\\我国影子银行体系对商业银行稳定性的影响研究.pdf""]",0,[]
4086,1,"[""C:\\Users\\Ethan\\CoreFiles\\ProjectsFile\\AcademicResearch-auto-workflow\\workspace\\references\\attachments\\基于回溯检验的极端金融风险研究.pdf""]",0,[]
4087,1,"[""C:\\Users\\Ethan\\CoreFiles\\ProjectsFile\\AcademicResearch-auto-workflow\\workspace\\references\\attachments\\房地产业周期波动简析——以上海房地产业为例.pdf""]",0,[]
4088,1,"[""C:\\Users\\Ethan\\CoreFiles\\ProjectsFile\\AcademicResearch-auto-workflow\\workspace\\references\\attachments\\房地产影响经济全局.pdf""]",0,[]
4089,1,"[""C:\\Users\\Ethan\\CoreFiles\\ProjectsFile\\AcademicResearch-auto-workflow\\workspace\\references\\attachments\\中国商业银行保持适度规模发展的研究——基于银行业饱和度与系统性风险的分析.pdf""]",0,[]
4090,1,"[""C:\\Users\\Ethan\\CoreFiles\\ProjectsFile\\AcademicResearch-auto-workflow\\workspace\\references\\attachments\\货币供给、购房需求与房地产价格——基于阈值模型TAR的实证研究.pdf""]",0,[]
4091,1,"[""C:\\Users\\Ethan\\CoreFiles\\ProjectsFile\\AcademicResearch-auto-workflow\\workspace\\references\\attachments\\基于VAR模型的广东省银行信贷与房地产价格波动关系研究.pdf""]",0,[]
4092,1,"[""C:\\Users\\Ethan\\CoreFiles\\ProjectsFile\\AcademicResearch-auto-workflow\\workspace\\references\\attachments\\我国影子银行的宏观经济效应研究.pdf""]",0,[]
4093,1,"[""C:\\Users\\Ethan\\CoreFiles\\ProjectsFile\\AcademicResearch-auto-workflow\\workspace\\references\\attachments\\金融科技对商业银行系统性风险影响研究.pdf""]",0,[]
4094,1,"[""C:\\Users\\Ethan\\CoreFiles\\ProjectsFile\\AcademicResearch-auto-workflow\\workspace\\references\\attachments\\论房地产周期波动对房地产行业的影响.pdf""]",0,[]
4095,1,"[""C:\\Users\\Ethan\\CoreFiles\\ProjectsFile\\AcademicResearch-auto-workflow\\workspace\\references\\attachments\\基于KMRW的房地产调控政策回应性评价方法及实证研究.pdf""]",0,[]
4096,1,"[""C:\\Users\\Ethan\\CoreFiles\\ProjectsFile\\AcademicResearch-auto-workflow\\workspace\\references\\attachments\\流动性创造导致商业银行系统性风险增加吗_——基于利率市场化视角的实证分析.pdf""]",0,[]
4097,1,"[""C:\\Users\\Ethan\\CoreFiles\\ProjectsFile\\AcademicResearch-auto-workflow\\workspace\\references\\attachments\\复杂网络视角下银行间风险传染效应研究.pdf""]",0,[]
4098,0,[],0,[]
4099,0,[],0,[]
4100,1,"[""C:\\Users\\Ethan\\CoreFiles\\ProjectsFile\\AcademicResearch-auto-workflow\\workspace\\references\\attachments\\影子银行对区域金融稳定性的影响分析.pdf""]",0,[]
4101,1,"[""C:\\Users\\Ethan\\CoreFiles\\ProjectsFile\\AcademicResearch-auto-workflow\\workspace\\references\\attachments\\宏观审慎评估体系对商业银行风险承担的影响研究.pdf""]",0,[]
4102,1,"[""C:\\Users\\Ethan\\CoreFiles\\ProjectsFile\\AcademicResearch-auto-workflow\\workspace\\references\\attachments\\工业革命、金融革命与系统性风险治理.pdf""]",0,[]
4103,1,"[""C:\\Users\\Ethan\\CoreFiles\\ProjectsFile\\AcademicResearch-auto-workflow\\workspace\\references\\attachments\\应从金融结构演进角度客观评估影子银行.pdf""]",0,[]
4104,1,"[""C:\\Users\\Ethan\\CoreFiles\\ProjectsFile\\AcademicResearch-auto-workflow\\workspace\\references\\attachments\\利率市场化、资产价格对银行系统性风险影响研究.pdf""]",0,[]
4105,1,"[""C:\\Users\\Ethan\\CoreFiles\\ProjectsFile\\AcademicResearch-auto-workflow\\workspace\\references\\attachments\\基于复杂网络的银行间拆借市场风险传染研究.pdf""]",0,[]
4106,1,"[""C:\\Users\\Ethan\\CoreFiles\\ProjectsFile\\AcademicResearch-auto-workflow\\workspace\\references\\attachments\\经济增长、收入差距和房地产价格关系的实证研究.pdf""]",0,[]
4107,1,"[""C:\\Users\\Ethan\\CoreFiles\\ProjectsFile\\AcademicResearch-auto-workflow\\workspace\\references\\attachments\\我国银行业系统性风险研究——基于贝塔系数的测算.pdf""]",0,[]
4108,1,"[""C:\\Users\\Ethan\\CoreFiles\\ProjectsFile\\AcademicResearch-auto-workflow\\workspace\\references\\attachments\\新型城镇化对房价的影响.pdf""]",0,[]
4109,0,[],0,[]
4110,1,"[""C:\\Users\\Ethan\\CoreFiles\\ProjectsFile\\AcademicResearch-auto-workflow\\workspace\\references\\attachments\\税务总局：取消城市房地产税不会造成房价波动.pdf""]",0,[]
4111,1,"[""C:\\Users\\Ethan\\CoreFiles\\ProjectsFile\\AcademicResearch-auto-workflow\\workspace\\references\\attachments\\机构异质性视角下系统性风险演化机制及防范化解研究.pdf""]",0,[]
4112,1,"[""C:\\Users\\Ethan\\CoreFiles\\ProjectsFile\\AcademicResearch-auto-workflow\\workspace\\references\\attachments\\房地产波动规律研究.pdf""]",0,[]
4113,1,"[""C:\\Users\\Ethan\\CoreFiles\\ProjectsFile\\AcademicResearch-auto-workflow\\workspace\\references\\attachments\\具有影子银行的动态银行网络系统稳定性研究.pdf""]",0,[]
4114,1,"[""C:\\Users\\Ethan\\CoreFiles\\ProjectsFile\\AcademicResearch-auto-workflow\\workspace\\references\\attachments\\武汉市房价时空演变特征与影响因素研究.pdf""]",0,[]
4115,1,"[""C:\\Users\\Ethan\\CoreFiles\\ProjectsFile\\AcademicResearch-auto-workflow\\workspace\\references\\attachments\\市场化改革、风险防控和我国金融发展——首届“中国金融发展学术论坛”综述.pdf""]",0,[]
4116,1,"[""C:\\Users\\Ethan\\CoreFiles\\ProjectsFile\\AcademicResearch-auto-workflow\\workspace\\references\\attachments\\宏观审慎监管框架构建的国际经验与中国实践.pdf""]",0,[]
4117,1,"[""C:\\Users\\Ethan\\CoreFiles\\ProjectsFile\\AcademicResearch-auto-workflow\\workspace\\references\\attachments\\存款竞争对银行系统性风险的影响研究.pdf""]",0,[]
4118,1,"[""C:\\Users\\Ethan\\CoreFiles\\ProjectsFile\\AcademicResearch-auto-workflow\\workspace\\references\\attachments\\应用调控系统防止我国房地产经济剧烈波动的探讨.pdf""]",0,[]
4119,1,"[""C:\\Users\\Ethan\\CoreFiles\\ProjectsFile\\AcademicResearch-auto-workflow\\workspace\\references\\attachments\\银行信贷政策调整对房地产企业的影响.pdf""]",0,[]
4120,1,"[""C:\\Users\\Ethan\\CoreFiles\\ProjectsFile\\AcademicResearch-auto-workflow\\workspace\\references\\attachments\\我国房地产行业上市公司资本结构与绩效关系研究.pdf""]",0,[]
4121,1,"[""C:\\Users\\Ethan\\CoreFiles\\ProjectsFile\\AcademicResearch-auto-workflow\\workspace\\references\\attachments\\经济周期与行业周期叠加下企业债务风险变化的实证分析——来自复杂周期波动下房地产企业的证据.pdf""]",0,[]
4122,1,"[""C:\\Users\\Ethan\\CoreFiles\\ProjectsFile\\AcademicResearch-auto-workflow\\workspace\\references\\attachments\\金融开放对我国上市商业银行系统性风险溢出效应研究.pdf""]",0,[]
4123,1,"[""C:\\Users\\Ethan\\CoreFiles\\ProjectsFile\\AcademicResearch-auto-workflow\\workspace\\references\\attachments\\房地产价格波动与银行信贷关系研究.pdf""]",0,[]
4124,1,"[""C:\\Users\\Ethan\\CoreFiles\\ProjectsFile\\AcademicResearch-auto-workflow\\workspace\\references\\attachments\\房地产宏观调控政策对经济波动的影响研究.pdf""]",0,[]
4125,1,"[""C:\\Users\\Ethan\\CoreFiles\\ProjectsFile\\AcademicResearch-auto-workflow\\workspace\\references\\attachments\\商业银行房地产信贷业务风险防范.pdf""]",0,[]
4126,1,"[""C:\\Users\\Ethan\\CoreFiles\\ProjectsFile\\AcademicResearch-auto-workflow\\workspace\\references\\attachments\\系统性金融风险监管的立法完善.pdf""]",0,[]
4127,1,"[""C:\\Users\\Ethan\\CoreFiles\\ProjectsFile\\AcademicResearch-auto-workflow\\workspace\\references\\attachments\\中国上市银行增量长期条件风险价值估算研究.pdf""]",0,[]
4128,1,"[""C:\\Users\\Ethan\\CoreFiles\\ProjectsFile\\AcademicResearch-auto-workflow\\workspace\\references\\attachments\\商业银行流动性创造与系统性风险——基于中国32家上市银行的经验证据.pdf""]",0,[]
4129,1,"[""C:\\Users\\Ethan\\CoreFiles\\ProjectsFile\\AcademicResearch-auto-workflow\\workspace\\references\\attachments\\开征房产税与抑制房地产价格波动的相关性研究——以7个OECD国家为实证样本.pdf""]",0,[]
4130,1,"[""C:\\Users\\Ethan\\CoreFiles\\ProjectsFile\\AcademicResearch-auto-workflow\\workspace\\references\\attachments\\房企资金压力加剧  业内预警债务爆雷风险应积极自救.pdf""]",0,[]
4131,1,"[""C:\\Users\\Ethan\\CoreFiles\\ProjectsFile\\AcademicResearch-auto-workflow\\workspace\\references\\attachments\\银行信贷对房地产泡沫的影响研究.pdf""]",0,[]
4132,1,"[""C:\\Users\\Ethan\\CoreFiles\\ProjectsFile\\AcademicResearch-auto-workflow\\workspace\\references\\attachments\\欧洲房地产市场波动对宏观经济的影响.pdf""]",0,[]
4133,1,"[""C:\\Users\\Ethan\\CoreFiles\\ProjectsFile\\AcademicResearch-auto-workflow\\workspace\\references\\attachments\\杠杆顺周期视角下银行系统性风险的形成机制及溢出效应研究.pdf""]",0,[]
4134,1,"[""C:\\Users\\Ethan\\CoreFiles\\ProjectsFile\\AcademicResearch-auto-workflow\\workspace\\references\\attachments\\我国系统重要性银行的评估和监管.pdf""]",0,[]
4135,1,"[""C:\\Users\\Ethan\\CoreFiles\\ProjectsFile\\AcademicResearch-auto-workflow\\workspace\\references\\attachments\\论网上银行的风险及其控制.pdf""]",0,[]
4136,1,"[""C:\\Users\\Ethan\\CoreFiles\\ProjectsFile\\AcademicResearch-auto-workflow\\workspace\\references\\attachments\\银行资产负债期限错配对银行系统性风险的影响研究.pdf""]",0,[]
4137,0,[],0,[]
4138,1,"[""C:\\Users\\Ethan\\CoreFiles\\ProjectsFile\\AcademicResearch-auto-workflow\\workspace\\references\\attachments\\上海房地产周期波动研究.pdf""]",0,[]
4139,1,"[""C:\\Users\\Ethan\\CoreFiles\\ProjectsFile\\AcademicResearch-auto-workflow\\workspace\\references\\attachments\\房产税对我国商业银行风险管理的影响分析.pdf""]",0,[]
4140,0,[],0,[]
4141,1,"[""C:\\Users\\Ethan\\CoreFiles\\ProjectsFile\\AcademicResearch-auto-workflow\\workspace\\references\\attachments\\基于复杂网络的系统性风险的传染及救助策略研究.pdf""]",0,[]
4142,1,"[""C:\\Users\\Ethan\\CoreFiles\\ProjectsFile\\AcademicResearch-auto-workflow\\workspace\\references\\attachments\\企业高杠杆率一定会引发银行系统性风险吗_——基于企业资产质量视角的再检验.pdf""]",0,[]
4143,1,"[""C:\\Users\\Ethan\\CoreFiles\\ProjectsFile\\AcademicResearch-auto-workflow\\workspace\\references\\attachments\\中央对手清算的理论和实践.pdf""]",0,[]
4144,1,"[""C:\\Users\\Ethan\\CoreFiles\\ProjectsFile\\AcademicResearch-auto-workflow\\workspace\\references\\attachments\\我国影子银行资产负债表的构建与风险测度研究.pdf""]",0,[]
4145,1,"[""C:\\Users\\Ethan\\CoreFiles\\ProjectsFile\\AcademicResearch-auto-workflow\\workspace\\references\\attachments\\货币政策、非金融企业影子银行业务与信贷资源配置效率.pdf""]",0,[]
4146,1,"[""C:\\Users\\Ethan\\CoreFiles\\ProjectsFile\\AcademicResearch-auto-workflow\\workspace\\references\\attachments\\试论房产税对我国商业银行风险管理的影响.pdf""]",0,[]
4147,1,"[""C:\\Users\\Ethan\\CoreFiles\\ProjectsFile\\AcademicResearch-auto-workflow\\workspace\\references\\attachments\\我国银行业系统性风险的诱发机制与监管研究.pdf""]",0,[]
4148,1,"[""C:\\Users\\Ethan\\CoreFiles\\ProjectsFile\\AcademicResearch-auto-workflow\\workspace\\references\\attachments\\银行房地产信贷对房地产价格影响的实证研究.pdf""]",0,[]
4149,1,"[""C:\\Users\\Ethan\\CoreFiles\\ProjectsFile\\AcademicResearch-auto-workflow\\workspace\\references\\attachments\\银行个人住房贷款业务对系统性风险的影响——基于系统重要性银行.pdf""]",0,[]
4150,1,"[""C:\\Users\\Ethan\\CoreFiles\\ProjectsFile\\AcademicResearch-auto-workflow\\workspace\\references\\attachments\\中国影子银行对银行业系统性风险的影响研究.pdf""]",0,[]
4151,1,"[""C:\\Users\\Ethan\\CoreFiles\\ProjectsFile\\AcademicResearch-auto-workflow\\workspace\\references\\attachments\\中国系统性金融风险传导渠道及其经济效应研究.pdf""]",0,[]
4152,1,"[""C:\\Users\\Ethan\\CoreFiles\\ProjectsFile\\AcademicResearch-auto-workflow\\workspace\\references\\attachments\\货币政策与房地产周期性波动.pdf""]",0,[]
4153,1,"[""C:\\Users\\Ethan\\CoreFiles\\ProjectsFile\\AcademicResearch-auto-workflow\\workspace\\references\\attachments\\银行高管薪酬、风险承担与系统性风险.pdf""]",0,[]
4154,1,"[""C:\\Users\\Ethan\\CoreFiles\\ProjectsFile\\AcademicResearch-auto-workflow\\workspace\\references\\attachments\\基于随机森林模型的清远市商品房住宅价格影响因素研究.pdf""]",0,[]
4155,1,"[""C:\\Users\\Ethan\\CoreFiles\\ProjectsFile\\AcademicResearch-auto-workflow\\workspace\\references\\attachments\\我国上市银行系统关联性研究——基于方差分解的网络拓扑分析.pdf""]",0,[]
4156,1,"[""C:\\Users\\Ethan\\CoreFiles\\ProjectsFile\\AcademicResearch-auto-workflow\\workspace\\references\\attachments\\西安市房地产资金来源结构与房地产价格波动的关系分析.pdf""]",0,[]
4157,0,[],0,[]
4158,1,"[""C:\\Users\\Ethan\\CoreFiles\\ProjectsFile\\AcademicResearch-auto-workflow\\workspace\\references\\attachments\\汇率波动与我国商业银行系统性风险.pdf""]",0,[]
4159,1,"[""C:\\Users\\Ethan\\CoreFiles\\ProjectsFile\\AcademicResearch-auto-workflow\\workspace\\references\\attachments\\我国信贷周期与银行系统性风险关系的实证研究.pdf""]",0,[]
4160,1,"[""C:\\Users\\Ethan\\CoreFiles\\ProjectsFile\\AcademicResearch-auto-workflow\\workspace\\references\\attachments\\房地产税、双向预期冲击与房价波动分析.pdf""]",0,[]
4161,1,"[""C:\\Users\\Ethan\\CoreFiles\\ProjectsFile\\AcademicResearch-auto-workflow\\workspace\\references\\attachments\\境外影子银行监管制度的新进展及其启示.pdf""]",0,[]
4162,1,"[""C:\\Users\\Ethan\\CoreFiles\\ProjectsFile\\AcademicResearch-auto-workflow\\workspace\\references\\attachments\\解析银行信贷扩张对房地产价格泡沫的影响.pdf""]",0,[]
4163,1,"[""C:\\Users\\Ethan\\CoreFiles\\ProjectsFile\\AcademicResearch-auto-workflow\\workspace\\references\\attachments\\房地产价格波动的行为金融学研究——以上海房地产市场为例.pdf""]",0,[]
4164,1,"[""C:\\Users\\Ethan\\CoreFiles\\ProjectsFile\\AcademicResearch-auto-workflow\\workspace\\references\\attachments\\英国金融监管_缘起、法律变革及其启示.pdf""]",0,[]
4165,1,"[""C:\\Users\\Ethan\\CoreFiles\\ProjectsFile\\AcademicResearch-auto-workflow\\workspace\\references\\attachments\\日本房地产泡沫对金融机构的影响.pdf""]",0,[]
4166,1,"[""C:\\Users\\Ethan\\CoreFiles\\ProjectsFile\\AcademicResearch-auto-workflow\\workspace\\references\\attachments\\我国房地产价格波动对经济的影响分析——兼论我国房地产宏观调控.pdf""]",0,[]
4167,1,"[""C:\\Users\\Ethan\\CoreFiles\\ProjectsFile\\AcademicResearch-auto-workflow\\workspace\\references\\attachments\\金融科技发展对银行系统性风险的影响：理论机制与经验证据.pdf""]",0,[]
4168,1,"[""C:\\Users\\Ethan\\CoreFiles\\ProjectsFile\\AcademicResearch-auto-workflow\\workspace\\references\\attachments\\法国金融法律监管机构的重整与强化.pdf""]",0,[]
4169,1,"[""C:\\Users\\Ethan\\CoreFiles\\ProjectsFile\\AcademicResearch-auto-workflow\\workspace\\references\\attachments\\房地产贷款与信用风险的关联性分析.pdf""]",0,[]
4170,1,"[""C:\\Users\\Ethan\\CoreFiles\\ProjectsFile\\AcademicResearch-auto-workflow\\workspace\\references\\attachments\\经济增长与房价波动的相关性研究.pdf""]",0,[]
4171,1,"[""C:\\Users\\Ethan\\CoreFiles\\ProjectsFile\\AcademicResearch-auto-workflow\\workspace\\references\\attachments\\美国商业地产风险对银行业的影响.pdf""]",0,[]
4172,1,"[""C:\\Users\\Ethan\\CoreFiles\\ProjectsFile\\AcademicResearch-auto-workflow\\workspace\\references\\attachments\\利率变动对房地产价格调控效应的实证研究.pdf""]",0,[]
4173,1,"[""C:\\Users\\Ethan\\CoreFiles\\ProjectsFile\\AcademicResearch-auto-workflow\\workspace\\references\\attachments\\中国金融周期的测度、机制与政策效应研究.pdf""]",0,[]
4174,1,"[""C:\\Users\\Ethan\\CoreFiles\\ProjectsFile\\AcademicResearch-auto-workflow\\workspace\\references\\attachments\\气候变化对商业银行系统性风险的影响研究.pdf""]",0,[]
4175,1,"[""C:\\Users\\Ethan\\CoreFiles\\ProjectsFile\\AcademicResearch-auto-workflow\\workspace\\references\\attachments\\银行业房地产贷款对住宅价格影响研究.pdf""]",0,[]
4176,0,[],0,[]
4177,1,"[""C:\\Users\\Ethan\\CoreFiles\\ProjectsFile\\AcademicResearch-auto-workflow\\workspace\\references\\attachments\\房价波动对居民收入分配状况的影响及差异研究——基于CFPS数据的实证型.pdf""]",0,[]
4178,1,"[""C:\\Users\\Ethan\\CoreFiles\\ProjectsFile\\AcademicResearch-auto-workflow\\workspace\\references\\attachments\\商业银行房地产信贷风险管理研究.pdf""]",0,[]
4179,1,"[""C:\\Users\\Ethan\\CoreFiles\\ProjectsFile\\AcademicResearch-auto-workflow\\workspace\\references\\attachments\\基于Shapley值方法的中国上市银行系统重要性研究.pdf""]",0,[]
4180,1,"[""C:\\Users\\Ethan\\CoreFiles\\ProjectsFile\\AcademicResearch-auto-workflow\\workspace\\references\\attachments\\房价波动对系统性风险的影响——基于SRISK模型的研究.pdf""]",0,[]
4181,1,"[""C:\\Users\\Ethan\\CoreFiles\\ProjectsFile\\AcademicResearch-auto-workflow\\workspace\\references\\attachments\\中国房地产经济周期与宏观经济周期对应研究.pdf""]",0,[]
4182,1,"[""C:\\Users\\Ethan\\CoreFiles\\ProjectsFile\\AcademicResearch-auto-workflow\\workspace\\references\\attachments\\基于H—P滤波方法的我国房地产市场波动同宏观经济波动关系研究.pdf""]",0,[]
4183,1,"[""C:\\Users\\Ethan\\CoreFiles\\ProjectsFile\\AcademicResearch-auto-workflow\\workspace\\references\\attachments\\商业银行如何防范化解房地产信贷风险？.pdf""]",0,[]
4184,1,"[""C:\\Users\\Ethan\\CoreFiles\\ProjectsFile\\AcademicResearch-auto-workflow\\workspace\\references\\attachments\\业务多元化对商业银行系统性风险的影响——基于系统性风险分解视角.pdf""]",0,[]
4185,1,"[""C:\\Users\\Ethan\\CoreFiles\\ProjectsFile\\AcademicResearch-auto-workflow\\workspace\\references\\attachments\\房市进入深度调整期  融资偿债成房企续命关键.pdf""]",0,[]
4186,1,"[""C:\\Users\\Ethan\\CoreFiles\\ProjectsFile\\AcademicResearch-auto-workflow\\workspace\\references\\attachments\\房地产价格波动与宏观经济稳定性的联动效应.pdf""]",0,[]
4187,1,"[""C:\\Users\\Ethan\\CoreFiles\\ProjectsFile\\AcademicResearch-auto-workflow\\workspace\\references\\attachments\\次贷危机给中国带来了什么.pdf""]",0,[]
4188,1,"[""C:\\Users\\Ethan\\CoreFiles\\ProjectsFile\\AcademicResearch-auto-workflow\\workspace\\references\\attachments\\论货币监管.pdf""]",0,[]
4189,1,"[""C:\\Users\\Ethan\\CoreFiles\\ProjectsFile\\AcademicResearch-auto-workflow\\workspace\\references\\attachments\\银行资本约束对系统性风险传递的影响.pdf""]",0,[]
4190,1,"[""C:\\Users\\Ethan\\CoreFiles\\ProjectsFile\\AcademicResearch-auto-workflow\\workspace\\references\\attachments\\我国房地产市场和股票市场价格波动关联效应研究.pdf""]",0,[]
4191,1,"[""C:\\Users\\Ethan\\CoreFiles\\ProjectsFile\\AcademicResearch-auto-workflow\\workspace\\references\\attachments\\数字化转型对A股上市商业银行系统性风险的影响研究.pdf""]",0,[]
4192,1,"[""C:\\Users\\Ethan\\CoreFiles\\ProjectsFile\\AcademicResearch-auto-workflow\\workspace\\references\\attachments\\风险分解视角下非利息收入对商业银行系统性风险的影响研究.pdf""]",0,[]
4193,1,"[""C:\\Users\\Ethan\\CoreFiles\\ProjectsFile\\AcademicResearch-auto-workflow\\workspace\\references\\attachments\\基于广义双指数跳扩散模型的房地产信托产品收益率波动特征与实证分析.pdf""]",0,[]
4194,1,"[""C:\\Users\\Ethan\\CoreFiles\\ProjectsFile\\AcademicResearch-auto-workflow\\workspace\\references\\attachments\\新时代金融发展的现实困境与突破路径.pdf""]",0,[]
4195,1,"[""C:\\Users\\Ethan\\CoreFiles\\ProjectsFile\\AcademicResearch-auto-workflow\\workspace\\references\\attachments\\中国银行系统的系统性风险动态演化研究.pdf""]",0,[]
4196,1,"[""C:\\Users\\Ethan\\CoreFiles\\ProjectsFile\\AcademicResearch-auto-workflow\\workspace\\references\\attachments\\房地产市场波动、宏观审慎政策有效性与双支柱调控.pdf""]",0,[]
4197,1,"[""C:\\Users\\Ethan\\CoreFiles\\ProjectsFile\\AcademicResearch-auto-workflow\\workspace\\references\\attachments\\金融科技未来展望.pdf""]",0,[]
4198,0,[],0,[]
4199,1,"[""C:\\Users\\Ethan\\CoreFiles\\ProjectsFile\\AcademicResearch-auto-workflow\\workspace\\references\\attachments\\对影子银行定义和风险的思考.pdf""]",0,[]
4200,1,"[""C:\\Users\\Ethan\\CoreFiles\\ProjectsFile\\AcademicResearch-auto-workflow\\workspace\\references\\attachments\\我国商业银行系统性风险研究.pdf""]",0,[]
4201,1,"[""C:\\Users\\Ethan\\CoreFiles\\ProjectsFile\\AcademicResearch-auto-workflow\\workspace\\references\\attachments\\经济增长状态与银行系统性风险——基于马尔科夫区制转移的CCA模型.pdf""]",0,[]
4202,1,"[""C:\\Users\\Ethan\\CoreFiles\\ProjectsFile\\AcademicResearch-auto-workflow\\workspace\\references\\attachments\\资本监管、商业银行贷款结构与系统性金融风险研究.pdf""]",0,[]
4203,1,"[""C:\\Users\\Ethan\\CoreFiles\\ProjectsFile\\AcademicResearch-auto-workflow\\workspace\\references\\attachments\\房地产价格波动与金融风险探讨.pdf""]",0,[]
4204,1,"[""C:\\Users\\Ethan\\CoreFiles\\ProjectsFile\\AcademicResearch-auto-workflow\\workspace\\references\\attachments\\房地产贷款占比对商业银行稳定性影响的理论推导.pdf""]",0,[]
4205,1,"[""C:\\Users\\Ethan\\CoreFiles\\ProjectsFile\\AcademicResearch-auto-workflow\\workspace\\references\\attachments\\房地产价格波动的机制与对策.pdf""]",0,[]
4206,1,"[""C:\\Users\\Ethan\\CoreFiles\\ProjectsFile\\AcademicResearch-auto-workflow\\workspace\\references\\attachments\\基于CoVaR方法的中国上市银行系统性风险研究.pdf""]",0,[]
4207,1,"[""C:\\Users\\Ethan\\CoreFiles\\ProjectsFile\\AcademicResearch-auto-workflow\\workspace\\references\\attachments\\A农村合作银行小微企业信贷风险管理案例分析.pdf""]",0,[]
4208,1,"[""C:\\Users\\Ethan\\CoreFiles\\ProjectsFile\\AcademicResearch-auto-workflow\\workspace\\references\\attachments\\住房价格波动对我国商业银行系统性风险影响的实证研究.pdf""]",0,[]
4209,0,[],0,[]
4210,1,"[""C:\\Users\\Ethan\\CoreFiles\\ProjectsFile\\AcademicResearch-auto-workflow\\workspace\\references\\attachments\\“双循环”新发展格局下商业银行面临的挑战、机遇与对策研究.pdf""]",0,[]
4211,1,"[""C:\\Users\\Ethan\\CoreFiles\\ProjectsFile\\AcademicResearch-auto-workflow\\workspace\\references\\attachments\\欧盟银行一体化与单一监管机制的创建.pdf""]",0,[]
4212,1,"[""C:\\Users\\Ethan\\CoreFiles\\ProjectsFile\\AcademicResearch-auto-workflow\\workspace\\references\\attachments\\金融科技对商业银行系统性风险的溢出效应研究.pdf""]",0,[]
4213,1,"[""C:\\Users\\Ethan\\CoreFiles\\ProjectsFile\\AcademicResearch-auto-workflow\\workspace\\references\\attachments\\我国信托业风险形成与传导机制研究.pdf""]",0,[]
4214,1,"[""C:\\Users\\Ethan\\CoreFiles\\ProjectsFile\\AcademicResearch-auto-workflow\\workspace\\references\\attachments\\政府救助降低了银行系统性风险吗——美国问题资产救助计划(TARP)的分析与启示.pdf""]",0,[]
4215,1,"[""C:\\Users\\Ethan\\CoreFiles\\ProjectsFile\\AcademicResearch-auto-workflow\\workspace\\references\\attachments\\存贷市场竞争与银行系统性风险.pdf""]",0,[]
4216,0,[],0,[]
4217,1,"[""C:\\Users\\Ethan\\CoreFiles\\ProjectsFile\\AcademicResearch-auto-workflow\\workspace\\references\\attachments\\我国货币政策对宏观杠杆率、房地产价格波动的动态传导.pdf""]",0,[]
4218,1,"[""C:\\Users\\Ethan\\CoreFiles\\ProjectsFile\\AcademicResearch-auto-workflow\\workspace\\references\\attachments\\资产价格波动与货币政策相互影响的实证研究.pdf""]",0,[]
4219,1,"[""C:\\Users\\Ethan\\CoreFiles\\ProjectsFile\\AcademicResearch-auto-workflow\\workspace\\references\\attachments\\海南房地产价格影响因素的实证研究——基于VAR模型的分析.pdf""]",0,[]
4220,1,"[""C:\\Users\\Ethan\\CoreFiles\\ProjectsFile\\AcademicResearch-auto-workflow\\workspace\\references\\attachments\\货币政策、房价与商业银行风险承担.pdf""]",0,[]
4221,1,"[""C:\\Users\\Ethan\\CoreFiles\\ProjectsFile\\AcademicResearch-auto-workflow\\workspace\\references\\attachments\\通辽市房地产价格波动成因分析及对策.pdf""]",0,[]
4222,1,"[""C:\\Users\\Ethan\\CoreFiles\\ProjectsFile\\AcademicResearch-auto-workflow\\workspace\\references\\attachments\\影子银行与系统性风险溢出——基于理财产品视角.pdf""]",0,[]
4223,1,"[""C:\\Users\\Ethan\\CoreFiles\\ProjectsFile\\AcademicResearch-auto-workflow\\workspace\\references\\attachments\\普惠金融对我国上市银行风险的影响.pdf""]",0,[]
4224,1,"[""C:\\Users\\Ethan\\CoreFiles\\ProjectsFile\\AcademicResearch-auto-workflow\\workspace\\references\\attachments\\对我国系统重要性金融机构的识别与评价.pdf""]",0,[]
4225,1,"[""C:\\Users\\Ethan\\CoreFiles\\ProjectsFile\\AcademicResearch-auto-workflow\\workspace\\references\\attachments\\中国系统性金融风险的监测和度量研究.pdf""]",0,[]
4226,1,"[""C:\\Users\\Ethan\\CoreFiles\\ProjectsFile\\AcademicResearch-auto-workflow\\workspace\\references\\attachments\\欧美中央银行金融监管权扩大的理论分析及其启示.pdf""]",0,[]
4227,1,"[""C:\\Users\\Ethan\\CoreFiles\\ProjectsFile\\AcademicResearch-auto-workflow\\workspace\\references\\attachments\\区域系统重要性金融机构的恢复和处置计划探析.pdf""]",0,[]
4228,1,"[""C:\\Users\\Ethan\\CoreFiles\\ProjectsFile\\AcademicResearch-auto-workflow\\workspace\\references\\attachments\\商业银行介入私募股权投资的风险与收益分析.pdf""]",0,[]
4229,1,"[""C:\\Users\\Ethan\\CoreFiles\\ProjectsFile\\AcademicResearch-auto-workflow\\workspace\\references\\attachments\\盈余波动与投资性房地产计量模式选择研究.pdf""]",0,[]
4230,1,"[""C:\\Users\\Ethan\\CoreFiles\\ProjectsFile\\AcademicResearch-auto-workflow\\workspace\\references\\attachments\\对房地产金融潜在风险的分析与思考.pdf""]",0,[]
4231,0,[],0,[]
4232,1,"[""C:\\Users\\Ethan\\CoreFiles\\ProjectsFile\\AcademicResearch-auto-workflow\\workspace\\references\\attachments\\中国房地产价格波动与通货膨胀——基于35个大中城市面板数据的实证检验.pdf""]",0,[]
4233,1,"[""C:\\Users\\Ethan\\CoreFiles\\ProjectsFile\\AcademicResearch-auto-workflow\\workspace\\references\\attachments\\基于双重特征的住宅房地产价格影响因素研究.pdf""]",0,[]
4234,1,"[""C:\\Users\\Ethan\\CoreFiles\\ProjectsFile\\AcademicResearch-auto-workflow\\workspace\\references\\attachments\\信息、投资者行为与房地产价格波动.pdf""]",0,[]
4235,1,"[""C:\\Users\\Ethan\\CoreFiles\\ProjectsFile\\AcademicResearch-auto-workflow\\workspace\\references\\attachments\\基于国房景气指数的房地产经济波动及其对信贷风险的影响研究.pdf""]",0,[]
4236,0,[],0,[]
4237,1,"[""C:\\Users\\Ethan\\CoreFiles\\ProjectsFile\\AcademicResearch-auto-workflow\\workspace\\references\\attachments\\引入科学发展观实现金融稳定与经济持续发展.pdf""]",0,[]
4238,1,"[""C:\\Users\\Ethan\\CoreFiles\\ProjectsFile\\AcademicResearch-auto-workflow\\workspace\\references\\attachments\\批发融资增加了银行系统性风险吗_——基于系统性风险分解的视角.pdf""]",0,[]
4239,1,"[""C:\\Users\\Ethan\\CoreFiles\\ProjectsFile\\AcademicResearch-auto-workflow\\workspace\\references\\attachments\\商业银行房地产项目贷款风险管理研究.pdf""]",0,[]
4240,1,"[""C:\\Users\\Ethan\\CoreFiles\\ProjectsFile\\AcademicResearch-auto-workflow\\workspace\\references\\attachments\\基于内部视角的中国房地产业与银行业系统性风险传染测度研究.pdf""]",0,[]
4241,1,"[""C:\\Users\\Ethan\\CoreFiles\\ProjectsFile\\AcademicResearch-auto-workflow\\workspace\\references\\attachments\\基层央行防范和化解系统性金融风险存在的困难和建议.pdf""]",0,[]
4242,1,"[""C:\\Users\\Ethan\\CoreFiles\\ProjectsFile\\AcademicResearch-auto-workflow\\workspace\\references\\attachments\\中国商业银行系统性金融风险指标的构建及应用研究.pdf""]",0,[]
4243,1,"[""C:\\Users\\Ethan\\CoreFiles\\ProjectsFile\\AcademicResearch-auto-workflow\\workspace\\references\\attachments\\工商银行沈阳市分行房地产信贷的风险管理研究.pdf""]",0,[]
4244,1,"[""C:\\Users\\Ethan\\CoreFiles\\ProjectsFile\\AcademicResearch-auto-workflow\\workspace\\references\\attachments\\宏观审慎监管视角下银行业系统性风险防范.pdf""]",0,[]
4245,1,"[""C:\\Users\\Ethan\\CoreFiles\\ProjectsFile\\AcademicResearch-auto-workflow\\workspace\\references\\attachments\\依托大数据构建新一代监管报送体系.pdf""]",0,[]
4246,1,"[""C:\\Users\\Ethan\\CoreFiles\\ProjectsFile\\AcademicResearch-auto-workflow\\workspace\\references\\attachments\\住宅房地产价格波动机制研究.pdf""]",0,[]
4247,1,"[""C:\\Users\\Ethan\\CoreFiles\\ProjectsFile\\AcademicResearch-auto-workflow\\workspace\\references\\attachments\\经济政策不确定性、银行网络连通性与系统性风险贡献.pdf""]",0,[]
4248,1,"[""C:\\Users\\Ethan\\CoreFiles\\ProjectsFile\\AcademicResearch-auto-workflow\\workspace\\references\\attachments\\基于综合指数法的商业银行系统性金融风险度量与分析——以山东省商业银行为例.pdf""]",0,[]
4249,1,"[""C:\\Users\\Ethan\\CoreFiles\\ProjectsFile\\AcademicResearch-auto-workflow\\workspace\\references\\attachments\\探析城市化水平与房地产标准投资波动的关系.pdf""]",0,[]
4250,1,"[""C:\\Users\\Ethan\\CoreFiles\\ProjectsFile\\AcademicResearch-auto-workflow\\workspace\\references\\attachments\\资产价格泡沫与银行间系统性风险.pdf""]",0,[]
4251,1,"[""C:\\Users\\Ethan\\CoreFiles\\ProjectsFile\\AcademicResearch-auto-workflow\\workspace\\references\\attachments\\债权激励降低了银行系统性风险吗_.pdf""]",0,[]
4252,1,"[""C:\\Users\\Ethan\\CoreFiles\\ProjectsFile\\AcademicResearch-auto-workflow\\workspace\\references\\attachments\\银行改革的重点是政府.pdf""]",0,[]
4253,1,"[""C:\\Users\\Ethan\\CoreFiles\\ProjectsFile\\AcademicResearch-auto-workflow\\workspace\\references\\attachments\\房地产金融风险不可不防.pdf""]",0,[]
4254,1,"[""C:\\Users\\Ethan\\CoreFiles\\ProjectsFile\\AcademicResearch-auto-workflow\\workspace\\references\\attachments\\宏微观视角下金融科技对商业银行系统性风险影响研究.pdf""]",0,[]
4255,1,"[""C:\\Users\\Ethan\\CoreFiles\\ProjectsFile\\AcademicResearch-auto-workflow\\workspace\\references\\attachments\\银行系统性风险溢出效应及影响因素研究.pdf""]",0,[]
4256,1,"[""C:\\Users\\Ethan\\CoreFiles\\ProjectsFile\\AcademicResearch-auto-workflow\\workspace\\references\\attachments\\我国银行的系统性风险与监管措施.pdf""]",0,[]
4257,1,"[""C:\\Users\\Ethan\\CoreFiles\\ProjectsFile\\AcademicResearch-auto-workflow\\workspace\\references\\attachments\\外部冲击视角下中国银行业和房地产业风险传染性测度.pdf""]",0,[]
4258,1,"[""C:\\Users\\Ethan\\CoreFiles\\ProjectsFile\\AcademicResearch-auto-workflow\\workspace\\references\\attachments\\中国商业银行系统性风险的动态测度研究.pdf""]",0,[]
4259,1,"[""C:\\Users\\Ethan\\CoreFiles\\ProjectsFile\\AcademicResearch-auto-workflow\\workspace\\references\\attachments\\商业银行的宏观审慎监管框架研究.pdf""]",0,[]
4260,1,"[""C:\\Users\\Ethan\\CoreFiles\\ProjectsFile\\AcademicResearch-auto-workflow\\workspace\\references\\attachments\\基于多层网络的银行系统性风险传染效应研究.pdf""]",0,[]
4261,1,"[""C:\\Users\\Ethan\\CoreFiles\\ProjectsFile\\AcademicResearch-auto-workflow\\workspace\\references\\attachments\\房地产领域的金融风险.pdf""]",0,[]
4262,1,"[""C:\\Users\\Ethan\\CoreFiles\\ProjectsFile\\AcademicResearch-auto-workflow\\workspace\\references\\attachments\\资本市场与银行间的跨市场风险研究.pdf""]",0,[]
4263,1,"[""C:\\Users\\Ethan\\CoreFiles\\ProjectsFile\\AcademicResearch-auto-workflow\\workspace\\references\\attachments\\银行“钱荒”能否殃及地产.pdf""]",0,[]
4264,1,"[""C:\\Users\\Ethan\\CoreFiles\\ProjectsFile\\AcademicResearch-auto-workflow\\workspace\\references\\attachments\\基于动态多层网络的银行系统性风险传染与控制研究.pdf""]",0,[]
4265,0,[],0,[]
4266,1,"[""C:\\Users\\Ethan\\CoreFiles\\ProjectsFile\\AcademicResearch-auto-workflow\\workspace\\references\\attachments\\我国商业银行系统性风险实证研究——基于主成分分析法.pdf""]",0,[]
4267,1,"[""C:\\Users\\Ethan\\CoreFiles\\ProjectsFile\\AcademicResearch-auto-workflow\\workspace\\references\\attachments\\商业银行总分支体制下利益博弈与系统性金融风险研究.pdf""]",0,[]
4268,1,"[""C:\\Users\\Ethan\\CoreFiles\\ProjectsFile\\AcademicResearch-auto-workflow\\workspace\\references\\attachments\\银行部门内部脆弱性、经济状态与系统性风险.pdf""]",0,[]
4269,1,"[""C:\\Users\\Ethan\\CoreFiles\\ProjectsFile\\AcademicResearch-auto-workflow\\workspace\\references\\attachments\\邮储银行X支行对A企业流动资金贷款风险管理研究.pdf""]",0,[]
4270,1,"[""C:\\Users\\Ethan\\CoreFiles\\ProjectsFile\\AcademicResearch-auto-workflow\\workspace\\references\\attachments\\宏观审慎监管对商业银行资本管理的影响分析.pdf""]",0,[]
4271,1,"[""C:\\Users\\Ethan\\CoreFiles\\ProjectsFile\\AcademicResearch-auto-workflow\\workspace\\references\\attachments\\基于“限购政策”的房地产企业融资风险预警定位研究.pdf""]",0,[]
4272,0,[],0,[]
4273,0,[],0,[]
4274,1,"[""C:\\Users\\Ethan\\CoreFiles\\ProjectsFile\\AcademicResearch-auto-workflow\\workspace\\references\\attachments\\钧港集团融资风险评价与控制研究.pdf""]",0,[]
4275,1,"[""C:\\Users\\Ethan\\CoreFiles\\ProjectsFile\\AcademicResearch-auto-workflow\\workspace\\references\\attachments\\中国银行体系的风险传染效应研究.pdf""]",0,[]
4276,1,"[""C:\\Users\\Ethan\\CoreFiles\\ProjectsFile\\AcademicResearch-auto-workflow\\workspace\\references\\attachments\\基于复杂网络对银行业系统性风险的理论研究及实证研究.pdf""]",0,[]
4277,1,"[""C:\\Users\\Ethan\\CoreFiles\\ProjectsFile\\AcademicResearch-auto-workflow\\workspace\\references\\attachments\\商业银行防范系统性风险的对策研究.pdf""]",0,[]
4278,1,"[""C:\\Users\\Ethan\\CoreFiles\\ProjectsFile\\AcademicResearch-auto-workflow\\workspace\\references\\attachments\\金融风险隐患加重下中央银行的政策选择.pdf""]",0,[]
4279,1,"[""C:\\Users\\Ethan\\CoreFiles\\ProjectsFile\\AcademicResearch-auto-workflow\\workspace\\references\\attachments\\上市银行的网络舆情对系统性风险的影响研究.pdf""]",0,[]
4280,1,"[""C:\\Users\\Ethan\\CoreFiles\\ProjectsFile\\AcademicResearch-auto-workflow\\workspace\\references\\attachments\\城市经济开放度与房价的相关性研究.pdf""]",0,[]
4281,1,"[""C:\\Users\\Ethan\\CoreFiles\\ProjectsFile\\AcademicResearch-auto-workflow\\workspace\\references\\attachments\\货币政策与银行的风险承担关系.pdf""]",0,[]
4282,1,"[""C:\\Users\\Ethan\\CoreFiles\\ProjectsFile\\AcademicResearch-auto-workflow\\workspace\\references\\attachments\\行为金融理论视角下的房地产价格波动研究.pdf""]",0,[]
4283,1,"[""C:\\Users\\Ethan\\CoreFiles\\ProjectsFile\\AcademicResearch-auto-workflow\\workspace\\references\\attachments\\基于时变状态网络的银行风险传导研究.pdf""]",0,[]
4284,0,[],0,[]
4285,1,"[""C:\\Users\\Ethan\\CoreFiles\\ProjectsFile\\AcademicResearch-auto-workflow\\workspace\\references\\attachments\\论影子银行体系的内涵、风险与监管改革.pdf""]",0,[]
4286,1,"[""C:\\Users\\Ethan\\CoreFiles\\ProjectsFile\\AcademicResearch-auto-workflow\\workspace\\references\\attachments\\我国上市银行系统性风险度量实证研究.pdf""]",0,[]
4287,1,"[""C:\\Users\\Ethan\\CoreFiles\\ProjectsFile\\AcademicResearch-auto-workflow\\workspace\\references\\attachments\\“去库存”视角下房地产行业对区域金融稳定的影响——基于空间面板模型的实证研究.pdf""]",0,[]
4288,1,"[""C:\\Users\\Ethan\\CoreFiles\\ProjectsFile\\AcademicResearch-auto-workflow\\workspace\\references\\attachments\\强监管下影子银行规模变动对系统性金融风险的影响研究.pdf""]",0,[]
4289,1,"[""C:\\Users\\Ethan\\CoreFiles\\ProjectsFile\\AcademicResearch-auto-workflow\\workspace\\references\\attachments\\我国商业银行系统性风险及溢出效应研究.pdf""]",0,[]
4290,1,"[""C:\\Users\\Ethan\\CoreFiles\\ProjectsFile\\AcademicResearch-auto-workflow\\workspace\\references\\attachments\\基于矩阵法的我国银行间市场风险传递效应实证研究.pdf""]",0,[]
4291,1,"[""C:\\Users\\Ethan\\CoreFiles\\ProjectsFile\\AcademicResearch-auto-workflow\\workspace\\references\\attachments\\商业银行系统性风险溢出研究.pdf""]",0,[]
4292,1,"[""C:\\Users\\Ethan\\CoreFiles\\ProjectsFile\\AcademicResearch-auto-workflow\\workspace\\references\\attachments\\房地产价格波动导致的金融风险及其防范.pdf""]",0,[]
4293,1,"[""C:\\Users\\Ethan\\CoreFiles\\ProjectsFile\\AcademicResearch-auto-workflow\\workspace\\references\\attachments\\数字金融对银行业系统性风险的影响研究.pdf""]",0,[]
4294,1,"[""C:\\Users\\Ethan\\CoreFiles\\ProjectsFile\\AcademicResearch-auto-workflow\\workspace\\references\\attachments\\我国商业银行影子业务的风险溢出效应研究.pdf""]",0,[]
4295,1,"[""C:\\Users\\Ethan\\CoreFiles\\ProjectsFile\\AcademicResearch-auto-workflow\\workspace\\references\\attachments\\成都市房地产周期波动研究.pdf""]",0,[]
4296,1,"[""C:\\Users\\Ethan\\CoreFiles\\ProjectsFile\\AcademicResearch-auto-workflow\\workspace\\references\\attachments\\基于银行系统性风险防范的我国房地产金融监管研究.pdf""]",0,[]
4297,1,"[""C:\\Users\\Ethan\\CoreFiles\\ProjectsFile\\AcademicResearch-auto-workflow\\workspace\\references\\attachments\\货币政策传导与系统性金融风险.pdf""]",0,[]
4298,1,"[""C:\\Users\\Ethan\\CoreFiles\\ProjectsFile\\AcademicResearch-auto-workflow\\workspace\\references\\attachments\\构建我国金融宏观审慎管理体系的思考.pdf""]",0,[]
4299,1,"[""C:\\Users\\Ethan\\CoreFiles\\ProjectsFile\\AcademicResearch-auto-workflow\\workspace\\references\\attachments\\宏观审慎监管相关问题梳理.pdf""]",0,[]
4300,1,"[""C:\\Users\\Ethan\\CoreFiles\\ProjectsFile\\AcademicResearch-auto-workflow\\workspace\\references\\attachments\\商业银行信贷活动的顺周期性及其监管建议.pdf""]",0,[]
4301,1,"[""C:\\Users\\Ethan\\CoreFiles\\ProjectsFile\\AcademicResearch-auto-workflow\\workspace\\references\\attachments\\证券信贷化对银行系统性风险的影响研究.pdf""]",0,[]
4302,1,"[""C:\\Users\\Ethan\\CoreFiles\\ProjectsFile\\AcademicResearch-auto-workflow\\workspace\\references\\attachments\\深化金融供给侧结构性改革——“一行三会”负责人谈金融热点.pdf""]",0,[]
4303,1,"[""C:\\Users\\Ethan\\CoreFiles\\ProjectsFile\\AcademicResearch-auto-workflow\\workspace\\references\\attachments\\存款准备金率对房地产价格波动区域效应研究.pdf""]",0,[]
4304,1,"[""C:\\Users\\Ethan\\CoreFiles\\ProjectsFile\\AcademicResearch-auto-workflow\\workspace\\references\\attachments\\关于房地产价格波动对宏观经济波动的微观作用机制分析.pdf""]",0,[]
4305,1,"[""C:\\Users\\Ethan\\CoreFiles\\ProjectsFile\\AcademicResearch-auto-workflow\\workspace\\references\\attachments\\住房金融宏观审慎政策能抑制房地产市场系统性风险吗_.pdf""]",0,[]
4306,1,"[""C:\\Users\\Ethan\\CoreFiles\\ProjectsFile\\AcademicResearch-auto-workflow\\workspace\\references\\attachments\\议商业银行房地产贷款面临的潜在风险.pdf""]",0,[]
4307,1,"[""C:\\Users\\Ethan\\CoreFiles\\ProjectsFile\\AcademicResearch-auto-workflow\\workspace\\references\\attachments\\资产价格波动对我国宏观经济影响的实证研究.pdf""]",0,[]
4308,1,"[""C:\\Users\\Ethan\\CoreFiles\\ProjectsFile\\AcademicResearch-auto-workflow\\workspace\\references\\attachments\\房地产业对中国经济的影响.pdf""]",0,[]
4309,1,"[""C:\\Users\\Ethan\\CoreFiles\\ProjectsFile\\AcademicResearch-auto-workflow\\workspace\\references\\attachments\\房价泡沫与银行间系统性风险.pdf""]",0,[]
4310,1,"[""C:\\Users\\Ethan\\CoreFiles\\ProjectsFile\\AcademicResearch-auto-workflow\\workspace\\references\\attachments\\房地产周期波动及价格趋势分析与预测.pdf""]",0,[]
4311,1,"[""C:\\Users\\Ethan\\CoreFiles\\ProjectsFile\\AcademicResearch-auto-workflow\\workspace\\references\\attachments\\我国东部、中部和西部地区房地产周期波动比较研究.pdf""]",0,[]
4312,1,"[""C:\\Users\\Ethan\\CoreFiles\\ProjectsFile\\AcademicResearch-auto-workflow\\workspace\\references\\attachments\\杠杆率监管、监管套利与银行系统性风险.pdf""]",0,[]
4313,1,"[""C:\\Users\\Ethan\\CoreFiles\\ProjectsFile\\AcademicResearch-auto-workflow\\workspace\\references\\attachments\\资产负债表视角下银行金融科技对其系统性风险的影响研究.pdf""]",0,[]
4314,1,"[""C:\\Users\\Ethan\\CoreFiles\\ProjectsFile\\AcademicResearch-auto-workflow\\workspace\\references\\attachments\\广州市房地产周期波动分析.pdf""]",0,[]
4315,1,"[""C:\\Users\\Ethan\\CoreFiles\\ProjectsFile\\AcademicResearch-auto-workflow\\workspace\\references\\attachments\\非利息收入对系统性风险的影响研究.pdf""]",0,[]
4316,1,"[""C:\\Users\\Ethan\\CoreFiles\\ProjectsFile\\AcademicResearch-auto-workflow\\workspace\\references\\attachments\\我国房地产价格波动与货币政策联动关系的实证分析.pdf""]",0,[]
4317,1,"[""C:\\Users\\Ethan\\CoreFiles\\ProjectsFile\\AcademicResearch-auto-workflow\\workspace\\references\\attachments\\金融体系风险分担机制比较研究.pdf""]",0,[]
4318,1,"[""C:\\Users\\Ethan\\CoreFiles\\ProjectsFile\\AcademicResearch-auto-workflow\\workspace\\references\\attachments\\跨境资本流动、银行风险承担与商业银行系统性风险.pdf""]",0,[]
4319,1,"[""C:\\Users\\Ethan\\CoreFiles\\ProjectsFile\\AcademicResearch-auto-workflow\\workspace\\references\\attachments\\我国系统性金融风险与房地产市场的关联、传染途径及对策.pdf""]",0,[]
4320,1,"[""C:\\Users\\Ethan\\CoreFiles\\ProjectsFile\\AcademicResearch-auto-workflow\\workspace\\references\\attachments\\我国影子银行对金融稳定的影响研究.pdf""]",0,[]
4321,1,"[""C:\\Users\\Ethan\\CoreFiles\\ProjectsFile\\AcademicResearch-auto-workflow\\workspace\\references\\attachments\\金融法视角下我国影子银行监管制度研究.pdf""]",0,[]
4322,1,"[""C:\\Users\\Ethan\\CoreFiles\\ProjectsFile\\AcademicResearch-auto-workflow\\workspace\\references\\attachments\\房地产金融风险的防范探索.pdf""]",0,[]
4323,1,"[""C:\\Users\\Ethan\\CoreFiles\\ProjectsFile\\AcademicResearch-auto-workflow\\workspace\\references\\attachments\\中国系统重要性银行评估——基于14家上市银行数据的研究.pdf""]",0,[]
4324,1,"[""C:\\Users\\Ethan\\CoreFiles\\ProjectsFile\\AcademicResearch-auto-workflow\\workspace\\references\\attachments\\货币政策对我国房地产价格影响机制及实证研究.pdf""]",0,[]
4325,1,"[""C:\\Users\\Ethan\\CoreFiles\\ProjectsFile\\AcademicResearch-auto-workflow\\workspace\\references\\attachments\\商业银行中间业务的系统性风险溢出效应.pdf""]",0,[]
4326,1,"[""C:\\Users\\Ethan\\CoreFiles\\ProjectsFile\\AcademicResearch-auto-workflow\\workspace\\references\\attachments\\系统性风险与宏观审慎监管——基于美国银行业的实证研究.pdf""]",0,[]
4327,1,"[""C:\\Users\\Ethan\\CoreFiles\\ProjectsFile\\AcademicResearch-auto-workflow\\workspace\\references\\attachments\\银行半年报“佐证”  房地产不良贷款率上升.pdf""]",0,[]
4328,1,"[""C:\\Users\\Ethan\\CoreFiles\\ProjectsFile\\AcademicResearch-auto-workflow\\workspace\\references\\attachments\\基于资产负债表关联的银行系统性风险研究.pdf""]",0,[]
4329,0,[],0,[]
4330,1,"[""C:\\Users\\Ethan\\CoreFiles\\ProjectsFile\\AcademicResearch-auto-workflow\\workspace\\references\\attachments\\住宅价格与经济基本面_1995—2002年中国14城市的实证研究.pdf""]",0,[]
4331,1,"[""C:\\Users\\Ethan\\CoreFiles\\ProjectsFile\\AcademicResearch-auto-workflow\\workspace\\references\\attachments\\央行表态：警惕房地产信贷风险.pdf""]",0,[]
4332,1,"[""C:\\Users\\Ethan\\CoreFiles\\ProjectsFile\\AcademicResearch-auto-workflow\\workspace\\references\\attachments\\关于中国商业银行数量规模风险的研究.pdf""]",0,[]
4333,1,"[""C:\\Users\\Ethan\\CoreFiles\\ProjectsFile\\AcademicResearch-auto-workflow\\workspace\\references\\attachments\\房地产经济波动的影响因素及对策解析.pdf""]",0,[]
4334,1,"[""C:\\Users\\Ethan\\CoreFiles\\ProjectsFile\\AcademicResearch-auto-workflow\\workspace\\references\\attachments\\平台经济金融化、居民部门债务与系统性金融风险.pdf""]",0,[]
4335,1,"[""C:\\Users\\Ethan\\CoreFiles\\ProjectsFile\\AcademicResearch-auto-workflow\\workspace\\references\\attachments\\信贷资产证券化对商业银行信用风险的影响研究.pdf""]",0,[]
4336,1,"[""C:\\Users\\Ethan\\CoreFiles\\ProjectsFile\\AcademicResearch-auto-workflow\\workspace\\references\\attachments\\基于CoVaR方法的商业银行系统性风险度量.pdf""]",0,[]
4337,1,"[""C:\\Users\\Ethan\\CoreFiles\\ProjectsFile\\AcademicResearch-auto-workflow\\workspace\\references\\attachments\\房地产调控政策对地产上市公司股价影响的实证研究.pdf""]",0,[]
4338,1,"[""C:\\Users\\Ethan\\CoreFiles\\ProjectsFile\\AcademicResearch-auto-workflow\\workspace\\references\\attachments\\后危机时代中美影子银行形成机制、风险特征比较及对策研究.pdf""]",0,[]
4339,1,"[""C:\\Users\\Ethan\\CoreFiles\\ProjectsFile\\AcademicResearch-auto-workflow\\workspace\\references\\attachments\\银行业系统性金融风险及银行股定价模型.pdf""]",0,[]
4340,1,"[""C:\\Users\\Ethan\\CoreFiles\\ProjectsFile\\AcademicResearch-auto-workflow\\workspace\\references\\attachments\\房地产市场波动溢出效应与风险传染机制研究.pdf""]",0,[]
4341,1,"[""C:\\Users\\Ethan\\CoreFiles\\ProjectsFile\\AcademicResearch-auto-workflow\\workspace\\references\\attachments\\我国房地产开发投资的波动效应检验.pdf""]",0,[]
4342,1,"[""C:\\Users\\Ethan\\CoreFiles\\ProjectsFile\\AcademicResearch-auto-workflow\\workspace\\references\\attachments\\《房地产金融》  房地产经济波动与金融风险防范路径研究.pdf""]",0,[]
4343,1,"[""C:\\Users\\Ethan\\CoreFiles\\ProjectsFile\\AcademicResearch-auto-workflow\\workspace\\references\\attachments\\对我国银行监管实践的反思.pdf""]",0,[]
4344,1,"[""C:\\Users\\Ethan\\CoreFiles\\ProjectsFile\\AcademicResearch-auto-workflow\\workspace\\references\\attachments\\巴塞尔Ⅲ和系统性风险监管.pdf""]",0,[]
4345,1,"[""C:\\Users\\Ethan\\CoreFiles\\ProjectsFile\\AcademicResearch-auto-workflow\\workspace\\references\\attachments\\开启宏观调控和金融监管新征程——十九大中央金融系统代表团讨论向中外媒体开放.pdf""]",0,[]
4346,1,"[""C:\\Users\\Ethan\\CoreFiles\\ProjectsFile\\AcademicResearch-auto-workflow\\workspace\\references\\attachments\\资产证券化对商业银行流动性风险影响研究.pdf""]",0,[]
4347,1,"[""C:\\Users\\Ethan\\CoreFiles\\ProjectsFile\\AcademicResearch-auto-workflow\\workspace\\references\\attachments\\基于多层网络的系统性金融风险传染机制与路径研究.pdf""]",0,[]
4348,1,"[""C:\\Users\\Ethan\\CoreFiles\\ProjectsFile\\AcademicResearch-auto-workflow\\workspace\\references\\attachments\\存货规模、房价波动与房地产开发企业风险——基于中国上市房地产开发企业的实证分析.pdf""]",0,[]
4349,1,"[""C:\\Users\\Ethan\\CoreFiles\\ProjectsFile\\AcademicResearch-auto-workflow\\workspace\\references\\attachments\\宏观审慎管理视角下商业银行系统性风险研究综述.pdf""]",0,[]
4350,1,"[""C:\\Users\\Ethan\\CoreFiles\\ProjectsFile\\AcademicResearch-auto-workflow\\workspace\\references\\attachments\\复杂网络理论在银行系统中的应用研究进展.pdf""]",0,[]
4351,1,"[""C:\\Users\\Ethan\\CoreFiles\\ProjectsFile\\AcademicResearch-auto-workflow\\workspace\\references\\attachments\\房地产价格与居民消费的关联性研究.pdf""]",0,[]
4352,1,"[""C:\\Users\\Ethan\\CoreFiles\\ProjectsFile\\AcademicResearch-auto-workflow\\workspace\\references\\attachments\\影子银行风险度量及预警体系构建.pdf""]",0,[]
4353,1,"[""C:\\Users\\Ethan\\CoreFiles\\ProjectsFile\\AcademicResearch-auto-workflow\\workspace\\references\\attachments\\基于银行动态多层网络的系统性风险防控政策效果研究.pdf""]",0,[]
4354,1,"[""C:\\Users\\Ethan\\CoreFiles\\ProjectsFile\\AcademicResearch-auto-workflow\\workspace\\references\\attachments\\房地产因素对金融风险的影响.pdf""]",0,[]
4355,1,"[""C:\\Users\\Ethan\\CoreFiles\\ProjectsFile\\AcademicResearch-auto-workflow\\workspace\\references\\attachments\\风险缓释视角下中小银行押品评估的制度性缺陷与系统性优化路径研究.pdf""]",0,[]
4356,1,"[""C:\\Users\\Ethan\\CoreFiles\\ProjectsFile\\AcademicResearch-auto-workflow\\workspace\\references\\attachments\\基于Copula-GARCH模型的亚洲银行业股市风险传染效应研究.pdf""]",0,[]
4357,1,"[""C:\\Users\\Ethan\\CoreFiles\\ProjectsFile\\AcademicResearch-auto-workflow\\workspace\\references\\attachments\\人口流动对房地产价格的影响.pdf""]",0,[]
4358,1,"[""C:\\Users\\Ethan\\CoreFiles\\ProjectsFile\\AcademicResearch-auto-workflow\\workspace\\references\\attachments\\基于时变Copula-CoVaR商业银行系统性金融风险溢出分析.pdf""]",0,[]
4359,0,[],0,[]
4360,1,"[""C:\\Users\\Ethan\\CoreFiles\\ProjectsFile\\AcademicResearch-auto-workflow\\workspace\\references\\attachments\\房地产业运行周期与国民经济周期波动策应机制研究.pdf""]",0,[]
4361,1,"[""C:\\Users\\Ethan\\CoreFiles\\ProjectsFile\\AcademicResearch-auto-workflow\\workspace\\references\\attachments\\银行不应小觑断供问题的系统性风险.pdf""]",0,[]
4362,1,"[""C:\\Users\\Ethan\\CoreFiles\\ProjectsFile\\AcademicResearch-auto-workflow\\workspace\\references\\attachments\\货币政策、经济波动与房地产价格的文献综述——基于动态随机一般均衡模型(DSGE).pdf""]",0,[]
4363,1,"[""C:\\Users\\Ethan\\CoreFiles\\ProjectsFile\\AcademicResearch-auto-workflow\\workspace\\references\\attachments\\我国房地产价格波动的风险价值研究.pdf""]",0,[]
4364,1,"[""C:\\Users\\Ethan\\CoreFiles\\ProjectsFile\\AcademicResearch-auto-workflow\\workspace\\references\\attachments\\从金融系统六大特性看银行业系统性风险机制.pdf""]",0,[]
4365,1,"[""C:\\Users\\Ethan\\CoreFiles\\ProjectsFile\\AcademicResearch-auto-workflow\\workspace\\references\\attachments\\影子银行的风险与监管改革研究.pdf""]",0,[]
4366,1,"[""C:\\Users\\Ethan\\CoreFiles\\ProjectsFile\\AcademicResearch-auto-workflow\\workspace\\references\\attachments\\“一带一路”与系统性风险防范.pdf""]",0,[]
4367,1,"[""C:\\Users\\Ethan\\CoreFiles\\ProjectsFile\\AcademicResearch-auto-workflow\\workspace\\references\\attachments\\竞争、影子银行与银行系统性风险：中国证据.pdf""]",0,[]
4368,1,"[""C:\\Users\\Ethan\\CoreFiles\\ProjectsFile\\AcademicResearch-auto-workflow\\workspace\\references\\attachments\\我国房地产市场波动对金融结构的影响.pdf""]",0,[]
4369,1,"[""C:\\Users\\Ethan\\CoreFiles\\ProjectsFile\\AcademicResearch-auto-workflow\\workspace\\references\\attachments\\金融科技媒体情绪与银行系统性风险.pdf""]",0,[]
4370,1,"[""C:\\Users\\Ethan\\CoreFiles\\ProjectsFile\\AcademicResearch-auto-workflow\\workspace\\references\\attachments\\房地产周期波动的系统动力学模型.pdf""]",0,[]
4371,1,"[""C:\\Users\\Ethan\\CoreFiles\\ProjectsFile\\AcademicResearch-auto-workflow\\workspace\\references\\attachments\\我国房地产周期波动成因探讨.pdf""]",0,[]
4372,1,"[""C:\\Users\\Ethan\\CoreFiles\\ProjectsFile\\AcademicResearch-auto-workflow\\workspace\\references\\attachments\\基于周期波动下的中国房地产企业应对策略比较研究.pdf""]",0,[]
4373,1,"[""C:\\Users\\Ethan\\CoreFiles\\ProjectsFile\\AcademicResearch-auto-workflow\\workspace\\references\\attachments\\房地产业周期波动又探——中国房地产业步入新周期.pdf""]",0,[]
4374,1,"[""C:\\Users\\Ethan\\CoreFiles\\ProjectsFile\\AcademicResearch-auto-workflow\\workspace\\references\\attachments\\影子银行产品对金融稳定性的影响研究.pdf""]",0,[]
4375,1,"[""C:\\Users\\Ethan\\CoreFiles\\ProjectsFile\\AcademicResearch-auto-workflow\\workspace\\references\\attachments\\短期国际资本流动与系统性金融风险防范.pdf""]",0,[]
4376,0,[],0,[]
4377,1,"[""C:\\Users\\Ethan\\CoreFiles\\ProjectsFile\\AcademicResearch-auto-workflow\\workspace\\references\\attachments\\商业银行影子银行业务及其风险研究.pdf""]",0,[]
4378,1,"[""C:\\Users\\Ethan\\CoreFiles\\ProjectsFile\\AcademicResearch-auto-workflow\\workspace\\references\\attachments\\我国城市房地产价格非理性波动的内在机理分析.pdf""]",0,[]
4379,1,"[""C:\\Users\\Ethan\\CoreFiles\\ProjectsFile\\AcademicResearch-auto-workflow\\workspace\\references\\attachments\\银行利率与房地产业关系的实证分析.pdf""]",0,[]
4380,0,[],0,[]
4381,1,"[""C:\\Users\\Ethan\\CoreFiles\\ProjectsFile\\AcademicResearch-auto-workflow\\workspace\\references\\attachments\\房地产业与银行业的风险传染研究.pdf""]",0,[]
4382,1,"[""C:\\Users\\Ethan\\CoreFiles\\ProjectsFile\\AcademicResearch-auto-workflow\\workspace\\references\\attachments\\宏观审慎政策框架与银行业的风险、机遇和挑战.pdf""]",0,[]
4383,1,"[""C:\\Users\\Ethan\\CoreFiles\\ProjectsFile\\AcademicResearch-auto-workflow\\workspace\\references\\attachments\\我国城市房地产价格影响因素实证研究.pdf""]",0,[]
4384,1,"[""C:\\Users\\Ethan\\CoreFiles\\ProjectsFile\\AcademicResearch-auto-workflow\\workspace\\references\\attachments\\规模的门限效应、综合化经营与我国商业银行系统性风险.pdf""]",0,[]
4385,1,"[""C:\\Users\\Ethan\\CoreFiles\\ProjectsFile\\AcademicResearch-auto-workflow\\workspace\\references\\attachments\\中国国有商业银行风险预警指标体系研究.pdf""]",0,[]
4386,1,"[""C:\\Users\\Ethan\\CoreFiles\\ProjectsFile\\AcademicResearch-auto-workflow\\workspace\\references\\attachments\\银行数字化转型对商业银行系统性风险的影响研究.pdf""]",0,[]
4387,1,"[""C:\\Users\\Ethan\\CoreFiles\\ProjectsFile\\AcademicResearch-auto-workflow\\workspace\\references\\attachments\\房地产业债务融资对系统性金融风险的影响研究.pdf""]",0,[]
4388,1,"[""C:\\Users\\Ethan\\CoreFiles\\ProjectsFile\\AcademicResearch-auto-workflow\\workspace\\references\\attachments\\经济增长率对北京房地产市场周期波动的研究.pdf""]",0,[]
4389,1,"[""C:\\Users\\Ethan\\CoreFiles\\ProjectsFile\\AcademicResearch-auto-workflow\\workspace\\references\\attachments\\基于银行风险传染效应的宏观压力测试研究.pdf""]",0,[]
4390,1,"[""C:\\Users\\Ethan\\CoreFiles\\ProjectsFile\\AcademicResearch-auto-workflow\\workspace\\references\\attachments\\房地产市场波动对地方财政收入的影响探讨.pdf""]",0,[]
4391,1,"[""C:\\Users\\Ethan\\CoreFiles\\ProjectsFile\\AcademicResearch-auto-workflow\\workspace\\references\\attachments\\基层人民银行维护区域金融稳定的策略选择.pdf""]",0,[]
4392,1,"[""C:\\Users\\Ethan\\CoreFiles\\ProjectsFile\\AcademicResearch-auto-workflow\\workspace\\references\\attachments\\基于主成分分析的银行系统性风险度量研究.pdf""]",0,[]
4393,1,"[""C:\\Users\\Ethan\\CoreFiles\\ProjectsFile\\AcademicResearch-auto-workflow\\workspace\\references\\attachments\\问题银行救助、处置机制的全球改革方向及启示.pdf""]",0,[]
4394,1,"[""C:\\Users\\Ethan\\CoreFiles\\ProjectsFile\\AcademicResearch-auto-workflow\\workspace\\references\\attachments\\探究我国房地产经济波动与金融风险防范策略.pdf""]",0,[]
4395,1,"[""C:\\Users\\Ethan\\CoreFiles\\ProjectsFile\\AcademicResearch-auto-workflow\\workspace\\references\\attachments\\金融科技对我国银行业系统性风险的影响研究.pdf""]",0,[]
4396,1,"[""C:\\Users\\Ethan\\CoreFiles\\ProjectsFile\\AcademicResearch-auto-workflow\\workspace\\references\\attachments\\影响玉溪市房地产价格波动的因素分析.pdf""]",0,[]
4397,1,"[""C:\\Users\\Ethan\\CoreFiles\\ProjectsFile\\AcademicResearch-auto-workflow\\workspace\\references\\attachments\\我国商业银行不良贷款余额趋势分析.pdf""]",0,[]
4398,1,"[""C:\\Users\\Ethan\\CoreFiles\\ProjectsFile\\AcademicResearch-auto-workflow\\workspace\\references\\attachments\\房地产业与银行业风险传染效应分析.pdf""]",0,[]
4399,1,"[""C:\\Users\\Ethan\\CoreFiles\\ProjectsFile\\AcademicResearch-auto-workflow\\workspace\\references\\attachments\\中国通胀预期与房价、股价关系的实证研究.pdf""]",0,[]
4400,0,[],0,[]
4401,1,"[""C:\\Users\\Ethan\\CoreFiles\\ProjectsFile\\AcademicResearch-auto-workflow\\workspace\\references\\attachments\\河北省房地产投资与GDP的长期均衡及短期波动分析.pdf""]",0,[]
4402,1,"[""C:\\Users\\Ethan\\CoreFiles\\ProjectsFile\\AcademicResearch-auto-workflow\\workspace\\references\\attachments\\中美欧上市金融机构行业间的风险溢出及影响因素分析.pdf""]",0,[]
4403,1,"[""C:\\Users\\Ethan\\CoreFiles\\ProjectsFile\\AcademicResearch-auto-workflow\\workspace\\references\\attachments\\房地产市场价格波动对居民储蓄的影响研究.pdf""]",0,[]
4404,1,"[""C:\\Users\\Ethan\\CoreFiles\\ProjectsFile\\AcademicResearch-auto-workflow\\workspace\\references\\attachments\\流动性冲击、系统性风险与银行风险管理行为—基于银行间支付复杂网络的研究.pdf""]",0,[]
4405,1,"[""C:\\Users\\Ethan\\CoreFiles\\ProjectsFile\\AcademicResearch-auto-workflow\\workspace\\references\\attachments\\基于分位数回归方法的我国银行业系统性风险测度研究.pdf""]",0,[]
4406,1,"[""C:\\Users\\Ethan\\CoreFiles\\ProjectsFile\\AcademicResearch-auto-workflow\\workspace\\references\\attachments\\对当前房地产金融风险的思考.pdf""]",0,[]
4407,1,"[""C:\\Users\\Ethan\\CoreFiles\\ProjectsFile\\AcademicResearch-auto-workflow\\workspace\\references\\attachments\\大资管时代我国商业银行理财业务监管研究.pdf""]",0,[]
4408,1,"[""C:\\Users\\Ethan\\CoreFiles\\ProjectsFile\\AcademicResearch-auto-workflow\\workspace\\references\\attachments\\基于宏观审慎的我国银行间系统风险传染机制.pdf""]",0,[]
4409,1,"[""C:\\Users\\Ethan\\CoreFiles\\ProjectsFile\\AcademicResearch-auto-workflow\\workspace\\references\\attachments\\房地产价格波动研究综述.pdf""]",0,[]
4410,1,"[""C:\\Users\\Ethan\\CoreFiles\\ProjectsFile\\AcademicResearch-auto-workflow\\workspace\\references\\attachments\\基于复杂网络的银行同业拆借系统性金融风险传染研究.pdf""]",0,[]
4411,1,"[""C:\\Users\\Ethan\\CoreFiles\\ProjectsFile\\AcademicResearch-auto-workflow\\workspace\\references\\attachments\\商业银行利率调整对我国居民住房按揭贷款的影响研究.pdf""]",0,[]
4412,0,[],0,[]
4413,1,"[""C:\\Users\\Ethan\\CoreFiles\\ProjectsFile\\AcademicResearch-auto-workflow\\workspace\\references\\attachments\\“双支柱”调控对银行系统性风险的影响.pdf""]",0,[]
4414,1,"[""C:\\Users\\Ethan\\CoreFiles\\ProjectsFile\\AcademicResearch-auto-workflow\\workspace\\references\\attachments\\房地产泡沫对商业银行信贷风险的影响分析.pdf""]",0,[]
4415,1,"[""C:\\Users\\Ethan\\CoreFiles\\ProjectsFile\\AcademicResearch-auto-workflow\\workspace\\references\\attachments\\邮储银行  坚持底线思维  筑牢风险屏障.pdf""]",0,[]
4416,1,"[""C:\\Users\\Ethan\\CoreFiles\\ProjectsFile\\AcademicResearch-auto-workflow\\workspace\\references\\attachments\\竞争能抑制系统性银行风险吗——基于中国利率市场化进程的新证据.pdf""]",0,[]
4417,1,"[""C:\\Users\\Ethan\\CoreFiles\\ProjectsFile\\AcademicResearch-auto-workflow\\workspace\\references\\attachments\\我国银行业系统性金融风险预警研究.pdf""]",0,[]
4418,1,"[""C:\\Users\\Ethan\\CoreFiles\\ProjectsFile\\AcademicResearch-auto-workflow\\workspace\\references\\attachments\\我国房地产指数收益率的波动性研究.pdf""]",0,[]
4419,1,"[""C:\\Users\\Ethan\\CoreFiles\\ProjectsFile\\AcademicResearch-auto-workflow\\workspace\\references\\attachments\\银行多层网络与系统性风险研究进展.pdf""]",0,[]
4420,1,"[""C:\\Users\\Ethan\\CoreFiles\\ProjectsFile\\AcademicResearch-auto-workflow\\workspace\\references\\attachments\\我国商业银行的系统性风险测度及影响因素研究——基于CCA-POT-Copula方法的分析.pdf""]",0,[]
4421,1,"[""C:\\Users\\Ethan\\CoreFiles\\ProjectsFile\\AcademicResearch-auto-workflow\\workspace\\references\\attachments\\房价波动对资本充足率顺周期影响的实证研究.pdf""]",0,[]
4422,1,"[""C:\\Users\\Ethan\\CoreFiles\\ProjectsFile\\AcademicResearch-auto-workflow\\workspace\\references\\attachments\\系统论视角下中国房地产杠杆与金融风险的关系研究.pdf""]",0,[]
4423,1,"[""C:\\Users\\Ethan\\CoreFiles\\ProjectsFile\\AcademicResearch-auto-workflow\\workspace\\references\\attachments\\资产证券化业务对商业银行系统性风险的影响.pdf""]",0,[]
4424,0,[],0,[]
4425,1,"[""C:\\Users\\Ethan\\CoreFiles\\ProjectsFile\\AcademicResearch-auto-workflow\\workspace\\references\\attachments\\居民消费的房地产财富效应的实证研究.pdf""]",0,[]
4426,1,"[""C:\\Users\\Ethan\\CoreFiles\\ProjectsFile\\AcademicResearch-auto-workflow\\workspace\\references\\attachments\\银行间网络系统性风险传染研究述评.pdf""]",0,[]
4427,1,"[""C:\\Users\\Ethan\\CoreFiles\\ProjectsFile\\AcademicResearch-auto-workflow\\workspace\\references\\attachments\\我国银行间市场传染性的风险测试.pdf""]",0,[]
4428,1,"[""C:\\Users\\Ethan\\CoreFiles\\ProjectsFile\\AcademicResearch-auto-workflow\\workspace\\references\\attachments\\房价影响因素研究综述.pdf""]",0,[]
4429,1,"[""C:\\Users\\Ethan\\CoreFiles\\ProjectsFile\\AcademicResearch-auto-workflow\\workspace\\references\\attachments\\中国上市银行系统性风险非对称性及其监管研究.pdf""]",0,[]
4430,1,"[""C:\\Users\\Ethan\\CoreFiles\\ProjectsFile\\AcademicResearch-auto-workflow\\workspace\\references\\attachments\\基于灰色—马尔可夫模型的中国房地产周期波动研究.pdf""]",0,[]
4431,0,[],0,[]
4432,1,"[""C:\\Users\\Ethan\\CoreFiles\\ProjectsFile\\AcademicResearch-auto-workflow\\workspace\\references\\attachments\\双风险敞口下动态演化的中国银行系统性风险研究.pdf""]",0,[]
4433,1,"[""C:\\Users\\Ethan\\CoreFiles\\ProjectsFile\\AcademicResearch-auto-workflow\\workspace\\references\\attachments\\商业银行综合经营模式与风险预警机制研究.pdf""]",0,[]
4434,1,"[""C:\\Users\\Ethan\\CoreFiles\\ProjectsFile\\AcademicResearch-auto-workflow\\workspace\\references\\attachments\\基于避险行为的银行间网络系统性风险传染研究.pdf""]",0,[]
4435,1,"[""C:\\Users\\Ethan\\CoreFiles\\ProjectsFile\\AcademicResearch-auto-workflow\\workspace\\references\\attachments\\我国银行信贷政策对房地产市场的影响.pdf""]",0,[]
4436,1,"[""C:\\Users\\Ethan\\CoreFiles\\ProjectsFile\\AcademicResearch-auto-workflow\\workspace\\references\\attachments\\铸百年辉煌  谋亿兆福祉.pdf""]",0,[]
4437,1,"[""C:\\Users\\Ethan\\CoreFiles\\ProjectsFile\\AcademicResearch-auto-workflow\\workspace\\references\\attachments\\宏观审慎政策变动对商业银行系统性风险影响的探究.pdf""]",0,[]
4438,1,"[""C:\\Users\\Ethan\\CoreFiles\\ProjectsFile\\AcademicResearch-auto-workflow\\workspace\\references\\attachments\\上市房企金融股权投资调查.pdf""]",0,[]
4439,1,"[""C:\\Users\\Ethan\\CoreFiles\\ProjectsFile\\AcademicResearch-auto-workflow\\workspace\\references\\attachments\\理财产品膨胀、流动性创造与商业银行系统性风险.pdf""]",0,[]
4440,1,"[""C:\\Users\\Ethan\\CoreFiles\\ProjectsFile\\AcademicResearch-auto-workflow\\workspace\\references\\attachments\\利率市场化水平对商业银行系统性风险的影响.pdf""]",0,[]
4441,1,"[""C:\\Users\\Ethan\\CoreFiles\\ProjectsFile\\AcademicResearch-auto-workflow\\workspace\\references\\attachments\\分析房地产经济波动的影响因素及大数据应对措施.pdf""]",0,[]
4442,1,"[""C:\\Users\\Ethan\\CoreFiles\\ProjectsFile\\AcademicResearch-auto-workflow\\workspace\\references\\attachments\\我国银行间系统性风险传染及风险防范研究.pdf""]",0,[]
4443,1,"[""C:\\Users\\Ethan\\CoreFiles\\ProjectsFile\\AcademicResearch-auto-workflow\\workspace\\references\\attachments\\中国公开市场操作的效果研究.pdf""]",0,[]
4444,1,"[""C:\\Users\\Ethan\\CoreFiles\\ProjectsFile\\AcademicResearch-auto-workflow\\workspace\\references\\attachments\\论汇率波动对我国房地产价格的影响.pdf""]",0,[]
4445,1,"[""C:\\Users\\Ethan\\CoreFiles\\ProjectsFile\\AcademicResearch-auto-workflow\\workspace\\references\\attachments\\香港房地产市场周期波动中“恒基地产”的持续成长经验.pdf""]",0,[]
4446,1,"[""C:\\Users\\Ethan\\CoreFiles\\ProjectsFile\\AcademicResearch-auto-workflow\\workspace\\references\\attachments\\我国房地产价格波动对金融稳定的影响研究.pdf""]",0,[]
4447,0,[],0,[]
4448,1,"[""C:\\Users\\Ethan\\CoreFiles\\ProjectsFile\\AcademicResearch-auto-workflow\\workspace\\references\\attachments\\影子银行国际监管研究.pdf""]",0,[]
4449,1,"[""C:\\Users\\Ethan\\CoreFiles\\ProjectsFile\\AcademicResearch-auto-workflow\\workspace\\references\\attachments\\基于市场的武汉市房地产波动研究.pdf""]",0,[]
4450,0,[],0,[]
4451,1,"[""C:\\Users\\Ethan\\CoreFiles\\ProjectsFile\\AcademicResearch-auto-workflow\\workspace\\references\\attachments\\基于供求关系的房价波动分析.pdf""]",0,[]
4452,1,"[""C:\\Users\\Ethan\\CoreFiles\\ProjectsFile\\AcademicResearch-auto-workflow\\workspace\\references\\attachments\\我国银行业系统性风险测量研究.pdf""]",0,[]
4453,1,"[""C:\\Users\\Ethan\\CoreFiles\\ProjectsFile\\AcademicResearch-auto-workflow\\workspace\\references\\attachments\\系统性风险约束下的商业银行成本、利润效率比较研究.pdf""]",0,[]
4454,1,"[""C:\\Users\\Ethan\\CoreFiles\\ProjectsFile\\AcademicResearch-auto-workflow\\workspace\\references\\attachments\\基于多层网络的银行系统性风险研究.pdf""]",0,[]
4455,1,"[""C:\\Users\\Ethan\\CoreFiles\\ProjectsFile\\AcademicResearch-auto-workflow\\workspace\\references\\attachments\\房地产价格波动对城镇居民消费的影响研究.pdf""]",0,[]
4456,1,"[""C:\\Users\\Ethan\\CoreFiles\\ProjectsFile\\AcademicResearch-auto-workflow\\workspace\\references\\attachments\\包商银行事件对我国上市银行系统性风险的影响——基于Vine Copula SCCA半参数模型.pdf""]",0,[]
4457,0,[],0,[]
4458,0,[],0,[]
4459,1,"[""C:\\Users\\Ethan\\CoreFiles\\ProjectsFile\\AcademicResearch-auto-workflow\\workspace\\references\\attachments\\多层物理网络视角下银行业系统性风险传染渠道研究.pdf""]",0,[]
4460,1,"[""C:\\Users\\Ethan\\CoreFiles\\ProjectsFile\\AcademicResearch-auto-workflow\\workspace\\references\\attachments\\中国房地产价格变化对汇率波动与经常账户变动影响的研究.pdf""]",0,[]
4461,1,"[""C:\\Users\\Ethan\\CoreFiles\\ProjectsFile\\AcademicResearch-auto-workflow\\workspace\\references\\attachments\\银行业房地产信贷的风险与防范.pdf""]",0,[]
4462,1,"[""C:\\Users\\Ethan\\CoreFiles\\ProjectsFile\\AcademicResearch-auto-workflow\\workspace\\references\\attachments\\欧盟银行业监管机制探究——以欧盟层面监管机构设立为视角.pdf""]",0,[]
4463,1,"[""C:\\Users\\Ethan\\CoreFiles\\ProjectsFile\\AcademicResearch-auto-workflow\\workspace\\references\\attachments\\我国房地产价格区域差异的影响因素研究.pdf""]",0,[]
4464,0,[],0,[]
4465,1,"[""C:\\Users\\Ethan\\CoreFiles\\ProjectsFile\\AcademicResearch-auto-workflow\\workspace\\references\\attachments\\资产价格与货币政策关系实证研究.pdf""]",0,[]
4466,1,"[""C:\\Users\\Ethan\\CoreFiles\\ProjectsFile\\AcademicResearch-auto-workflow\\workspace\\references\\attachments\\收益波动模型及其在香港房地产评估中的应用.pdf""]",0,[]
4467,1,"[""C:\\Users\\Ethan\\CoreFiles\\ProjectsFile\\AcademicResearch-auto-workflow\\workspace\\references\\attachments\\论万科地产多元化融资对我国房地产企业的启示.pdf""]",0,[]
4468,0,[],0,[]
4469,1,"[""C:\\Users\\Ethan\\CoreFiles\\ProjectsFile\\AcademicResearch-auto-workflow\\workspace\\references\\attachments\\房地产业对金融机构的系统性风险溢出效应研究——基于行业与企业综合视角的实证分析.pdf""]",0,[]
4470,1,"[""C:\\Users\\Ethan\\CoreFiles\\ProjectsFile\\AcademicResearch-auto-workflow\\workspace\\references\\attachments\\银行外汇衍生品业务对其系统性风险的影响研究.pdf""]",0,[]
4471,0,[],0,[]
4472,1,"[""C:\\Users\\Ethan\\CoreFiles\\ProjectsFile\\AcademicResearch-auto-workflow\\workspace\\references\\attachments\\供给结构失衡视角下住宅价格与价值偏离测度研究.pdf""]",0,[]
4473,1,"[""C:\\Users\\Ethan\\CoreFiles\\ProjectsFile\\AcademicResearch-auto-workflow\\workspace\\references\\attachments\\房地产泡沫与银行信贷风险相关性研究的介绍.pdf""]",0,[]
4474,1,"[""C:\\Users\\Ethan\\CoreFiles\\ProjectsFile\\AcademicResearch-auto-workflow\\workspace\\references\\attachments\\金融危机前后中国银行业系统性风险实证研究.pdf""]",0,[]
4475,1,"[""C:\\Users\\Ethan\\CoreFiles\\ProjectsFile\\AcademicResearch-auto-workflow\\workspace\\references\\attachments\\商业银行房地产信贷业务风险分析.pdf""]",0,[]
4476,1,"[""C:\\Users\\Ethan\\CoreFiles\\ProjectsFile\\AcademicResearch-auto-workflow\\workspace\\references\\attachments\\商业银行债务网络估计和系统性风险度量研究——基于贝叶斯方法.pdf""]",0,[]
4477,1,"[""C:\\Users\\Ethan\\CoreFiles\\ProjectsFile\\AcademicResearch-auto-workflow\\workspace\\references\\attachments\\长三角地区房地产价格影响因素研究.pdf""]",0,[]
4478,1,"[""C:\\Users\\Ethan\\CoreFiles\\ProjectsFile\\AcademicResearch-auto-workflow\\workspace\\references\\attachments\\我国房地产波动特征的实证分析.pdf""]",0,[]
4479,1,"[""C:\\Users\\Ethan\\CoreFiles\\ProjectsFile\\AcademicResearch-auto-workflow\\workspace\\references\\attachments\\我国房地产周期波动影响因素分析.pdf""]",0,[]
4480,1,"[""C:\\Users\\Ethan\\CoreFiles\\ProjectsFile\\AcademicResearch-auto-workflow\\workspace\\references\\attachments\\房地产泡沫对金融业的影响.pdf""]",0,[]
4481,1,"[""C:\\Users\\Ethan\\CoreFiles\\ProjectsFile\\AcademicResearch-auto-workflow\\workspace\\references\\attachments\\我国房地产价格与商业银行系统性风险的关系研究.pdf""]",0,[]
4482,1,"[""C:\\Users\\Ethan\\CoreFiles\\ProjectsFile\\AcademicResearch-auto-workflow\\workspace\\references\\attachments\\房地产价格波动的回归分析.pdf""]",0,[]
4483,1,"[""C:\\Users\\Ethan\\CoreFiles\\ProjectsFile\\AcademicResearch-auto-workflow\\workspace\\references\\attachments\\国际组织对系统重要性金融机构的监管及启示.pdf""]",0,[]
4484,1,"[""C:\\Users\\Ethan\\CoreFiles\\ProjectsFile\\AcademicResearch-auto-workflow\\workspace\\references\\attachments\\房地产价格指数波动及其实证检验.pdf""]",0,[]
4485,1,"[""C:\\Users\\Ethan\\CoreFiles\\ProjectsFile\\AcademicResearch-auto-workflow\\workspace\\references\\attachments\\中国商业银行系统性风险测度及影响因素研究.pdf""]",0,[]
4486,1,"[""C:\\Users\\Ethan\\CoreFiles\\ProjectsFile\\AcademicResearch-auto-workflow\\workspace\\references\\attachments\\房地产周期与银行信贷关系的实证研究——基于山东省2000—2013年的相关数据.pdf""]",0,[]
4487,1,"[""C:\\Users\\Ethan\\CoreFiles\\ProjectsFile\\AcademicResearch-auto-workflow\\workspace\\references\\attachments\\资管新规下银行监管套利及系统性风险抑制.pdf""]",0,[]
4488,1,"[""C:\\Users\\Ethan\\CoreFiles\\ProjectsFile\\AcademicResearch-auto-workflow\\workspace\\references\\attachments\\短期资本流动、利率和银行系统性风险研究.pdf""]",0,[]
4489,1,"[""C:\\Users\\Ethan\\CoreFiles\\ProjectsFile\\AcademicResearch-auto-workflow\\workspace\\references\\attachments\\宏观审慎框架下综合化经营对中国商业银行的影响研究.pdf""]",0,[]
4490,1,"[""C:\\Users\\Ethan\\CoreFiles\\ProjectsFile\\AcademicResearch-auto-workflow\\workspace\\references\\attachments\\外资银行对我国房地产金融业的影响及对策分析.pdf""]",0,[]
4491,1,"[""C:\\Users\\Ethan\\CoreFiles\\ProjectsFile\\AcademicResearch-auto-workflow\\workspace\\references\\attachments\\商业银行系统性风险贡献度的相关性研究——基于Copula函数的实证分析.pdf""]",0,[]
4492,0,[],0,[]
4493,1,"[""C:\\Users\\Ethan\\CoreFiles\\ProjectsFile\\AcademicResearch-auto-workflow\\workspace\\references\\attachments\\影子银行监管的国际实践对中国的启示.pdf""]",0,[]
4494,1,"[""C:\\Users\\Ethan\\CoreFiles\\ProjectsFile\\AcademicResearch-auto-workflow\\workspace\\references\\attachments\\中国商业银行系统性风险溢出效应的实证研究.pdf""]",0,[]
4495,1,"[""C:\\Users\\Ethan\\CoreFiles\\ProjectsFile\\AcademicResearch-auto-workflow\\workspace\\references\\attachments\\基于概率法的我国房地产周期波动实证分析.pdf""]",0,[]
4496,1,"[""C:\\Users\\Ethan\\CoreFiles\\ProjectsFile\\AcademicResearch-auto-workflow\\workspace\\references\\attachments\\银行对房地产开发贷款风险防范研究.pdf""]",0,[]
4497,1,"[""C:\\Users\\Ethan\\CoreFiles\\ProjectsFile\\AcademicResearch-auto-workflow\\workspace\\references\\attachments\\美国对金融公司监管失败的教训及启示.pdf""]",0,[]
4498,1,"[""C:\\Users\\Ethan\\CoreFiles\\ProjectsFile\\AcademicResearch-auto-workflow\\workspace\\references\\attachments\\基于马尔科夫转换ARCH模型的房地产市场波动研究——以房地产市场景气指数为例.pdf""]",0,[]
4499,1,"[""C:\\Users\\Ethan\\CoreFiles\\ProjectsFile\\AcademicResearch-auto-workflow\\workspace\\references\\attachments\\基于优化扩散指数法对房地产周期波动的研究——以深圳市为例.pdf""]",0,[]
4500,1,"[""C:\\Users\\Ethan\\CoreFiles\\ProjectsFile\\AcademicResearch-auto-workflow\\workspace\\references\\attachments\\房地产价格与通货膨胀互动机制的实证研究.pdf""]",0,[]
4501,1,"[""C:\\Users\\Ethan\\CoreFiles\\ProjectsFile\\AcademicResearch-auto-workflow\\workspace\\references\\attachments\\杠杆率视角下货币政策与银行系统性风险防范.pdf""]",0,[]
4502,1,"[""C:\\Users\\Ethan\\CoreFiles\\ProjectsFile\\AcademicResearch-auto-workflow\\workspace\\references\\attachments\\我国上市商业银行系统性风险计量.pdf""]",0,[]
4503,1,"[""C:\\Users\\Ethan\\CoreFiles\\ProjectsFile\\AcademicResearch-auto-workflow\\workspace\\references\\attachments\\货币政策调整与房地产价格关系研究.pdf""]",0,[]
4504,1,"[""C:\\Users\\Ethan\\CoreFiles\\ProjectsFile\\AcademicResearch-auto-workflow\\workspace\\references\\attachments\\房地产价格波动对居民消费行为的影响.pdf""]",0,[]
4505,1,"[""C:\\Users\\Ethan\\CoreFiles\\ProjectsFile\\AcademicResearch-auto-workflow\\workspace\\references\\attachments\\建立金融风险预警机制的若干构想.pdf""]",0,[]
4506,1,"[""C:\\Users\\Ethan\\CoreFiles\\ProjectsFile\\AcademicResearch-auto-workflow\\workspace\\references\\attachments\\房地产经济波动的影响因素分析及应对措施探究.pdf""]",0,[]
4507,1,"[""C:\\Users\\Ethan\\CoreFiles\\ProjectsFile\\AcademicResearch-auto-workflow\\workspace\\references\\attachments\\房地产金融政策、房价波动与居民消费关系研究（上）.pdf""]",0,[]
4508,1,"[""C:\\Users\\Ethan\\CoreFiles\\ProjectsFile\\AcademicResearch-auto-workflow\\workspace\\references\\attachments\\房地产危机对美国金融体系的影响.pdf""]",0,[]
4509,1,"[""C:\\Users\\Ethan\\CoreFiles\\ProjectsFile\\AcademicResearch-auto-workflow\\workspace\\references\\attachments\\区域视角下房地产开发企业资金来源与房价波动关系研究.pdf""]",0,[]
4510,1,"[""C:\\Users\\Ethan\\CoreFiles\\ProjectsFile\\AcademicResearch-auto-workflow\\workspace\\references\\attachments\\我国房地产价格与通货膨胀的关联性研究.pdf""]",0,[]
4511,1,"[""C:\\Users\\Ethan\\CoreFiles\\ProjectsFile\\AcademicResearch-auto-workflow\\workspace\\references\\attachments\\风险事件冲击与银行业系统性风险.pdf""]",0,[]
4512,1,"[""C:\\Users\\Ethan\\CoreFiles\\ProjectsFile\\AcademicResearch-auto-workflow\\workspace\\references\\attachments\\中国房地产市场波动研究：行为特征与冲击效应.pdf""]",0,[]
4513,1,"[""C:\\Users\\Ethan\\CoreFiles\\ProjectsFile\\AcademicResearch-auto-workflow\\workspace\\references\\attachments\\影子银行对商业银行网络间系统性风险的溢出效应研究.pdf""]",0,[]
4514,1,"[""C:\\Users\\Ethan\\CoreFiles\\ProjectsFile\\AcademicResearch-auto-workflow\\workspace\\references\\attachments\\房地产价格波动_国外研究综述.pdf""]",0,[]
4515,1,"[""C:\\Users\\Ethan\\CoreFiles\\ProjectsFile\\AcademicResearch-auto-workflow\\workspace\\references\\attachments\\金融科技对我国银行系统性风险的影响研究.pdf""]",0,[]
4516,0,[],0,[]
4517,1,"[""C:\\Users\\Ethan\\CoreFiles\\ProjectsFile\\AcademicResearch-auto-workflow\\workspace\\references\\attachments\\保险业系统性风险及对相关行业的溢出效应研究.pdf""]",0,[]
4518,1,"[""C:\\Users\\Ethan\\CoreFiles\\ProjectsFile\\AcademicResearch-auto-workflow\\workspace\\references\\attachments\\利率市场化对商业银行风险的影响.pdf""]",0,[]
4519,1,"[""C:\\Users\\Ethan\\CoreFiles\\ProjectsFile\\AcademicResearch-auto-workflow\\workspace\\references\\attachments\\中国房地产市场对银行业系统性风险的溢出效应.pdf""]",0,[]
4520,1,"[""C:\\Users\\Ethan\\CoreFiles\\ProjectsFile\\AcademicResearch-auto-workflow\\workspace\\references\\attachments\\城投平台债务、地方政府债务与银行系统性风险.pdf""]",0,[]
4521,1,"[""C:\\Users\\Ethan\\CoreFiles\\ProjectsFile\\AcademicResearch-auto-workflow\\workspace\\references\\attachments\\分析房地产经济波动的影响因素及对策.pdf""]",0,[]
4522,1,"[""C:\\Users\\Ethan\\CoreFiles\\ProjectsFile\\AcademicResearch-auto-workflow\\workspace\\references\\attachments\\系统性金融风险的度量及跨市场传染效应研究.pdf""]",0,[]
4523,1,"[""C:\\Users\\Ethan\\CoreFiles\\ProjectsFile\\AcademicResearch-auto-workflow\\workspace\\references\\attachments\\房地产价格波动与货币政策选择.pdf""]",0,[]
4524,1,"[""C:\\Users\\Ethan\\CoreFiles\\ProjectsFile\\AcademicResearch-auto-workflow\\workspace\\references\\attachments\\系统性金融风险测度、发展和演变：一个综述.pdf""]",0,[]
4525,1,"[""C:\\Users\\Ethan\\CoreFiles\\ProjectsFile\\AcademicResearch-auto-workflow\\workspace\\references\\attachments\\我国商业银行金融风险的统计评价.pdf""]",0,[]
4526,1,"[""C:\\Users\\Ethan\\CoreFiles\\ProjectsFile\\AcademicResearch-auto-workflow\\workspace\\references\\attachments\\贷款行业集中度对商业银行系统性风险影响的实证研究——基于MES方法.pdf""]",0,[]
4527,1,"[""C:\\Users\\Ethan\\CoreFiles\\ProjectsFile\\AcademicResearch-auto-workflow\\workspace\\references\\attachments\\房价下跌对银行系统风险传染研究.pdf""]",0,[]
4528,1,"[""C:\\Users\\Ethan\\CoreFiles\\ProjectsFile\\AcademicResearch-auto-workflow\\workspace\\references\\attachments\\互联网金融对我国商业银行系统性风险的影响研究.pdf""]",0,[]
4529,1,"[""C:\\Users\\Ethan\\CoreFiles\\ProjectsFile\\AcademicResearch-auto-workflow\\workspace\\references\\attachments\\新冠疫情冲击下我国商业银行系统性风险传染研究.pdf""]",0,[]
4530,1,"[""C:\\Users\\Ethan\\CoreFiles\\ProjectsFile\\AcademicResearch-auto-workflow\\workspace\\references\\attachments\\中国房地产市场的脆弱性评估_来自房价波动的证据.pdf""]",0,[]
4531,1,"[""C:\\Users\\Ethan\\CoreFiles\\ProjectsFile\\AcademicResearch-auto-workflow\\workspace\\references\\attachments\\金融失衡视角下宏观审慎政策工具有效性研究——基于119家商业银行的实证分析.pdf""]",0,[]
4532,1,"[""C:\\Users\\Ethan\\CoreFiles\\ProjectsFile\\AcademicResearch-auto-workflow\\workspace\\references\\attachments\\我国房地产业对商业银行风险溢出效应的实证研究.pdf""]",0,[]
4533,1,"[""C:\\Users\\Ethan\\CoreFiles\\ProjectsFile\\AcademicResearch-auto-workflow\\workspace\\references\\attachments\\银行间流动性暂栖所.pdf""]",0,[]
4534,1,"[""C:\\Users\\Ethan\\CoreFiles\\ProjectsFile\\AcademicResearch-auto-workflow\\workspace\\references\\attachments\\商业银行系统性风险溢出和影响因素研究.pdf""]",0,[]
4535,1,"[""C:\\Users\\Ethan\\CoreFiles\\ProjectsFile\\AcademicResearch-auto-workflow\\workspace\\references\\attachments\\我国房地产价格波动与金融运行的相关性研究.pdf""]",0,[]
4536,1,"[""C:\\Users\\Ethan\\CoreFiles\\ProjectsFile\\AcademicResearch-auto-workflow\\workspace\\references\\attachments\\非利息收入对我国上市银行系统性风险的影响分析.pdf""]",0,[]
4537,1,"[""C:\\Users\\Ethan\\CoreFiles\\ProjectsFile\\AcademicResearch-auto-workflow\\workspace\\references\\attachments\\宏观审慎监管下防范商业银行系统性风险的管理对策研究.pdf""]",0,[]
4538,1,"[""C:\\Users\\Ethan\\CoreFiles\\ProjectsFile\\AcademicResearch-auto-workflow\\workspace\\references\\attachments\\浅谈房地产金融风险.pdf""]",0,[]
4539,1,"[""C:\\Users\\Ethan\\CoreFiles\\ProjectsFile\\AcademicResearch-auto-workflow\\workspace\\references\\attachments\\宏观审慎视角下金融科技对金融安全的影响研究.pdf""]",0,[]
4540,1,"[""C:\\Users\\Ethan\\CoreFiles\\ProjectsFile\\AcademicResearch-auto-workflow\\workspace\\references\\attachments\\跨境借贷对银行系统性风险的溢出效应研究.pdf""]",0,[]
4541,1,"[""C:\\Users\\Ethan\\CoreFiles\\ProjectsFile\\AcademicResearch-auto-workflow\\workspace\\references\\attachments\\我国房地产周期波动与经济周期波动的相互关系研究.pdf""]",0,[]
4542,1,"[""C:\\Users\\Ethan\\CoreFiles\\ProjectsFile\\AcademicResearch-auto-workflow\\workspace\\references\\attachments\\房地产周期性波动往往10年轮换  中国房地产是否会重蹈美国覆辙.pdf""]",0,[]
4543,0,[],0,[]
4544,1,"[""C:\\Users\\Ethan\\CoreFiles\\ProjectsFile\\AcademicResearch-auto-workflow\\workspace\\references\\attachments\\房价波动对我国城镇居民消费影响的实证研究.pdf""]",0,[]
4545,1,"[""C:\\Users\\Ethan\\CoreFiles\\ProjectsFile\\AcademicResearch-auto-workflow\\workspace\\references\\attachments\\中国影子银行报告.pdf""]",0,[]
4546,1,"[""C:\\Users\\Ethan\\CoreFiles\\ProjectsFile\\AcademicResearch-auto-workflow\\workspace\\references\\attachments\\房价波动对中国商业银行体系脆弱性的影响研究.pdf""]",0,[]
4547,1,"[""C:\\Users\\Ethan\\CoreFiles\\ProjectsFile\\AcademicResearch-auto-workflow\\workspace\\references\\attachments\\实施稳健中性货币政策  推动经济高质量发展.pdf""]",0,[]
4548,1,"[""C:\\Users\\Ethan\\CoreFiles\\ProjectsFile\\AcademicResearch-auto-workflow\\workspace\\references\\attachments\\2700亿特别国债解决了什么问题.pdf""]",0,[]
4549,1,"[""C:\\Users\\Ethan\\CoreFiles\\ProjectsFile\\AcademicResearch-auto-workflow\\workspace\\references\\attachments\\基于面板门槛模型的房地产投资波动对金融稳定的影响研究.pdf""]",0,[]
4550,0,[],0,[]
4551,1,"[""C:\\Users\\Ethan\\CoreFiles\\ProjectsFile\\AcademicResearch-auto-workflow\\workspace\\references\\attachments\\我国保险市场与银行市场间的风险溢出效应研究.pdf""]",0,[]
4552,1,"[""C:\\Users\\Ethan\\CoreFiles\\ProjectsFile\\AcademicResearch-auto-workflow\\workspace\\references\\attachments\\地方金融监管视角下的系统性金融风险防范.pdf""]",0,[]
4553,1,"[""C:\\Users\\Ethan\\CoreFiles\\ProjectsFile\\AcademicResearch-auto-workflow\\workspace\\references\\attachments\\基于多层信息溢出网络的中国金融机构关联性研究.pdf""]",0,[]
4554,1,"[""C:\\Users\\Ethan\\CoreFiles\\ProjectsFile\\AcademicResearch-auto-workflow\\workspace\\references\\attachments\\房地产经济波动影响因素及金融风险防控措施.pdf""]",0,[]
4555,1,"[""C:\\Users\\Ethan\\CoreFiles\\ProjectsFile\\AcademicResearch-auto-workflow\\workspace\\references\\attachments\\中国房地产价格波动的债务效应与应对政策研究.pdf""]",0,[]
4556,1,"[""C:\\Users\\Ethan\\CoreFiles\\ProjectsFile\\AcademicResearch-auto-workflow\\workspace\\references\\attachments\\我国房地产价格波动与通货膨胀的关系研究.pdf""]",0,[]
4557,1,"[""C:\\Users\\Ethan\\CoreFiles\\ProjectsFile\\AcademicResearch-auto-workflow\\workspace\\references\\attachments\\影子银行对系统性金融风险的影响研究.pdf""]",0,[]
4558,1,"[""C:\\Users\\Ethan\\CoreFiles\\ProjectsFile\\AcademicResearch-auto-workflow\\workspace\\references\\attachments\\资管新规对银行系统性风险的影响研究.pdf""]",0,[]
4559,1,"[""C:\\Users\\Ethan\\CoreFiles\\ProjectsFile\\AcademicResearch-auto-workflow\\workspace\\references\\attachments\\我国房地产市场发展对货币政策影响的实证研究.pdf""]",0,[]
4560,0,[],0,[]
4561,1,"[""C:\\Users\\Ethan\\CoreFiles\\ProjectsFile\\AcademicResearch-auto-workflow\\workspace\\references\\attachments\\房地产市场风险预警研究述评.pdf""]",0,[]
4562,1,"[""C:\\Users\\Ethan\\CoreFiles\\ProjectsFile\\AcademicResearch-auto-workflow\\workspace\\references\\attachments\\资产证券化、信用风险与系统性风险——基于中国上市银行的实证研究.pdf""]",0,[]
4563,1,"[""C:\\Users\\Ethan\\CoreFiles\\ProjectsFile\\AcademicResearch-auto-workflow\\workspace\\references\\attachments\\从政府宏观调控房地产价格波动看社会主义市场经济条件下的政府职能转变.pdf""]",0,[]
4564,0,[],0,[]
4565,1,"[""C:\\Users\\Ethan\\CoreFiles\\ProjectsFile\\AcademicResearch-auto-workflow\\workspace\\references\\attachments\\金融开放对商业银行系统性风险的影响.pdf""]",0,[]
4566,1,"[""C:\\Users\\Ethan\\CoreFiles\\ProjectsFile\\AcademicResearch-auto-workflow\\workspace\\references\\attachments\\论商业银行信贷风险管理的系统性.pdf""]",0,[]
4567,1,"[""C:\\Users\\Ethan\\CoreFiles\\ProjectsFile\\AcademicResearch-auto-workflow\\workspace\\references\\attachments\\商业银行风险承担与系统性风险的实证研究.pdf""]",0,[]
4568,1,"[""C:\\Users\\Ethan\\CoreFiles\\ProjectsFile\\AcademicResearch-auto-workflow\\workspace\\references\\attachments\\房地产市场_政府干预逐步弱化  市场手段愈加凸显——2014年我国房价波动与2015年房地产市场展望.pdf""]",0,[]
4569,0,[],0,[]
4570,1,"[""C:\\Users\\Ethan\\CoreFiles\\ProjectsFile\\AcademicResearch-auto-workflow\\workspace\\references\\attachments\\房地产信贷波动与房地产业波动的关系研究.pdf""]",0,[]
4571,1,"[""C:\\Users\\Ethan\\CoreFiles\\ProjectsFile\\AcademicResearch-auto-workflow\\workspace\\references\\attachments\\中小银行整合加速推进.pdf""]",0,[]
4572,1,"[""C:\\Users\\Ethan\\CoreFiles\\ProjectsFile\\AcademicResearch-auto-workflow\\workspace\\references\\attachments\\后疫情时代我国系统重要性银行的评估——基于SRISK、MES方法的研究.pdf""]",0,[]
4573,1,"[""C:\\Users\\Ethan\\CoreFiles\\ProjectsFile\\AcademicResearch-auto-workflow\\workspace\\references\\attachments\\长沙银行不良贷款成因与治理研究.pdf""]",0,[]
4574,1,"[""C:\\Users\\Ethan\\CoreFiles\\ProjectsFile\\AcademicResearch-auto-workflow\\workspace\\references\\attachments\\系统风险与宏观审慎资本政策分析及其在肯尼亚银行体系中的应用.pdf""]",0,[]
4575,1,"[""C:\\Users\\Ethan\\CoreFiles\\ProjectsFile\\AcademicResearch-auto-workflow\\workspace\\references\\attachments\\影子银行系统性风险监管制度研究.pdf""]",0,[]
4576,0,[],0,[]
4577,1,"[""C:\\Users\\Ethan\\CoreFiles\\ProjectsFile\\AcademicResearch-auto-workflow\\workspace\\references\\attachments\\系统性金融风险测度及其网络传染机制研究.pdf""]",0,[]
4578,0,[],0,[]
4579,1,"[""C:\\Users\\Ethan\\CoreFiles\\ProjectsFile\\AcademicResearch-auto-workflow\\workspace\\references\\attachments\\利率市场化下银行竞争与风险承担：理论与实证.pdf""]",0,[]
4580,1,"[""C:\\Users\\Ethan\\CoreFiles\\ProjectsFile\\AcademicResearch-auto-workflow\\workspace\\references\\attachments\\宏观经济走势和政策应对.pdf""]",0,[]
4581,1,"[""C:\\Users\\Ethan\\CoreFiles\\ProjectsFile\\AcademicResearch-auto-workflow\\workspace\\references\\attachments\\基于Arch模型的太原市房地产价格波动实证研究.pdf""]",0,[]
4582,1,"[""C:\\Users\\Ethan\\CoreFiles\\ProjectsFile\\AcademicResearch-auto-workflow\\workspace\\references\\attachments\\货币政策对我国房地产价格波动的影响研究.pdf""]",0,[]
4583,1,"[""C:\\Users\\Ethan\\CoreFiles\\ProjectsFile\\AcademicResearch-auto-workflow\\workspace\\references\\attachments\\中国上市银行系统性风险溢出效应分析.pdf""]",0,[]
4584,1,"[""C:\\Users\\Ethan\\CoreFiles\\ProjectsFile\\AcademicResearch-auto-workflow\\workspace\\references\\attachments\\房地产价格波动与银行稳定.pdf""]",0,[]
4585,1,"[""C:\\Users\\Ethan\\CoreFiles\\ProjectsFile\\AcademicResearch-auto-workflow\\workspace\\references\\attachments\\房地产收益波动性的动态E-VaR模型及测度研究.pdf""]",0,[]
4586,1,"[""C:\\Users\\Ethan\\CoreFiles\\ProjectsFile\\AcademicResearch-auto-workflow\\workspace\\references\\attachments\\我国金融系统风险监测与度量的相关方法与实证研究.pdf""]",0,[]
4587,1,"[""C:\\Users\\Ethan\\CoreFiles\\ProjectsFile\\AcademicResearch-auto-workflow\\workspace\\references\\attachments\\论房改金融业务对专业银行的影响.pdf""]",0,[]
4588,1,"[""C:\\Users\\Ethan\\CoreFiles\\ProjectsFile\\AcademicResearch-auto-workflow\\workspace\\references\\attachments\\银行间市场系统性风险传染研究——基于矩阵网络分析法.pdf""]",0,[]
4589,1,"[""C:\\Users\\Ethan\\CoreFiles\\ProjectsFile\\AcademicResearch-auto-workflow\\workspace\\references\\attachments\\亚洲房地产市场分割与整合——波动性溢出和相关性研究_DCC-GARCH模型.pdf""]",0,[]
4590,1,"[""C:\\Users\\Ethan\\CoreFiles\\ProjectsFile\\AcademicResearch-auto-workflow\\workspace\\references\\attachments\\防范化解房地产风险路径的思考.pdf""]",0,[]
4591,1,"[""C:\\Users\\Ethan\\CoreFiles\\ProjectsFile\\AcademicResearch-auto-workflow\\workspace\\references\\attachments\\沪中资行增量贷款近三成入楼市.pdf""]",0,[]
4592,1,"[""C:\\Users\\Ethan\\CoreFiles\\ProjectsFile\\AcademicResearch-auto-workflow\\workspace\\references\\attachments\\统一资产管理业务监管规则.pdf""]",0,[]
4593,1,"[""C:\\Users\\Ethan\\CoreFiles\\ProjectsFile\\AcademicResearch-auto-workflow\\workspace\\references\\attachments\\房地产价格波动对行业投资的影响.pdf""]",0,[]
4594,1,"[""C:\\Users\\Ethan\\CoreFiles\\ProjectsFile\\AcademicResearch-auto-workflow\\workspace\\references\\attachments\\监管科技基本原理、技术应用与发展趋势研究.pdf""]",0,[]
4595,1,"[""C:\\Users\\Ethan\\CoreFiles\\ProjectsFile\\AcademicResearch-auto-workflow\\workspace\\references\\attachments\\房地产行业冲击下的系统性风险.pdf""]",0,[]
4596,1,"[""C:\\Users\\Ethan\\CoreFiles\\ProjectsFile\\AcademicResearch-auto-workflow\\workspace\\references\\attachments\\宏观审慎政策有效性分析——基于银行系统性风险贡献度视角.pdf""]",0,[]
4597,1,"[""C:\\Users\\Ethan\\CoreFiles\\ProjectsFile\\AcademicResearch-auto-workflow\\workspace\\references\\attachments\\我国证券市场与房地产市场波动关系研究.pdf""]",0,[]
4598,1,"[""C:\\Users\\Ethan\\CoreFiles\\ProjectsFile\\AcademicResearch-auto-workflow\\workspace\\references\\attachments\\我国房地产价格波动的统计分析.pdf""]",0,[]
4599,1,"[""C:\\Users\\Ethan\\CoreFiles\\ProjectsFile\\AcademicResearch-auto-workflow\\workspace\\references\\attachments\\基于因子分析的中国房地产周期波动规律研究.pdf""]",0,[]
4600,1,"[""C:\\Users\\Ethan\\CoreFiles\\ProjectsFile\\AcademicResearch-auto-workflow\\workspace\\references\\attachments\\20世纪二三十年代“商资归农”活动运作的特点.pdf""]",0,[]
4601,1,"[""C:\\Users\\Ethan\\CoreFiles\\ProjectsFile\\AcademicResearch-auto-workflow\\workspace\\references\\attachments\\乌鲁木齐市住宅房地产价格合理性研究.pdf""]",0,[]
4602,1,"[""C:\\Users\\Ethan\\CoreFiles\\ProjectsFile\\AcademicResearch-auto-workflow\\workspace\\references\\attachments\\银行宏观审慎监管的基础理论研究.pdf""]",0,[]
4603,1,"[""C:\\Users\\Ethan\\CoreFiles\\ProjectsFile\\AcademicResearch-auto-workflow\\workspace\\references\\attachments\\利率冲击与房地产价格波动的理论与实证分析_1998-2006.pdf""]",0,[]
4604,1,"[""C:\\Users\\Ethan\\CoreFiles\\ProjectsFile\\AcademicResearch-auto-workflow\\workspace\\references\\attachments\\去杠杆背景下房地产价格波动对金融稳定性的影响.pdf""]",0,[]
4605,1,"[""C:\\Users\\Ethan\\CoreFiles\\ProjectsFile\\AcademicResearch-auto-workflow\\workspace\\references\\attachments\\政策干预、羊群行为与房地产价格波动.pdf""]",0,[]
4606,1,"[""C:\\Users\\Ethan\\CoreFiles\\ProjectsFile\\AcademicResearch-auto-workflow\\workspace\\references\\attachments\\论现代商业银行的风险控制.pdf""]",0,[]
4607,1,"[""C:\\Users\\Ethan\\CoreFiles\\ProjectsFile\\AcademicResearch-auto-workflow\\workspace\\references\\attachments\\房地产价格影响因素与波动研究——以合肥市为例.pdf""]",0,[]
4608,1,"[""C:\\Users\\Ethan\\CoreFiles\\ProjectsFile\\AcademicResearch-auto-workflow\\workspace\\references\\attachments\\中国银行业开放与系统性风险——基于银行业跨境借贷业务.pdf""]",0,[]
4609,1,"[""C:\\Users\\Ethan\\CoreFiles\\ProjectsFile\\AcademicResearch-auto-workflow\\workspace\\references\\attachments\\房地产价格波动与我国货币政策工具规则的选择——基于DSGE模型的模拟分析.pdf""]",0,[]
4610,1,"[""C:\\Users\\Ethan\\CoreFiles\\ProjectsFile\\AcademicResearch-auto-workflow\\workspace\\references\\attachments\\商业银行保增长与有效防范风险论析.pdf""]",0,[]
4611,1,"[""C:\\Users\\Ethan\\CoreFiles\\ProjectsFile\\AcademicResearch-auto-workflow\\workspace\\references\\attachments\\基于银行、企业和资产之间多重联系的多层金融网络系统性风险研究.pdf""]",0,[]
4612,1,"[""C:\\Users\\Ethan\\CoreFiles\\ProjectsFile\\AcademicResearch-auto-workflow\\workspace\\references\\attachments\\银行的影子_以银行法为中心的影子银行分析框架.pdf""]",0,[]
4613,1,"[""C:\\Users\\Ethan\\CoreFiles\\ProjectsFile\\AcademicResearch-auto-workflow\\workspace\\references\\attachments\\信贷周期对银行的系统性风险影响.pdf""]",0,[]
4614,1,"[""C:\\Users\\Ethan\\CoreFiles\\ProjectsFile\\AcademicResearch-auto-workflow\\workspace\\references\\attachments\\宏观审慎评估（MPA）抑制银行系统性风险的效果分析.pdf""]",0,[]
4615,1,"[""C:\\Users\\Ethan\\CoreFiles\\ProjectsFile\\AcademicResearch-auto-workflow\\workspace\\references\\attachments\\房地产业政策调整对商业银行的风险分析.pdf""]",0,[]
4616,1,"[""C:\\Users\\Ethan\\CoreFiles\\ProjectsFile\\AcademicResearch-auto-workflow\\workspace\\references\\attachments\\我国房地产周期波动的分析研究.pdf""]",0,[]
4617,1,"[""C:\\Users\\Ethan\\CoreFiles\\ProjectsFile\\AcademicResearch-auto-workflow\\workspace\\references\\attachments\\苏州市房地产价格与银行信贷关系研究.pdf""]",0,[]
4618,1,"[""C:\\Users\\Ethan\\CoreFiles\\ProjectsFile\\AcademicResearch-auto-workflow\\workspace\\references\\attachments\\风险相关性与银行系统性风险测度.pdf""]",0,[]
4619,1,"[""C:\\Users\\Ethan\\CoreFiles\\ProjectsFile\\AcademicResearch-auto-workflow\\workspace\\references\\attachments\\中国影子银行研究：回顾与展望——基于CiteSpace的期刊文献计量分析.pdf""]",0,[]
4620,1,"[""C:\\Users\\Ethan\\CoreFiles\\ProjectsFile\\AcademicResearch-auto-workflow\\workspace\\references\\attachments\\重视楼市潜在风险对银行的影响.pdf""]",0,[]
4621,1,"[""C:\\Users\\Ethan\\CoreFiles\\ProjectsFile\\AcademicResearch-auto-workflow\\workspace\\references\\attachments\\基于合成数据的系统性风险传染研究.pdf""]",0,[]
4622,1,"[""C:\\Users\\Ethan\\CoreFiles\\ProjectsFile\\AcademicResearch-auto-workflow\\workspace\\references\\attachments\\房地产市场波动对地方财政收入的影响研究——基于面板误差修正模型的区域差异性分析.pdf""]",0,[]
4623,1,"[""C:\\Users\\Ethan\\CoreFiles\\ProjectsFile\\AcademicResearch-auto-workflow\\workspace\\references\\attachments\\银行贷款集中与系统性风险——基于中国上市商业银行(2007—2013)的实证研究.pdf""]",0,[]
4624,1,"[""C:\\Users\\Ethan\\CoreFiles\\ProjectsFile\\AcademicResearch-auto-workflow\\workspace\\references\\attachments\\货币政策、宏观审慎监管与银行系统性风险承担.pdf""]",0,[]
4625,1,"[""C:\\Users\\Ethan\\CoreFiles\\ProjectsFile\\AcademicResearch-auto-workflow\\workspace\\references\\attachments\\非利息收入业务对银行系统性风险的影响研究.pdf""]",0,[]
4626,1,"[""C:\\Users\\Ethan\\CoreFiles\\ProjectsFile\\AcademicResearch-auto-workflow\\workspace\\references\\attachments\\房地产信贷风险及防范.pdf""]",0,[]
4627,1,"[""C:\\Users\\Ethan\\CoreFiles\\ProjectsFile\\AcademicResearch-auto-workflow\\workspace\\references\\attachments\\我国住房价格的影响因素研究.pdf""]",0,[]
4628,1,"[""C:\\Users\\Ethan\\CoreFiles\\ProjectsFile\\AcademicResearch-auto-workflow\\workspace\\references\\attachments\\广佛同城化对佛山房价影响的实证研究.pdf""]",0,[]
4629,1,"[""C:\\Users\\Ethan\\CoreFiles\\ProjectsFile\\AcademicResearch-auto-workflow\\workspace\\references\\attachments\\房地产市场波动及其对房地产企业投资决策的影响研究.pdf""]",0,[]
4630,1,"[""C:\\Users\\Ethan\\CoreFiles\\ProjectsFile\\AcademicResearch-auto-workflow\\workspace\\references\\attachments\\我国货币政策对房地产价格的影响研究.pdf""]",0,[]
4631,0,[],0,[]
4632,0,[],0,[]
4633,0,[],0,[]
4634,0,[],0,[]
4635,0,[],0,[]
4636,0,[],0,[]
4637,0,[],0,[]
4638,0,[],0,[]
4639,0,[],0,[]
4640,0,[],0,[]
4641,0,[],0,[]
4642,0,[],0,[]
4643,0,[],0,[]
4644,0,[],0,[]
4645,0,[],0,[]
4646,0,[],0,[]
4647,0,[],0,[]
4648,0,[],0,[]
4649,0,[],0,[]
4650,0,[],0,[]
4651,0,[],0,[]
4652,0,[],0,[]
4653,0,[],0,[]
4654,0,[],0,[]
4655,0,[],0,[]
4656,0,[],0,[]
4657,0,[],0,[]
4658,0,[],0,[]
4659,0,[],0,[]
4660,0,[],0,[]
4661,0,[],0,[]
4662,0,[],0,[]
4663,0,[],0,[]
4664,0,[],0,[]
4665,0,[],0,[]
4666,0,[],0,[]
4667,0,[],0,[]
4668,0,[],0,[]
4669,0,[],0,[]
4670,0,[],0,[]
4671,0,[],0,[]
4672,0,[],0,[]
4673,0,[],0,[]
4674,0,[],0,[]
4675,0,[],0,[]
4676,0,[],0,[]
4677,0,[],0,[]
4678,0,[],0,[]
4679,0,[],0,[]
4680,0,[],0,[]
4681,0,[],0,[]
4682,0,[],0,[]
4683,0,[],0,[]
4684,0,[],0,[]
4685,0,[],0,[]
4686,0,[],0,[]
4687,0,[],0,[]
4688,0,[],0,[]
4689,0,[],0,[]
4690,0,[],0,[]
4691,0,[],0,[]
4692,0,[],0,[]
4693,0,[],0,[]
4694,0,[],0,[]
4695,0,[],0,[]
4696,0,[],0,[]
4697,0,[],0,[]
4698,0,[],0,[]
4699,0,[],0,[]
4700,0,[],0,[]
4701,0,[],0,[]
4702,0,[],0,[]
4703,0,[],0,[]
4704,0,[],0,[]
4705,0,[],0,[]
4706,0,[],0,[]
4707,0,[],0,[]
4708,0,[],0,[]
4709,0,[],0,[]
4710,0,[],0,[]
4711,0,[],0,[]
4712,0,[],0,[]
4713,0,[],0,[]
4714,0,[],0,[]
4715,0,[],0,[]
4716,0,[],0,[]
4717,0,[],0,[]
4718,0,[],0,[]
4719,0,[],0,[]
4720,0,[],0,[]
4721,0,[],0,[]
4722,0,[],0,[]
4723,0,[],0,[]
4724,0,[],0,[]
4725,0,[],0,[]
4726,0,[],0,[]
4727,0,[],0,[]
4728,0,[],0,[]
4729,0,[],0,[]
4730,0,[],0,[]
4731,0,[],0,[]
4732,0,[],0,[]
4733,0,[],0,[]
4734,0,[],0,[]
4735,0,[],0,[]
4736,0,[],0,[]
4737,0,[],0,[]
4738,0,[],0,[]
4739,0,[],0,[]
4740,0,[],0,[]
4741,0,[],0,[]
4742,0,[],0,[]
4743,0,[],0,[]
4744,0,[],0,[]
4745,0,[],0,[]
4746,0,[],0,[]
4747,0,[],0,[]
4748,0,[],0,[]
4749,0,[],0,[]
4750,0,[],0,[]
4751,0,[],0,[]
4752,0,[],0,[]
4753,0,[],0,[]
4754,0,[],0,[]
4755,0,[],0,[]
4756,0,[],0,[]
4757,0,[],0,[]
4758,0,[],0,[]
4759,0,[],0,[]
4760,0,[],0,[]
4761,0,[],0,[]
4762,0,[],0,[]
4763,0,[],0,[]
4764,0,[],0,[]
4765,0,[],0,[]
4766,0,[],0,[]
4767,0,[],0,[]
4768,0,[],0,[]
4769,0,[],0,[]
4770,0,[],0,[]
4771,0,[],0,[]
4772,0,[],0,[]
4773,0,[],0,[]
4774,0,[],0,[]
4775,0,[],0,[]
4776,0,[],0,[]
4777,0,[],0,[]
4778,0,[],0,[]
4779,0,[],0,[]
4780,0,[],0,[]
4781,0,[],0,[]
4782,0,[],0,[]
4783,0,[],0,[]
4784,0,[],0,[]
4785,0,[],0,[]
4786,0,[],0,[]
4787,0,[],0,[]
4788,0,[],0,[]
4789,0,[],0,[]
4790,0,[],0,[]
4791,0,[],0,[]
4792,0,[],0,[]
4793,0,[],0,[]
4794,0,[],0,[]
4795,0,[],0,[]
4796,0,[],0,[]
4797,0,[],0,[]
4798,0,[],0,[]
4799,0,[],0,[]
4800,0,[],0,[]
4801,0,[],0,[]
4802,0,[],0,[]
4803,0,[],0,[]
4804,0,[],0,[]
4805,0,[],0,[]
4806,0,[],0,[]
4807,0,[],0,[]
4808,0,[],0,[]
4809,0,[],0,[]
4810,0,[],0,[]
4811,0,[],0,[]
4812,0,[],0,[]
4813,0,[],0,[]
4814,0,[],0,[]
4815,0,[],0,[]
4816,0,[],0,[]
4817,0,[],0,[]
4818,0,[],0,[]
4819,0,[],0,[]
4820,0,[],0,[]
4821,0,[],0,[]
4822,0,[],0,[]
4823,0,[],0,[]
4824,0,[],0,[]
4825,0,[],0,[]
4826,0,[],0,[]
4827,0,[],0,[]
4828,0,[],0,[]
4829,0,[],0,[]
4830,0,[],0,[]
4831,0,[],0,[]
4832,0,[],0,[]
4833,0,[],0,[]
4834,0,[],0,[]
4835,0,[],0,[]
4836,0,[],0,[]
4837,0,[],0,[]
4838,0,[],0,[]
4839,0,[],0,[]
4840,0,[],0,[]
4841,0,[],0,[]
4842,0,[],0,[]
4843,0,[],0,[]
4844,0,[],0,[]
4845,0,[],0,[]
4846,0,[],0,[]
4847,0,[],0,[]
4848,0,[],0,[]
4849,0,[],0,[]
4850,0,[],0,[]
4851,0,[],0,[]
4852,0,[],0,[]
4853,0,[],0,[]
4854,0,[],0,[]
4855,0,[],0,[]
4856,0,[],0,[]
4857,0,[],0,[]
4858,0,[],0,[]
4859,0,[],0,[]
4860,0,[],0,[]
4861,0,[],0,[]
4862,0,[],0,[]
4863,0,[],0,[]
4864,0,[],0,[]
4865,0,[],0,[]
4866,0,[],0,[]
4867,0,[],0,[]
4868,0,[],0,[]
4869,0,[],0,[]
4870,0,[],0,[]
4871,0,[],0,[]
4872,0,[],0,[]
4873,0,[],0,[]
4874,0,[],0,[]
4875,0,[],0,[]
4876,0,[],0,[]
4877,0,[],0,[]
4878,0,[],0,[]
4879,0,[],0,[]
4880,0,[],0,[]
4881,0,[],0,[]
4882,0,[],0,[]
4883,0,[],0,[]
4884,0,[],0,[]
4885,0,[],0,[]
4886,0,[],0,[]
4887,0,[],0,[]
4888,0,[],0,[]
4889,0,[],0,[]
4890,0,[],0,[]
4891,0,[],0,[]
4892,0,[],0,[]
4893,0,[],0,[]
4894,0,[],0,[]
4895,0,[],0,[]
4896,0,[],0,[]
4897,0,[],0,[]
4898,0,[],0,[]
4899,0,[],0,[]
4900,0,[],0,[]
4901,0,[],0,[]
4902,0,[],0,[]
4903,0,[],0,[]
4904,0,[],0,[]
4905,0,[],0,[]
4906,0,[],0,[]
4907,0,[],0,[]
4908,0,[],0,[]
4909,0,[],0,[]
4910,0,[],0,[]
4911,0,[],0,[]
4912,0,[],0,[]
4913,0,[],0,[]
4914,0,[],0,[]
4915,0,[],0,[]
4916,0,[],0,[]
4917,0,[],0,[]
4918,0,[],0,[]
4919,0,[],0,[]
4920,0,[],0,[]
4921,0,[],0,[]
4922,0,[],0,[]
4923,0,[],0,[]
4924,0,[],0,[]
4925,0,[],0,[]
4926,0,[],0,[]
4927,0,[],0,[]
4928,0,[],0,[]
4929,0,[],0,[]
4930,0,[],0,[]
4931,0,[],0,[]
4932,0,[],0,[]
4933,0,[],0,[]
4934,0,[],0,[]
4935,0,[],0,[]
4936,0,[],0,[]
4937,0,[],0,[]
4938,0,[],0,[]
4939,0,[],0,[]
4940,0,[],0,[]
4941,0,[],0,[]
4942,0,[],0,[]
4943,0,[],0,[]
4944,0,[],0,[]
4945,0,[],0,[]
4946,0,[],0,[]
4947,0,[],0,[]
4948,0,[],0,[]
4949,0,[],0,[]
4950,0,[],0,[]
4951,0,[],0,[]
4952,0,[],0,[]
4953,0,[],0,[]
4954,0,[],0,[]
4955,0,[],0,[]
4956,0,[],0,[]
4957,0,[],0,[]
4958,0,[],0,[]
4959,0,[],0,[]
4960,0,[],0,[]
4961,0,[],0,[]
4962,0,[],0,[]
4963,0,[],0,[]
4964,0,[],0,[]
4965,0,[],0,[]
4966,0,[],0,[]
4967,0,[],0,[]
4968,0,[],0,[]
4969,0,[],0,[]
4970,0,[],0,[]
4971,0,[],0,[]
4972,0,[],0,[]
4973,0,[],0,[]
4974,0,[],0,[]
4975,0,[],0,[]
4976,0,[],0,[]
4977,0,[],0,[]
4978,0,[],0,[]
4979,0,[],0,[]
4980,0,[],0,[]
4981,0,[],0,[]
4982,0,[],0,[]
4983,0,[],0,[]
4984,0,[],0,[]
4985,0,[],0,[]
4986,0,[],0,[]
4987,0,[],0,[]
4988,0,[],0,[]
4989,0,[],0,[]
4990,0,[],0,[]
4991,0,[],0,[]
4992,0,[],0,[]
4993,0,[],0,[]
4994,0,[],0,[]
4995,0,[],0,[]
4996,0,[],0,[]
4997,0,[],0,[]
4998,0,[],0,[]
4999,0,[],0,[]
5000,0,[],0,[]
5001,0,[],0,[]
5002,0,[],0,[]
5003,0,[],0,[]
5004,0,[],0,[]
5005,0,[],0,[]
5006,0,[],0,[]
5007,0,[],0,[]
5008,0,[],0,[]
5009,0,[],0,[]
5010,0,[],0,[]
5011,0,[],0,[]
5012,0,[],0,[]
5013,0,[],0,[]
5014,0,[],0,[]
5015,0,[],0,[]
5016,0,[],0,[]
5017,0,[],0,[]
5018,0,[],0,[]
5019,0,[],0,[]
5020,0,[],0,[]
5021,0,[],0,[]
5022,0,[],0,[]
5023,0,[],0,[]
5024,0,[],0,[]
5025,0,[],0,[]
5026,0,[],0,[]
5027,0,[],0,[]
5028,0,[],0,[]
5029,0,[],0,[]
5030,0,[],0,[]
5031,0,[],0,[]
5032,0,[],0,[]
5033,0,[],0,[]
5034,0,[],0,[]
5035,0,[],0,[]
5036,0,[],0,[]
5037,0,[],0,[]
5038,0,[],0,[]
5039,0,[],0,[]
5040,0,[],0,[]
5041,0,[],0,[]
5042,0,[],0,[]
5043,0,[],0,[]
5044,0,[],0,[]
5045,0,[],0,[]
5046,0,[],0,[]
5047,0,[],0,[]
5048,0,[],0,[]
5049,0,[],0,[]
5050,0,[],0,[]
5051,0,[],0,[]
5052,0,[],0,[]
5053,0,[],0,[]
5054,0,[],0,[]
5055,0,[],0,[]
5056,0,[],0,[]
5057,0,[],0,[]
5058,0,[],0,[]
5059,0,[],0,[]
5060,0,[],0,[]
5061,0,[],0,[]
5062,0,[],0,[]
5063,0,[],0,[]
5064,0,[],0,[]
5065,0,[],0,[]
5066,0,[],0,[]
5067,0,[],0,[]
5068,0,[],0,[]
5069,0,[],0,[]
5070,0,[],0,[]
5071,0,[],0,[]
5072,0,[],0,[]
5073,0,[],0,[]
5074,0,[],0,[]
5075,0,[],0,[]
5076,0,[],0,[]
5077,0,[],0,[]
5078,0,[],0,[]
5079,0,[],0,[]
5080,0,[],0,[]
5081,0,[],0,[]
5082,0,[],0,[]
5083,0,[],0,[]
5084,0,[],0,[]
5085,0,[],0,[]
5086,0,[],0,[]
5087,0,[],0,[]
5088,0,[],0,[]
5089,0,[],0,[]
5090,0,[],0,[]
5091,0,[],0,[]
5092,0,[],0,[]
5093,0,[],0,[]
5094,0,[],0,[]
5095,0,[],0,[]
5096,0,[],0,[]
5097,0,[],0,[]
5098,0,[],0,[]
5099,0,[],0,[]
5100,0,[],0,[]
5101,0,[],0,[]
5102,0,[],0,[]
5103,0,[],0,[]
5104,0,[],0,[]
5105,0,[],0,[]
5106,0,[],0,[]
5107,0,[],0,[]
5108,0,[],0,[]
5109,0,[],0,[]
5110,0,[],0,[]
5111,0,[],0,[]
5112,0,[],0,[]
5113,0,[],0,[]
5114,0,[],0,[]
5115,0,[],0,[]
5116,0,[],0,[]
5117,0,[],0,[]
5118,0,[],0,[]
5119,0,[],0,[]
5120,0,[],0,[]
5121,0,[],0,[]
5122,0,[],0,[]
5123,0,[],0,[]
5124,0,[],0,[]
5125,0,[],0,[]
5126,0,[],0,[]
5127,0,[],0,[]
5128,0,[],0,[]
5129,0,[],0,[]
5130,0,[],0,[]
5131,0,[],0,[]
5132,0,[],0,[]
5133,0,[],0,[]
5134,0,[],0,[]
5135,0,[],0,[]
5136,0,[],0,[]
5137,0,[],0,[]
5138,0,[],0,[]
5139,0,[],0,[]
5140,0,[],0,[]
5141,0,[],0,[]
5142,0,[],0,[]
5143,0,[],0,[]
5144,0,[],0,[]
5145,0,[],0,[]
5146,0,[],0,[]
5147,0,[],0,[]
5148,0,[],0,[]
5149,0,[],0,[]
5150,0,[],0,[]
5151,0,[],0,[]
5152,0,[],0,[]
5153,0,[],0,[]
5154,0,[],0,[]
5155,0,[],0,[]
5156,0,[],0,[]
5157,0,[],0,[]
5158,0,[],0,[]
5159,0,[],0,[]
5160,0,[],0,[]
5161,0,[],0,[]
5162,0,[],0,[]
5163,0,[],0,[]
5164,0,[],0,[]
5165,0,[],0,[]
5166,0,[],0,[]
5167,0,[],0,[]
5168,0,[],0,[]
5169,0,[],0,[]
5170,0,[],0,[]
5171,0,[],0,[]
5172,0,[],0,[]
5173,0,[],0,[]
5174,0,[],0,[]
5175,0,[],0,[]
5176,0,[],0,[]
5177,0,[],0,[]
5178,0,[],0,[]
5179,0,[],0,[]
5180,0,[],0,[]
5181,0,[],0,[]
5182,0,[],0,[]
5183,0,[],0,[]
5184,0,[],0,[]
5185,0,[],0,[]
5186,0,[],0,[]
5187,0,[],0,[]
5188,0,[],0,[]
5189,0,[],0,[]
5190,0,[],0,[]
5191,0,[],0,[]
5192,0,[],0,[]
5193,0,[],0,[]
5194,0,[],0,[]
5195,0,[],0,[]
5196,0,[],0,[]
5197,0,[],0,[]
5198,0,[],0,[]
5199,0,[],0,[]
5200,0,[],0,[]
5201,0,[],0,[]
5202,0,[],0,[]
5203,0,[],0,[]
5204,0,[],0,[]
5205,0,[],0,[]
5206,0,[],0,[]
5207,0,[],0,[]
5208,0,[],0,[]
5209,0,[],0,[]
5210,0,[],0,[]
5211,0,[],0,[]
5212,0,[],0,[]
5213,0,[],0,[]
5214,0,[],0,[]
5215,0,[],0,[]
5216,0,[],0,[]
5217,0,[],0,[]
5218,0,[],0,[]
5219,0,[],0,[]
5220,0,[],0,[]
5221,0,[],0,[]
5222,0,[],0,[]
5223,0,[],0,[]
5224,0,[],0,[]
5225,0,[],0,[]
5226,0,[],0,[]
5227,0,[],0,[]
5228,0,[],0,[]
5229,0,[],0,[]
5230,0,[],0,[]
5231,0,[],0,[]
5232,0,[],0,[]
5233,0,[],0,[]
5234,0,[],0,[]
5235,0,[],0,[]
5236,0,[],0,[]
5237,0,[],0,[]
5238,0,[],0,[]
5239,0,[],0,[]
5240,0,[],0,[]
5241,0,[],0,[]
5242,0,[],0,[]
5243,0,[],0,[]
5244,0,[],0,[]
5245,0,[],0,[]
5246,0,[],0,[]
5247,0,[],0,[]
5248,0,[],0,[]
5249,0,[],0,[]
5250,0,[],0,[]
5251,0,[],0,[]
5252,0,[],0,[]
5253,0,[],0,[]
5254,0,[],0,[]
5255,0,[],0,[]
5256,0,[],0,[]
5257,0,[],0,[]
5258,0,[],0,[]
5259,0,[],0,[]
5260,0,[],0,[]
5261,0,[],0,[]
5262,0,[],0,[]
5263,0,[],0,[]
5264,0,[],0,[]
5265,0,[],0,[]
5266,0,[],0,[]
5267,0,[],0,[]
5268,0,[],0,[]
5269,0,[],0,[]
5270,0,[],0,[]
5271,0,[],0,[]
5272,0,[],0,[]
5273,0,[],0,[]
5274,0,[],0,[]
5275,0,[],0,[]
5276,0,[],0,[]
5277,0,[],0,[]
5278,0,[],0,[]
5279,0,[],0,[]
5280,0,[],0,[]
5281,0,[],0,[]
5282,0,[],0,[]
5283,0,[],0,[]
5284,0,[],0,[]
5285,0,[],0,[]
5286,0,[],0,[]
5287,0,[],0,[]
5288,0,[],0,[]
5289,0,[],0,[]
5290,0,[],0,[]
5291,0,[],0,[]
5292,0,[],0,[]
5293,0,[],0,[]
5294,0,[],0,[]
5295,0,[],0,[]
5296,0,[],0,[]
5297,0,[],0,[]
5298,0,[],0,[]
5299,0,[],0,[]
5300,0,[],0,[]
5301,0,[],0,[]
5302,0,[],0,[]
5303,0,[],0,[]
5304,0,[],0,[]
5305,0,[],0,[]
5306,0,[],0,[]
5307,0,[],0,[]
5308,0,[],0,[]
5309,0,[],0,[]
5310,0,[],0,[]
5311,0,[],0,[]
5312,0,[],0,[]
5313,0,[],0,[]
5314,0,[],0,[]
5315,0,[],0,[]
5316,0,[],0,[]
5317,0,[],0,[]
5318,0,[],0,[]
5319,0,[],0,[]
5320,0,[],0,[]
5321,0,[],0,[]
5322,0,[],0,[]
5323,0,[],0,[]
5324,0,[],0,[]
5325,0,[],0,[]
5326,0,[],0,[]
5327,0,[],0,[]
5328,0,[],0,[]
5329,0,[],0,[]
5330,0,[],0,[]
5331,0,[],0,[]
5332,0,[],0,[]
5333,0,[],0,[]
5334,0,[],0,[]
5335,0,[],0,[]
5336,0,[],0,[]
5337,0,[],0,[]
5338,0,[],0,[]
5339,0,[],0,[]
5340,0,[],0,[]
5341,0,[],0,[]
5342,0,[],0,[]
5343,0,[],0,[]
5344,0,[],0,[]
5345,0,[],0,[]
5346,0,[],0,[]
5347,0,[],0,[]
5348,0,[],0,[]
5349,0,[],0,[]
5350,0,[],0,[]
5351,0,[],0,[]
5352,0,[],0,[]
5353,0,[],0,[]
5354,0,[],0,[]
5355,0,[],0,[]
5356,0,[],0,[]
5357,0,[],0,[]
5358,0,[],0,[]
5359,0,[],0,[]
5360,0,[],0,[]
5361,0,[],0,[]
5362,0,[],0,[]
5363,0,[],0,[]
5364,0,[],0,[]
5365,0,[],0,[]
5366,0,[],0,[]
5367,0,[],0,[]
5368,0,[],0,[]
5369,0,[],0,[]
5370,0,[],0,[]
5371,0,[],0,[]
5372,0,[],0,[]
5373,0,[],0,[]
5374,0,[],0,[]
5375,0,[],0,[]
5376,0,[],0,[]
5377,0,[],0,[]
5378,0,[],0,[]
5379,0,[],0,[]
5380,0,[],0,[]
5381,0,[],0,[]
5382,0,[],0,[]
5383,0,[],0,[]
5384,0,[],0,[]
5385,0,[],0,[]
5386,0,[],0,[]
5387,0,[],0,[]
5388,0,[],0,[]
5389,0,[],0,[]
5390,0,[],0,[]
5391,0,[],0,[]
5392,0,[],0,[]
5393,0,[],0,[]
5394,0,[],0,[]
5395,0,[],0,[]
5396,0,[],0,[]
5397,0,[],0,[]
5398,0,[],0,[]
5399,0,[],0,[]
5400,0,[],0,[]
5401,0,[],0,[]
5402,0,[],0,[]
5403,0,[],0,[]
5404,0,[],0,[]
5405,0,[],0,[]
5406,0,[],0,[]
5407,0,[],0,[]
5408,0,[],0,[]
5409,0,[],0,[]
5410,0,[],0,[]
5411,0,[],0,[]
5412,0,[],0,[]
5413,0,[],0,[]
5414,0,[],0,[]
5415,0,[],0,[]
5416,0,[],0,[]
5417,0,[],0,[]
5418,0,[],0,[]
5419,0,[],0,[]
5420,0,[],0,[]
5421,0,[],0,[]
5422,0,[],0,[]
5423,0,[],0,[]
5424,0,[],0,[]
5425,0,[],0,[]
5426,0,[],0,[]
5427,0,[],0,[]
5428,0,[],0,[]
5429,0,[],0,[]
5430,0,[],0,[]
5431,0,[],0,[]
5432,0,[],0,[]
5433,0,[],0,[]
5434,0,[],0,[]
5435,0,[],0,[]
5436,0,[],0,[]
5437,0,[],0,[]
5438,0,[],0,[]
5439,0,[],0,[]
5440,0,[],0,[]
5441,0,[],0,[]
5442,0,[],0,[]
5443,0,[],0,[]
5444,0,[],0,[]
5445,0,[],0,[]
5446,0,[],0,[]
5447,0,[],0,[]
5448,0,[],0,[]
5449,0,[],0,[]
5450,0,[],0,[]
5451,0,[],0,[]
5452,0,[],0,[]
5453,0,[],0,[]
5454,0,[],0,[]
5455,0,[],0,[]
5456,0,[],0,[]
5457,0,[],0,[]
5458,0,[],0,[]
5459,0,[],0,[]
5460,0,[],0,[]
5461,0,[],0,[]
5462,0,[],0,[]
5463,0,[],0,[]
5464,0,[],0,[]
5465,0,[],0,[]
5466,0,[],0,[]
5467,0,[],0,[]
5468,0,[],0,[]
5469,0,[],0,[]
5470,0,[],0,[]
5471,0,[],0,[]
5472,0,[],0,[]
5473,0,[],0,[]
5474,0,[],0,[]
5475,0,[],0,[]
5476,0,[],0,[]
5477,0,[],0,[]
5478,0,[],0,[]
5479,0,[],0,[]
5480,0,[],0,[]
5481,0,[],0,[]
5482,0,[],0,[]
5483,0,[],0,[]
5484,0,[],0,[]
5485,0,[],0,[]
5486,0,[],0,[]
5487,0,[],0,[]
5488,0,[],0,[]
5489,0,[],0,[]
5490,0,[],0,[]
5491,0,[],0,[]
5492,0,[],0,[]
5493,0,[],0,[]
5494,0,[],0,[]
5495,0,[],0,[]
5496,0,[],0,[]
5497,0,[],0,[]
5498,0,[],0,[]
5499,0,[],0,[]
5500,0,[],0,[]
5501,0,[],0,[]
5502,0,[],0,[]
5503,0,[],0,[]
5504,0,[],0,[]
5505,0,[],0,[]
5506,0,[],0,[]
5507,0,[],0,[]
5508,0,[],0,[]
5509,0,[],0,[]
5510,0,[],0,[]
5511,0,[],0,[]
5512,0,[],0,[]
5513,0,[],0,[]
5514,0,[],0,[]
5515,0,[],0,[]
5516,0,[],0,[]
5517,0,[],0,[]
5518,0,[],0,[]
5519,0,[],0,[]
5520,0,[],0,[]
5521,0,[],0,[]
5522,0,[],0,[]
5523,0,[],0,[]
5524,0,[],0,[]
5525,0,[],0,[]
5526,0,[],0,[]
5527,0,[],0,[]
5528,0,[],0,[]
5529,0,[],0,[]
5530,0,[],0,[]
5531,0,[],0,[]
5532,0,[],0,[]
5533,0,[],0,[]
5534,0,[],0,[]
5535,0,[],0,[]
5536,0,[],0,[]
5537,0,[],0,[]
5538,0,[],0,[]
5539,0,[],0,[]
5540,0,[],0,[]
5541,0,[],0,[]
5542,0,[],0,[]
5543,0,[],0,[]
5544,0,[],0,[]
5545,0,[],0,[]
5546,0,[],0,[]
5547,0,[],0,[]
5548,0,[],0,[]
5549,0,[],0,[]
5550,0,[],0,[]
5551,0,[],0,[]
5552,0,[],0,[]
5553,0,[],0,[]
5554,0,[],0,[]
5555,0,[],0,[]
5556,0,[],0,[]
5557,0,[],0,[]
5558,0,[],0,[]
5559,0,[],0,[]
5560,0,[],0,[]
5561,0,[],0,[]
5562,0,[],0,[]
5563,0,[],0,[]
5564,0,[],0,[]
5565,0,[],0,[]
5566,0,[],0,[]
5567,0,[],0,[]
5568,0,[],0,[]
5569,0,[],0,[]
5570,0,[],0,[]
5571,0,[],0,[]
5572,0,[],0,[]
5573,0,[],0,[]
5574,0,[],0,[]
5575,0,[],0,[]
5576,0,[],0,[]
5577,0,[],0,[]
5578,0,[],0,[]
5579,0,[],0,[]
5580,0,[],0,[]
5581,0,[],0,[]
5582,0,[],0,[]
5583,0,[],0,[]
5584,0,[],0,[]
5585,0,[],0,[]
5586,0,[],0,[]
5587,0,[],0,[]
5588,0,[],0,[]
5589,0,[],0,[]
5590,0,[],0,[]
5591,0,[],0,[]
5592,0,[],0,[]
5593,0,[],0,[]
5594,0,[],0,[]
5595,0,[],0,[]
5596,0,[],0,[]
5597,0,[],0,[]
5598,0,[],0,[]
5599,0,[],0,[]
5600,0,[],0,[]
5601,0,[],0,[]
5602,0,[],0,[]
5603,0,[],0,[]
5604,0,[],0,[]
5605,0,[],0,[]
5606,0,[],0,[]
5607,0,[],0,[]
5608,0,[],0,[]
5609,0,[],0,[]
5610,0,[],0,[]
5611,0,[],0,[]
5612,0,[],0,[]
5613,0,[],0,[]
5614,0,[],0,[]
5615,0,[],0,[]
5616,0,[],0,[]
5617,0,[],0,[]
5618,0,[],0,[]
5619,0,[],0,[]
5620,0,[],0,[]
5621,0,[],0,[]
5622,0,[],0,[]
5623,0,[],0,[]
5624,0,[],0,[]
5625,0,[],0,[]
5626,0,[],0,[]
5627,0,[],0,[]
5628,0,[],0,[]
5629,0,[],0,[]
5630,0,[],0,[]
5631,0,[],0,[]
5632,0,[],0,[]
5633,0,[],0,[]
5634,0,[],0,[]
5635,0,[],0,[]
5636,0,[],0,[]
5637,0,[],0,[]
5638,0,[],0,[]
5639,0,[],0,[]
5640,0,[],0,[]
5641,0,[],0,[]
5642,0,[],0,[]
5643,0,[],0,[]
5644,0,[],0,[]
5645,0,[],0,[]
5646,0,[],0,[]
5647,0,[],0,[]
5648,0,[],0,[]
5649,0,[],0,[]
5650,0,[],0,[]
5651,0,[],0,[]
5652,0,[],0,[]
5653,0,[],0,[]
5654,0,[],0,[]
5655,0,[],0,[]
5656,0,[],0,[]
5657,0,[],0,[]
5658,0,[],0,[]
5659,0,[],0,[]
5660,0,[],0,[]
5661,0,[],0,[]
5662,0,[],0,[]
5663,0,[],0,[]
5664,0,[],0,[]
5665,0,[],0,[]
5666,0,[],0,[]
5667,0,[],0,[]
5668,0,[],0,[]
5669,0,[],0,[]
5670,0,[],0,[]
5671,0,[],0,[]
5672,0,[],0,[]
5673,0,[],0,[]
5674,0,[],0,[]
5675,0,[],0,[]
5676,0,[],0,[]
5677,0,[],0,[]
5678,0,[],0,[]
5679,0,[],0,[]
5680,0,[],0,[]
5681,0,[],0,[]
5682,0,[],0,[]
5683,0,[],0,[]
5684,0,[],0,[]
5685,0,[],0,[]
5686,0,[],0,[]
5687,0,[],0,[]
5688,0,[],0,[]
5689,0,[],0,[]
5690,0,[],0,[]
5691,0,[],0,[]
5692,0,[],0,[]
5693,0,[],0,[]
5694,0,[],0,[]
5695,0,[],0,[]
5696,0,[],0,[]
5697,0,[],0,[]
5698,0,[],0,[]
5699,0,[],0,[]
5700,0,[],0,[]
5701,0,[],0,[]
5702,0,[],0,[]
5703,0,[],0,[]
5704,0,[],0,[]
5705,0,[],0,[]
5706,0,[],0,[]
5707,0,[],0,[]
5708,0,[],0,[]
5709,0,[],0,[]
5710,0,[],0,[]
5711,0,[],0,[]
5712,0,[],0,[]
5713,0,[],0,[]
5714,0,[],0,[]
5715,0,[],0,[]
5716,0,[],0,[]
5717,0,[],0,[]
5718,0,[],0,[]
5719,0,[],0,[]
5720,0,[],0,[]
5721,0,[],0,[]
5722,0,[],0,[]
5723,0,[],0,[]
5724,0,[],0,[]
5725,0,[],0,[]
5726,0,[],0,[]
5727,0,[],0,[]
5728,0,[],0,[]
5729,0,[],0,[]
5730,0,[],0,[]
5731,0,[],0,[]
5732,0,[],0,[]
5733,0,[],0,[]
5734,0,[],0,[]
5735,0,[],0,[]
5736,0,[],0,[]
5737,0,[],0,[]
5738,0,[],0,[]
5739,0,[],0,[]
5740,0,[],0,[]
5741,0,[],0,[]
5742,0,[],0,[]
5743,0,[],0,[]
5744,0,[],0,[]
5745,0,[],0,[]
5746,0,[],0,[]
5747,0,[],0,[]
5748,0,[],0,[]
5749,0,[],0,[]
5750,0,[],0,[]
5751,0,[],0,[]
5752,0,[],0,[]
5753,0,[],0,[]
5754,0,[],0,[]
5755,0,[],0,[]
5756,0,[],0,[]
5757,0,[],0,[]
5758,0,[],0,[]
5759,0,[],0,[]
5760,0,[],0,[]
5761,0,[],0,[]
5762,0,[],0,[]
5763,0,[],0,[]
5764,0,[],0,[]
5765,0,[],0,[]
5766,0,[],0,[]
5767,0,[],0,[]
5768,0,[],0,[]
5769,0,[],0,[]
5770,0,[],0,[]
5771,0,[],0,[]
5772,0,[],0,[]
5773,0,[],0,[]
5774,0,[],0,[]
5775,0,[],0,[]
5776,0,[],0,[]
5777,0,[],0,[]
5778,0,[],0,[]
5779,0,[],0,[]
5780,0,[],0,[]
5781,0,[],0,[]
5782,0,[],0,[]
5783,0,[],0,[]
5784,0,[],0,[]
5785,0,[],0,[]
5786,0,[],0,[]
5787,0,[],0,[]
5788,0,[],0,[]
5789,0,[],0,[]
5790,0,[],0,[]
5791,0,[],0,[]
5792,0,[],0,[]
5793,0,[],0,[]
5794,0,[],0,[]
5795,0,[],0,[]
5796,0,[],0,[]
5797,0,[],0,[]
5798,0,[],0,[]
5799,0,[],0,[]
5800,0,[],0,[]
5801,0,[],0,[]
5802,0,[],0,[]
5803,0,[],0,[]
5804,0,[],0,[]
5805,0,[],0,[]
5806,0,[],0,[]
5807,0,[],0,[]
5808,0,[],0,[]
5809,0,[],0,[]
5810,0,[],0,[]
5811,0,[],0,[]
5812,0,[],0,[]
5813,0,[],0,[]
5814,0,[],0,[]
5815,0,[],0,[]
5816,0,[],0,[]
5817,0,[],0,[]
5818,0,[],0,[]
5819,0,[],0,[]
5820,0,[],0,[]
5821,0,[],0,[]
5822,0,[],0,[]
5823,0,[],0,[]
5824,0,[],0,[]
5825,0,[],0,[]
5826,0,[],0,[]
5827,0,[],0,[]
5828,0,[],0,[]
5829,0,[],0,[]
5830,0,[],0,[]
5831,0,[],0,[]
5832,0,[],0,[]
5833,0,[],0,[]
5834,0,[],0,[]
5835,0,[],0,[]
5836,0,[],0,[]
5837,0,[],0,[]
5838,0,[],0,[]
5839,0,[],0,[]
5840,0,[],0,[]
5841,0,[],0,[]
5842,0,[],0,[]
5843,0,[],0,[]
5844,0,[],0,[]
5845,0,[],0,[]
5846,0,[],0,[]
5847,0,[],0,[]
5848,0,[],0,[]
5849,0,[],0,[]
5850,0,[],0,[]
5851,0,[],0,[]
5852,0,[],0,[]
5853,0,[],0,[]
5854,0,[],0,[]
5855,0,[],0,[]
5856,0,[],0,[]
5857,0,[],0,[]
5858,0,[],0,[]
5859,0,[],0,[]
5860,0,[],0,[]
5861,0,[],0,[]
5862,0,[],0,[]
5863,0,[],0,[]
5864,0,[],0,[]
5865,0,[],0,[]
5866,0,[],0,[]
5867,0,[],0,[]
5868,0,[],0,[]
5869,0,[],0,[]
5870,0,[],0,[]
5871,0,[],0,[]
5872,0,[],0,[]
5873,0,[],0,[]
5874,0,[],0,[]
5875,0,[],0,[]
5876,0,[],0,[]
5877,0,[],0,[]
5878,0,[],0,[]
5879,0,[],0,[]
5880,0,[],0,[]
5881,0,[],0,[]
5882,0,[],0,[]
5883,0,[],0,[]
5884,0,[],0,[]
5885,0,[],0,[]
5886,0,[],0,[]
5887,0,[],0,[]
5888,0,[],0,[]
5889,0,[],0,[]
5890,0,[],0,[]
5891,0,[],0,[]
5892,0,[],0,[]
5893,0,[],0,[]
5894,0,[],0,[]
5895,0,[],0,[]
5896,0,[],0,[]
5897,0,[],0,[]
5898,0,[],0,[]
5899,0,[],0,[]
5900,0,[],0,[]
5901,0,[],0,[]
5902,0,[],0,[]
5903,0,[],0,[]
5904,0,[],0,[]
5905,0,[],0,[]
5906,0,[],0,[]
5907,0,[],0,[]
5908,0,[],0,[]
5909,0,[],0,[]
5910,0,[],0,[]
5911,0,[],0,[]
5912,0,[],0,[]
5913,0,[],0,[]
5914,0,[],0,[]
5915,0,[],0,[]
5916,0,[],0,[]
5917,0,[],0,[]
5918,0,[],0,[]
5919,0,[],0,[]
5920,0,[],0,[]
5921,0,[],0,[]
5922,0,[],0,[]
5923,0,[],0,[]
5924,0,[],0,[]
5925,0,[],0,[]
5926,0,[],0,[]
5927,0,[],0,[]
5928,0,[],0,[]
5929,0,[],0,[]
5930,0,[],0,[]
5931,0,[],0,[]
5932,0,[],0,[]
5933,0,[],0,[]
5934,0,[],0,[]
5935,0,[],0,[]
5936,0,[],0,[]
5937,0,[],0,[]
5938,0,[],0,[]
5939,0,[],0,[]
5940,0,[],0,[]
5941,0,[],0,[]
5942,0,[],0,[]
5943,0,[],0,[]
5944,0,[],0,[]
5945,0,[],0,[]
5946,0,[],0,[]
5947,0,[],0,[]
5948,0,[],0,[]
5949,0,[],0,[]
5950,0,[],0,[]
5951,0,[],0,[]
5952,0,[],0,[]
5953,0,[],0,[]
5954,0,[],0,[]
5955,0,[],0,[]
5956,0,[],0,[]
5957,0,[],0,[]
5958,0,[],0,[]
5959,0,[],0,[]
5960,0,[],0,[]
5961,0,[],0,[]
5962,0,[],0,[]
5963,0,[],0,[]
5964,0,[],0,[]
5965,0,[],0,[]
5966,0,[],0,[]
5967,0,[],0,[]
5968,0,[],0,[]
5969,0,[],0,[]
5970,0,[],0,[]
5971,0,[],0,[]
5972,0,[],0,[]
5973,0,[],0,[]
5974,0,[],0,[]
5975,0,[],0,[]
5976,0,[],0,[]
5977,0,[],0,[]
5978,0,[],0,[]
5979,0,[],0,[]
5980,0,[],0,[]
5981,0,[],0,[]
5982,0,[],0,[]
5983,0,[],0,[]
5984,0,[],0,[]
5985,0,[],0,[]
5986,0,[],0,[]
5987,0,[],0,[]
5988,0,[],0,[]
5989,0,[],0,[]
5990,0,[],0,[]
5991,0,[],0,[]
5992,0,[],0,[]
5993,0,[],0,[]
5994,0,[],0,[]
5995,0,[],0,[]
5996,0,[],0,[]
5997,0,[],0,[]
5998,0,[],0,[]
5999,0,[],0,[]
6000,0,[],0,[]
6001,0,[],0,[]
6002,0,[],0,[]
6003,0,[],0,[]
6004,0,[],0,[]
6005,0,[],0,[]
6006,0,[],0,[]
6007,0,[],0,[]
6008,0,[],0,[]
6009,0,[],0,[]
6010,0,[],0,[]
6011,0,[],0,[]
6012,0,[],0,[]
6013,0,[],0,[]
6014,0,[],0,[]
6015,0,[],0,[]
6016,0,[],0,[]
6017,0,[],0,[]
6018,0,[],0,[]
6019,0,[],0,[]
6020,0,[],0,[]
6021,0,[],0,[]
6022,0,[],0,[]
6023,0,[],0,[]
6024,0,[],0,[]
6025,0,[],0,[]
6026,0,[],0,[]
6027,0,[],0,[]
6028,0,[],0,[]
6029,0,[],0,[]
6030,0,[],0,[]
6031,0,[],0,[]
6032,0,[],0,[]
6033,0,[],0,[]
6034,0,[],0,[]
6035,0,[],0,[]
6036,0,[],0,[]
6037,0,[],0,[]
6038,0,[],0,[]
6039,0,[],0,[]
6040,0,[],0,[]
6041,0,[],0,[]
6042,0,[],0,[]
6043,0,[],0,[]
6044,0,[],0,[]
6045,0,[],0,[]
6046,0,[],0,[]
6047,0,[],0,[]
6048,0,[],0,[]
6049,0,[],0,[]
6050,0,[],0,[]
6051,0,[],0,[]
6052,0,[],0,[]
6053,0,[],0,[]
6054,0,[],0,[]
6055,0,[],0,[]
6056,0,[],0,[]
6057,0,[],0,[]
6058,0,[],0,[]
6059,0,[],0,[]
6060,0,[],0,[]
6061,0,[],0,[]
6062,0,[],0,[]
6063,0,[],0,[]
6064,0,[],0,[]
6065,0,[],0,[]
6066,0,[],0,[]
6067,0,[],0,[]
6068,0,[],0,[]
6069,0,[],0,[]
6070,0,[],0,[]
6071,0,[],0,[]
6072,0,[],0,[]
6073,0,[],0,[]
6074,0,[],0,[]
6075,0,[],0,[]
6076,0,[],0,[]
6077,0,[],0,[]
6078,0,[],0,[]
6079,0,[],0,[]
6080,0,[],0,[]
6081,0,[],0,[]
6082,0,[],0,[]
6083,0,[],0,[]
6084,0,[],0,[]
6085,0,[],0,[]
6086,0,[],0,[]
6087,0,[],0,[]
6088,0,[],0,[]
6089,0,[],0,[]
6090,0,[],0,[]
6091,0,[],0,[]
6092,0,[],0,[]
6093,0,[],0,[]
6094,0,[],0,[]
6095,0,[],0,[]
6096,0,[],0,[]
6097,0,[],0,[]
6098,0,[],0,[]
6099,0,[],0,[]
6100,0,[],0,[]
6101,0,[],0,[]
6102,0,[],0,[]
6103,0,[],0,[]
6104,0,[],0,[]
6105,0,[],0,[]
6106,0,[],0,[]
6107,0,[],0,[]
6108,0,[],0,[]
6109,0,[],0,[]
6110,0,[],0,[]
6111,0,[],0,[]
6112,0,[],0,[]
6113,0,[],0,[]
6114,0,[],0,[]
6115,0,[],0,[]
6116,0,[],0,[]
6117,0,[],0,[]
6118,0,[],0,[]
6119,0,[],0,[]
6120,0,[],0,[]
6121,0,[],0,[]
6122,0,[],0,[]
6123,0,[],0,[]
6124,0,[],0,[]
6125,0,[],0,[]
6126,0,[],0,[]
6127,0,[],0,[]
6128,0,[],0,[]
6129,0,[],0,[]
6130,0,[],0,[]
6131,0,[],0,[]
6132,0,[],0,[]
6133,0,[],0,[]
6134,0,[],0,[]
6135,0,[],0,[]
6136,0,[],0,[]
6137,0,[],0,[]
6138,0,[],0,[]
6139,0,[],0,[]
6140,0,[],0,[]
6141,0,[],0,[]
6142,0,[],0,[]
6143,0,[],0,[]
6144,0,[],0,[]
6145,0,[],0,[]
6146,0,[],0,[]
6147,0,[],0,[]
6148,0,[],0,[]
6149,0,[],0,[]
6150,0,[],0,[]
6151,0,[],0,[]
6152,0,[],0,[]
6153,0,[],0,[]
6154,0,[],0,[]
6155,0,[],0,[]
6156,0,[],0,[]
6157,0,[],0,[]
6158,0,[],0,[]
6159,0,[],0,[]
6160,0,[],0,[]
6161,0,[],0,[]
6162,0,[],0,[]
6163,0,[],0,[]
6164,0,[],0,[]
6165,0,[],0,[]
6166,0,[],0,[]
6167,0,[],0,[]
6168,0,[],0,[]
6169,0,[],0,[]
6170,0,[],0,[]
6171,0,[],0,[]
6172,0,[],0,[]
6173,0,[],0,[]
6174,0,[],0,[]
6175,0,[],0,[]
6176,0,[],0,[]
6177,0,[],0,[]
6178,0,[],0,[]
6179,0,[],0,[]
6180,0,[],0,[]
6181,0,[],0,[]
6182,0,[],0,[]
6183,0,[],0,[]
6184,0,[],0,[]
6185,0,[],0,[]
6186,0,[],0,[]
6187,0,[],0,[]
6188,0,[],0,[]
6189,0,[],0,[]
6190,0,[],0,[]
6191,0,[],0,[]
6192,0,[],0,[]
6193,0,[],0,[]
6194,0,[],0,[]
6195,0,[],0,[]
6196,0,[],0,[]
6197,0,[],0,[]
6198,0,[],0,[]
6199,0,[],0,[]
6200,0,[],0,[]
6201,0,[],0,[]
6202,0,[],0,[]
6203,0,[],0,[]
6204,0,[],0,[]
6205,0,[],0,[]
6206,0,[],0,[]
6207,0,[],0,[]
6208,0,[],0,[]
6209,0,[],0,[]
6210,0,[],0,[]
6211,0,[],0,[]
6212,0,[],0,[]
6213,0,[],0,[]
6214,0,[],0,[]
6215,0,[],0,[]
6216,0,[],0,[]
6217,0,[],0,[]
6218,0,[],0,[]
6219,0,[],0,[]
6220,0,[],0,[]
6221,0,[],0,[]
6222,0,[],0,[]
6223,0,[],0,[]
6224,0,[],0,[]
6225,0,[],0,[]
6226,0,[],0,[]
6227,0,[],0,[]
6228,0,[],0,[]
6229,0,[],0,[]
6230,0,[],0,[]
6231,0,[],0,[]
6232,0,[],0,[]
6233,0,[],0,[]
6234,0,[],0,[]
6235,0,[],0,[]
6236,0,[],0,[]
6237,0,[],0,[]
6238,0,[],0,[]
6239,0,[],0,[]
6240,0,[],0,[]
6241,0,[],0,[]
6242,0,[],0,[]
6243,0,[],0,[]
6244,0,[],0,[]
6245,0,[],0,[]
6246,0,[],0,[]
6247,0,[],0,[]
6248,0,[],0,[]
6249,0,[],0,[]
6250,0,[],0,[]
6251,0,[],0,[]
6252,0,[],0,[]
6253,0,[],0,[]
6254,0,[],0,[]
6255,0,[],0,[]
6256,0,[],0,[]
6257,0,[],0,[]
6258,0,[],0,[]
6259,0,[],0,[]
6260,0,[],0,[]
6261,0,[],0,[]
6262,0,[],0,[]
6263,0,[],0,[]
6264,0,[],0,[]
6265,0,[],0,[]
6266,0,[],0,[]
6267,0,[],0,[]
6268,0,[],0,[]
6269,0,[],0,[]
6270,0,[],0,[]
6271,0,[],0,[]
6272,0,[],0,[]
6273,0,[],0,[]
6274,0,[],0,[]
6275,0,[],0,[]
6276,0,[],0,[]
6277,0,[],0,[]
6278,0,[],0,[]
6279,0,[],0,[]
6280,0,[],0,[]
6281,0,[],0,[]
6282,0,[],0,[]
6283,0,[],0,[]
6284,0,[],0,[]
6285,0,[],0,[]
6286,0,[],0,[]
6287,0,[],0,[]
6288,0,[],0,[]
6289,0,[],0,[]
6290,0,[],0,[]
6291,0,[],0,[]
6292,0,[],0,[]
6293,0,[],0,[]
6294,0,[],0,[]
6295,0,[],0,[]
6296,0,[],0,[]
6297,0,[],0,[]
6298,0,[],0,[]
6299,0,[],0,[]
6300,0,[],0,[]
6301,0,[],0,[]
6302,0,[],0,[]
6303,0,[],0,[]
6304,0,[],0,[]
6305,0,[],0,[]
6306,0,[],0,[]
6307,0,[],0,[]
6308,0,[],0,[]
6309,0,[],0,[]
6310,0,[],0,[]
6311,0,[],0,[]
6312,0,[],0,[]
6313,0,[],0,[]
6314,0,[],0,[]
6315,0,[],0,[]
6316,0,[],0,[]
6317,0,[],0,[]
6318,0,[],0,[]
6319,0,[],0,[]
6320,0,[],0,[]
6321,0,[],0,[]
6322,0,[],0,[]
6323,0,[],0,[]
6324,0,[],0,[]
6325,0,[],0,[]
6326,0,[],0,[]
6327,0,[],0,[]
6328,0,[],0,[]
6329,0,[],0,[]
6330,0,[],0,[]
6331,0,[],0,[]
6332,0,[],0,[]
6333,0,[],0,[]
6334,0,[],0,[]
6335,0,[],0,[]
6336,0,[],0,[]
6337,0,[],0,[]
6338,0,[],0,[]
6339,0,[],0,[]
6340,0,[],0,[]
6341,0,[],0,[]
6342,0,[],0,[]
6343,0,[],0,[]
6344,0,[],0,[]
6345,0,[],0,[]
6346,0,[],0,[]
6347,0,[],0,[]
6348,0,[],0,[]
6349,0,[],0,[]
6350,0,[],0,[]
6351,0,[],0,[]
6352,0,[],0,[]
6353,0,[],0,[]
6354,0,[],0,[]
6355,0,[],0,[]
6356,0,[],0,[]
6357,0,[],0,[]
6358,0,[],0,[]
6359,0,[],0,[]
6360,0,[],0,[]
6361,0,[],0,[]
6362,0,[],0,[]
6363,0,[],0,[]
6364,0,[],0,[]
6365,0,[],0,[]
6366,0,[],0,[]
6367,0,[],0,[]
6368,0,[],0,[]
6369,0,[],0,[]
6370,0,[],0,[]
6371,0,[],0,[]
6372,0,[],0,[]
6373,0,[],0,[]
6374,0,[],0,[]
6375,0,[],0,[]
6376,0,[],0,[]
6377,0,[],0,[]
6378,0,[],0,[]
6379,0,[],0,[]
6380,0,[],0,[]
6381,0,[],0,[]
6382,0,[],0,[]
6383,0,[],0,[]
6384,0,[],0,[]
6385,0,[],0,[]
6386,0,[],0,[]
6387,0,[],0,[]
6388,0,[],0,[]
6389,0,[],0,[]
6390,0,[],0,[]
6391,0,[],0,[]
6392,0,[],0,[]
6393,0,[],0,[]
6394,0,[],0,[]
6395,0,[],0,[]
6396,0,[],0,[]
6397,0,[],0,[]
6398,0,[],0,[]
6399,0,[],0,[]
6400,0,[],0,[]
6401,0,[],0,[]
6402,0,[],0,[]
6403,0,[],0,[]
6404,0,[],0,[]
6405,0,[],0,[]
6406,0,[],0,[]
6407,0,[],0,[]
6408,0,[],0,[]
6409,0,[],0,[]
6410,0,[],0,[]
6411,0,[],0,[]
6412,0,[],0,[]
6413,0,[],0,[]
6414,0,[],0,[]
6415,0,[],0,[]
6416,0,[],0,[]
6417,0,[],0,[]
6418,0,[],0,[]
6419,0,[],0,[]
6420,0,[],0,[]
6421,0,[],0,[]
6422,0,[],0,[]
6423,0,[],0,[]
6424,0,[],0,[]
6425,0,[],0,[]
6426,0,[],0,[]
6427,0,[],0,[]
6428,0,[],0,[]
6429,0,[],0,[]
6430,0,[],0,[]
6431,0,[],0,[]
6432,0,[],0,[]
6433,0,[],0,[]
6434,0,[],0,[]
6435,0,[],0,[]
6436,0,[],0,[]
6437,0,[],0,[]
6438,0,[],0,[]
6439,0,[],0,[]
6440,0,[],0,[]
6441,0,[],0,[]
6442,0,[],0,[]
6443,0,[],0,[]
6444,0,[],0,[]
6445,0,[],0,[]
6446,0,[],0,[]
6447,0,[],0,[]
6448,0,[],0,[]
6449,0,[],0,[]
6450,0,[],0,[]
6451,0,[],0,[]
6452,0,[],0,[]
6453,0,[],0,[]
6454,0,[],0,[]
6455,0,[],0,[]
6456,0,[],0,[]
6457,0,[],0,[]
6458,0,[],0,[]
6459,0,[],0,[]
6460,0,[],0,[]
6461,0,[],0,[]
6462,0,[],0,[]
6463,0,[],0,[]
6464,0,[],0,[]
6465,0,[],0,[]
6466,0,[],0,[]
6467,0,[],0,[]
6468,0,[],0,[]
6469,0,[],0,[]
6470,0,[],0,[]
6471,0,[],0,[]
6472,0,[],0,[]
6473,0,[],0,[]
6474,0,[],0,[]
6475,0,[],0,[]
6476,0,[],0,[]
6477,0,[],0,[]
6478,0,[],0,[]
6479,0,[],0,[]
6480,0,[],0,[]
6481,0,[],0,[]
6482,0,[],0,[]
6483,0,[],0,[]
6484,0,[],0,[]
6485,0,[],0,[]
6486,0,[],0,[]
6487,0,[],0,[]
6488,0,[],0,[]
6489,0,[],0,[]
6490,0,[],0,[]
6491,0,[],0,[]
6492,0,[],0,[]
6493,0,[],0,[]
6494,0,[],0,[]
6495,0,[],0,[]
6496,0,[],0,[]
6497,0,[],0,[]
6498,0,[],0,[]
6499,0,[],0,[]
6500,0,[],0,[]
6501,0,[],0,[]
6502,0,[],0,[]
6503,0,[],0,[]
6504,0,[],0,[]
6505,0,[],0,[]
6506,0,[],0,[]
6507,0,[],0,[]
6508,0,[],0,[]
6509,0,[],0,[]
6510,0,[],0,[]
6511,0,[],0,[]
6512,0,[],0,[]
6513,0,[],0,[]
6514,0,[],0,[]
6515,0,[],0,[]
6516,0,[],0,[]
6517,0,[],0,[]
6518,0,[],0,[]
6519,0,[],0,[]
6520,0,[],0,[]
6521,0,[],0,[]
6522,0,[],0,[]
6523,0,[],0,[]
6524,0,[],0,[]
6525,0,[],0,[]
6526,0,[],0,[]
6527,0,[],0,[]
6528,0,[],0,[]
6529,0,[],0,[]
6530,0,[],0,[]
6531,0,[],0,[]
6532,0,[],0,[]
6533,0,[],0,[]
6534,0,[],0,[]
6535,0,[],0,[]
6536,0,[],0,[]
6537,0,[],0,[]
6538,0,[],0,[]
6539,0,[],0,[]
6540,0,[],0,[]
6541,0,[],0,[]
6542,0,[],0,[]
6543,0,[],0,[]
6544,0,[],0,[]
6545,0,[],0,[]
6546,0,[],0,[]
6547,0,[],0,[]
6548,0,[],0,[]
6549,0,[],0,[]
6550,0,[],0,[]
6551,0,[],0,[]
6552,0,[],0,[]
6553,0,[],0,[]
6554,0,[],0,[]
6555,0,[],0,[]
6556,0,[],0,[]
6557,0,[],0,[]
6558,0,[],0,[]
6559,0,[],0,[]
6560,0,[],0,[]
6561,0,[],0,[]
6562,0,[],0,[]
6563,0,[],0,[]
6564,0,[],0,[]
6565,0,[],0,[]
6566,0,[],0,[]
6567,0,[],0,[]
6568,0,[],0,[]
6569,0,[],0,[]
6570,0,[],0,[]
6571,0,[],0,[]
6572,0,[],0,[]
6573,0,[],0,[]
6574,0,[],0,[]
6575,0,[],0,[]
6576,0,[],0,[]
6577,0,[],0,[]
6578,0,[],0,[]
6579,0,[],0,[]
6580,0,[],0,[]
6581,0,[],0,[]
6582,0,[],0,[]
6583,0,[],0,[]
6584,0,[],0,[]
6585,0,[],0,[]
6586,0,[],0,[]
6587,0,[],0,[]
6588,0,[],0,[]
6589,0,[],0,[]
6590,0,[],0,[]
6591,0,[],0,[]
6592,0,[],0,[]
6593,0,[],0,[]
6594,0,[],0,[]
6595,0,[],0,[]
6596,0,[],0,[]
6597,0,[],0,[]
6598,0,[],0,[]
6599,0,[],0,[]
6600,0,[],0,[]
6601,0,[],0,[]
6602,0,[],0,[]
6603,0,[],0,[]
6604,0,[],0,[]
6605,0,[],0,[]
6606,0,[],0,[]
6607,0,[],0,[]
6608,0,[],0,[]
6609,0,[],0,[]
6610,0,[],0,[]
6611,0,[],0,[]
6612,0,[],0,[]
6613,0,[],0,[]
6614,0,[],0,[]
6615,0,[],0,[]
6616,0,[],0,[]
6617,0,[],0,[]
6618,0,[],0,[]
6619,0,[],0,[]
6620,0,[],0,[]
6621,0,[],0,[]
6622,0,[],0,[]
6623,0,[],0,[]
6624,0,[],0,[]
6625,0,[],0,[]
6626,0,[],0,[]
6627,0,[],0,[]
6628,0,[],0,[]
6629,0,[],0,[]
6630,0,[],0,[]
6631,0,[],0,[]
6632,0,[],0,[]
6633,0,[],0,[]
6634,0,[],0,[]
6635,0,[],0,[]
6636,0,[],0,[]
6637,0,[],0,[]
6638,0,[],0,[]
6639,0,[],0,[]
6640,0,[],0,[]
6641,0,[],0,[]
6642,0,[],0,[]
6643,0,[],0,[]
6644,0,[],0,[]
6645,0,[],0,[]
6646,0,[],0,[]
6647,0,[],0,[]
6648,0,[],0,[]
6649,0,[],0,[]
6650,0,[],0,[]
6651,0,[],0,[]
6652,0,[],0,[]
6653,0,[],0,[]
6654,0,[],0,[]
6655,0,[],0,[]
6656,0,[],0,[]
6657,0,[],0,[]
6658,0,[],0,[]
6659,0,[],0,[]
6660,0,[],0,[]
6661,0,[],0,[]
6662,0,[],0,[]
6663,0,[],0,[]
6664,0,[],0,[]
6665,0,[],0,[]
6666,0,[],0,[]
6667,0,[],0,[]
6668,0,[],0,[]
6669,0,[],0,[]
6670,0,[],0,[]
6671,0,[],0,[]
6672,0,[],0,[]
6673,0,[],0,[]
6674,0,[],0,[]
6675,0,[],0,[]
6676,0,[],0,[]
6677,0,[],0,[]
6678,0,[],0,[]
6679,0,[],0,[]
6680,0,[],0,[]
6681,0,[],0,[]
6682,0,[],0,[]
6683,0,[],0,[]
6684,0,[],0,[]
6685,0,[],0,[]
6686,0,[],0,[]
6687,0,[],0,[]
6688,0,[],0,[]
6689,0,[],0,[]
6690,0,[],0,[]
6691,0,[],0,[]
6692,0,[],0,[]
6693,0,[],0,[]
6694,0,[],0,[]
6695,0,[],0,[]
6696,0,[],0,[]
6697,0,[],0,[]
6698,0,[],0,[]
6699,0,[],0,[]
6700,0,[],0,[]
6701,0,[],0,[]
6702,0,[],0,[]
6703,0,[],0,[]
6704,0,[],0,[]
6705,0,[],0,[]
6706,0,[],0,[]
6707,0,[],0,[]
6708,0,[],0,[]
6709,0,[],0,[]
6710,0,[],0,[]
6711,0,[],0,[]
6712,0,[],0,[]
6713,0,[],0,[]
6714,0,[],0,[]
6715,0,[],0,[]
6716,0,[],0,[]
6717,0,[],0,[]
6718,0,[],0,[]
6719,0,[],0,[]
6720,0,[],0,[]
6721,0,[],0,[]
6722,0,[],0,[]
6723,0,[],0,[]
6724,0,[],0,[]
6725,0,[],0,[]
6726,0,[],0,[]
6727,0,[],0,[]
6728,0,[],0,[]
6729,0,[],0,[]
6730,0,[],0,[]
6731,0,[],0,[]
6732,0,[],0,[]
6733,0,[],0,[]
6734,0,[],0,[]
6735,0,[],0,[]
6736,0,[],0,[]
6737,0,[],0,[]
6738,0,[],0,[]
6739,0,[],0,[]
6740,0,[],0,[]
6741,0,[],0,[]
6742,0,[],0,[]
6743,0,[],0,[]
6744,0,[],0,[]
6745,0,[],0,[]
6746,0,[],0,[]
6747,0,[],0,[]
6748,0,[],0,[]
6749,0,[],0,[]
6750,0,[],0,[]
6751,0,[],0,[]
6752,0,[],0,[]
6753,0,[],0,[]
6754,0,[],0,[]
6755,0,[],0,[]
6756,0,[],0,[]
6757,0,[],0,[]
6758,0,[],0,[]
6759,0,[],0,[]
6760,0,[],0,[]
6761,0,[],0,[]
6762,0,[],0,[]
6763,0,[],0,[]
6764,0,[],0,[]
6765,0,[],0,[]
6766,0,[],0,[]
6767,0,[],0,[]
6768,0,[],0,[]
6769,0,[],0,[]
6770,0,[],0,[]
6771,0,[],0,[]
6772,0,[],0,[]
6773,0,[],0,[]
6774,0,[],0,[]
6775,0,[],0,[]
6776,0,[],0,[]
6777,0,[],0,[]
6778,0,[],0,[]
6779,0,[],0,[]
6780,0,[],0,[]
6781,0,[],0,[]
6782,0,[],0,[]
6783,0,[],0,[]
6784,0,[],0,[]
6785,0,[],0,[]
6786,0,[],0,[]
6787,0,[],0,[]
6788,0,[],0,[]
6789,0,[],0,[]
6790,0,[],0,[]
6791,0,[],0,[]
6792,0,[],0,[]
6793,0,[],0,[]
6794,0,[],0,[]
6795,0,[],0,[]
6796,0,[],0,[]
6797,0,[],0,[]
6798,0,[],0,[]
6799,0,[],0,[]
6800,0,[],0,[]
6801,0,[],0,[]
6802,0,[],0,[]
6803,0,[],0,[]
6804,0,[],0,[]
6805,0,[],0,[]
6806,0,[],0,[]
6807,0,[],0,[]
6808,0,[],0,[]
6809,0,[],0,[]
6810,0,[],0,[]
6811,0,[],0,[]
6812,0,[],0,[]
6813,0,[],0,[]
6814,0,[],0,[]
6815,0,[],0,[]
6816,0,[],0,[]
6817,0,[],0,[]
6818,0,[],0,[]
6819,0,[],0,[]
6820,0,[],0,[]
6821,0,[],0,[]
6822,0,[],0,[]
6823,0,[],0,[]
6824,0,[],0,[]
6825,0,[],0,[]
6826,0,[],0,[]
6827,0,[],0,[]
6828,0,[],0,[]
6829,0,[],0,[]
6830,0,[],0,[]
6831,0,[],0,[]
6832,0,[],0,[]
6833,0,[],0,[]
6834,0,[],0,[]
6835,0,[],0,[]
6836,0,[],0,[]
6837,0,[],0,[]
6838,0,[],0,[]
6839,0,[],0,[]
6840,0,[],0,[]
6841,0,[],0,[]
6842,0,[],0,[]
6843,0,[],0,[]
6844,0,[],0,[]
6845,0,[],0,[]
6846,0,[],0,[]
6847,0,[],0,[]
6848,0,[],0,[]
6849,0,[],0,[]
6850,0,[],0,[]
6851,0,[],0,[]
6852,0,[],0,[]
6853,0,[],0,[]
6854,0,[],0,[]
6855,0,[],0,[]
6856,0,[],0,[]
6857,0,[],0,[]
6858,0,[],0,[]
6859,0,[],0,[]
6860,0,[],0,[]
6861,0,[],0,[]
6862,0,[],0,[]
6863,0,[],0,[]
6864,0,[],0,[]
6865,0,[],0,[]
6866,0,[],0,[]
6867,0,[],0,[]
6868,0,[],0,[]
6869,0,[],0,[]
6870,0,[],0,[]
6871,0,[],0,[]
6872,0,[],0,[]
6873,0,[],0,[]
6874,0,[],0,[]
6875,0,[],0,[]
6876,0,[],0,[]
6877,0,[],0,[]
6878,0,[],0,[]
6879,0,[],0,[]
6880,0,[],0,[]
6881,0,[],0,[]
6882,0,[],0,[]
6883,0,[],0,[]
6884,0,[],0,[]
6885,0,[],0,[]
6886,0,[],0,[]
6887,0,[],0,[]
6888,0,[],0,[]
6889,0,[],0,[]
6890,0,[],0,[]
6891,0,[],0,[]
6892,0,[],0,[]
6893,0,[],0,[]
6894,0,[],0,[]
6895,0,[],0,[]
6896,0,[],0,[]
6897,0,[],0,[]
6898,0,[],0,[]
6899,0,[],0,[]
6900,0,[],0,[]
6901,0,[],0,[]
6902,0,[],0,[]
6903,0,[],0,[]
6904,0,[],0,[]
6905,0,[],0,[]
6906,0,[],0,[]
6907,0,[],0,[]
6908,0,[],0,[]
6909,0,[],0,[]
6910,0,[],0,[]
6911,0,[],0,[]
6912,0,[],0,[]
6913,0,[],0,[]
6914,0,[],0,[]
6915,0,[],0,[]
6916,0,[],0,[]
6917,0,[],0,[]
6918,0,[],0,[]
6919,0,[],0,[]
6920,0,[],0,[]
6921,0,[],0,[]
6922,0,[],0,[]
6923,0,[],0,[]
6924,0,[],0,[]
6925,0,[],0,[]
6926,0,[],0,[]
6927,0,[],0,[]
6928,0,[],0,[]
6929,0,[],0,[]
6930,0,[],0,[]
6931,0,[],0,[]
6932,0,[],0,[]
6933,0,[],0,[]
6934,0,[],0,[]
6935,0,[],0,[]
6936,0,[],0,[]
6937,0,[],0,[]
6938,0,[],0,[]
6939,0,[],0,[]
6940,0,[],0,[]
6941,0,[],0,[]
6942,0,[],0,[]
6943,0,[],0,[]
6944,0,[],0,[]
6945,0,[],0,[]
6946,0,[],0,[]
6947,0,[],0,[]
6948,0,[],0,[]
6949,0,[],0,[]
6950,0,[],0,[]
6951,0,[],0,[]
6952,0,[],0,[]
6953,0,[],0,[]
6954,0,[],0,[]
6955,0,[],0,[]
6956,0,[],0,[]
6957,0,[],0,[]
6958,0,[],0,[]
6959,0,[],0,[]
6960,0,[],0,[]
6961,0,[],0,[]
6962,0,[],0,[]
6963,0,[],0,[]
6964,0,[],0,[]
6965,0,[],0,[]
6966,0,[],0,[]
6967,0,[],0,[]
6968,0,[],0,[]
6969,0,[],0,[]
6970,0,[],0,[]
6971,0,[],0,[]
6972,0,[],0,[]
6973,0,[],0,[]
6974,0,[],0,[]
6975,0,[],0,[]
6976,0,[],0,[]
6977,0,[],0,[]
6978,0,[],0,[]
6979,0,[],0,[]
6980,0,[],0,[]
6981,0,[],0,[]
6982,0,[],0,[]
6983,0,[],0,[]
6984,0,[],0,[]
6985,0,[],0,[]
6986,0,[],0,[]
6987,0,[],0,[]
6988,0,[],0,[]
6989,0,[],0,[]
6990,0,[],0,[]
6991,0,[],0,[]
6992,0,[],0,[]
6993,0,[],0,[]
6994,0,[],0,[]
6995,0,[],0,[]
6996,0,[],0,[]
6997,0,[],0,[]
6998,0,[],0,[]
6999,0,[],0,[]
7000,0,[],0,[]
7001,0,[],0,[]
7002,0,[],0,[]
7003,0,[],0,[]
7004,0,[],0,[]
7005,0,[],0,[]
7006,0,[],0,[]
7007,0,[],0,[]
7008,0,[],0,[]
7009,0,[],0,[]
7010,0,[],0,[]
7011,0,[],0,[]
7012,0,[],0,[]
7013,0,[],0,[]
7014,0,[],0,[]
7015,0,[],0,[]
7016,0,[],0,[]
7017,0,[],0,[]
7018,0,[],0,[]
7019,0,[],0,[]
7020,0,[],0,[]
7021,0,[],0,[]
7022,0,[],0,[]
7023,0,[],0,[]
7024,0,[],0,[]
7025,0,[],0,[]
7026,0,[],0,[]
7027,0,[],0,[]
7028,0,[],0,[]
7029,0,[],0,[]
7030,0,[],0,[]
7031,0,[],0,[]
7032,0,[],0,[]
7033,0,[],0,[]
7034,0,[],0,[]
7035,0,[],0,[]
7036,0,[],0,[]
7037,0,[],0,[]
7038,0,[],0,[]
7039,0,[],0,[]
7040,0,[],0,[]
7041,0,[],0,[]
7042,0,[],0,[]
7043,0,[],0,[]
7044,0,[],0,[]
7045,0,[],0,[]
7046,0,[],0,[]
7047,0,[],0,[]
7048,0,[],0,[]
7049,0,[],0,[]
7050,0,[],0,[]
7051,0,[],0,[]
7052,0,[],0,[]
7053,0,[],0,[]
7054,0,[],0,[]
7055,0,[],0,[]
7056,0,[],0,[]
7057,0,[],0,[]
7058,0,[],0,[]
7059,0,[],0,[]
7060,0,[],0,[]
7061,0,[],0,[]
7062,0,[],0,[]
7063,0,[],0,[]
7064,0,[],0,[]
7065,0,[],0,[]
7066,0,[],0,[]
7067,0,[],0,[]
7068,0,[],0,[]
7069,0,[],0,[]
7070,0,[],0,[]
7071,0,[],0,[]
7072,0,[],0,[]
7073,0,[],0,[]
7074,0,[],0,[]
7075,0,[],0,[]
7076,0,[],0,[]
7077,0,[],0,[]
7078,0,[],0,[]
7079,0,[],0,[]
7080,0,[],0,[]
7081,0,[],0,[]
7082,0,[],0,[]
7083,0,[],0,[]
7084,0,[],0,[]
7085,0,[],0,[]
7086,0,[],0,[]
7087,0,[],0,[]
7088,0,[],0,[]
7089,0,[],0,[]
7090,0,[],0,[]
7091,0,[],0,[]
7092,0,[],0,[]
7093,0,[],0,[]
7094,0,[],0,[]
7095,0,[],0,[]
7096,0,[],0,[]
7097,0,[],0,[]
7098,0,[],0,[]
7099,0,[],0,[]
7100,0,[],0,[]
7101,0,[],0,[]
7102,0,[],0,[]
7103,0,[],0,[]
7104,0,[],0,[]
7105,0,[],0,[]
7106,0,[],0,[]
7107,0,[],0,[]
7108,0,[],0,[]
7109,0,[],0,[]
7110,0,[],0,[]
7111,0,[],0,[]
7112,0,[],0,[]
7113,0,[],0,[]
7114,0,[],0,[]
7115,0,[],0,[]
7116,0,[],0,[]
7117,0,[],0,[]
7118,0,[],0,[]
7119,0,[],0,[]
7120,0,[],0,[]
7121,0,[],0,[]
7122,0,[],0,[]
7123,0,[],0,[]
7124,0,[],0,[]
7125,0,[],0,[]
7126,0,[],0,[]
7127,0,[],0,[]
7128,0,[],0,[]
7129,0,[],0,[]
7130,0,[],0,[]
7131,0,[],0,[]
7132,0,[],0,[]
7133,0,[],0,[]
7134,0,[],0,[]
7135,0,[],0,[]
7136,0,[],0,[]
7137,0,[],0,[]
7138,0,[],0,[]
7139,0,[],0,[]
7140,0,[],0,[]
7141,0,[],0,[]
7142,0,[],0,[]
7143,0,[],0,[]
7144,0,[],0,[]
7145,0,[],0,[]
7146,0,[],0,[]
7147,0,[],0,[]
7148,0,[],0,[]
7149,0,[],0,[]
7150,0,[],0,[]
7151,0,[],0,[]
7152,0,[],0,[]
7153,0,[],0,[]
7154,0,[],0,[]
7155,0,[],0,[]
7156,0,[],0,[]
7157,0,[],0,[]
7158,0,[],0,[]
7159,0,[],0,[]
7160,0,[],0,[]
7161,0,[],0,[]
7162,0,[],0,[]
7163,0,[],0,[]
7164,0,[],0,[]
7165,0,[],0,[]
7166,0,[],0,[]
7167,0,[],0,[]
7168,0,[],0,[]
7169,0,[],0,[]
7170,0,[],0,[]
7171,0,[],0,[]
7172,0,[],0,[]
7173,0,[],0,[]
7174,0,[],0,[]
7175,0,[],0,[]
7176,0,[],0,[]
7177,0,[],0,[]
7178,0,[],0,[]
7179,0,[],0,[]
7180,0,[],0,[]
7181,0,[],0,[]
7182,0,[],0,[]
7183,0,[],0,[]
7184,0,[],0,[]
7185,0,[],0,[]
7186,0,[],0,[]
7187,0,[],0,[]
7188,0,[],0,[]
7189,0,[],0,[]
7190,0,[],0,[]
7191,0,[],0,[]
7192,0,[],0,[]
7193,0,[],0,[]
7194,0,[],0,[]
7195,0,[],0,[]
7196,0,[],0,[]
7197,0,[],0,[]
7198,0,[],0,[]
7199,0,[],0,[]
7200,0,[],0,[]
7201,0,[],0,[]
7202,0,[],0,[]
7203,0,[],0,[]
7204,0,[],0,[]
7205,0,[],0,[]
7206,0,[],0,[]
7207,0,[],0,[]
7208,0,[],0,[]
7209,0,[],0,[]
7210,0,[],0,[]
7211,0,[],0,[]
7212,0,[],0,[]
7213,0,[],0,[]
7214,0,[],0,[]
7215,0,[],0,[]
7216,0,[],0,[]
7217,0,[],0,[]
7218,0,[],0,[]
7219,0,[],0,[]
7220,0,[],0,[]
7221,0,[],0,[]
7222,0,[],0,[]
7223,0,[],0,[]
7224,0,[],0,[]
7225,0,[],0,[]
7226,0,[],0,[]
7227,0,[],0,[]
7228,0,[],0,[]
7229,0,[],0,[]
7230,0,[],0,[]
7231,0,[],0,[]
7232,0,[],0,[]
7233,0,[],0,[]
7234,0,[],0,[]
7235,0,[],0,[]
7236,0,[],0,[]
7237,0,[],0,[]
7238,0,[],0,[]
7239,0,[],0,[]
7240,0,[],0,[]
7241,0,[],0,[]
7242,0,[],0,[]
7243,0,[],0,[]
7244,0,[],0,[]
7245,0,[],0,[]
7246,0,[],0,[]
7247,0,[],0,[]
7248,0,[],0,[]
7249,0,[],0,[]
7250,0,[],0,[]
7251,0,[],0,[]
7252,0,[],0,[]
7253,0,[],0,[]
7254,0,[],0,[]
7255,0,[],0,[]
7256,0,[],0,[]
7257,0,[],0,[]
7258,0,[],0,[]
7259,0,[],0,[]
7260,0,[],0,[]
7261,0,[],0,[]
7262,0,[],0,[]
7263,0,[],0,[]
7264,0,[],0,[]
7265,0,[],0,[]
7266,0,[],0,[]
7267,0,[],0,[]
7268,0,[],0,[]
7269,0,[],0,[]
7270,0,[],0,[]
7271,0,[],0,[]
7272,0,[],0,[]
7273,0,[],0,[]
7274,0,[],0,[]
7275,0,[],0,[]
7276,0,[],0,[]
7277,0,[],0,[]
7278,0,[],0,[]
7279,0,[],0,[]
7280,0,[],0,[]
7281,0,[],0,[]
7282,0,[],0,[]
7283,0,[],0,[]
7284,0,[],0,[]
7285,0,[],0,[]
7286,0,[],0,[]
7287,0,[],0,[]
7288,0,[],0,[]
7289,0,[],0,[]
7290,0,[],0,[]
7291,0,[],0,[]
7292,0,[],0,[]
7293,0,[],0,[]
7294,0,[],0,[]
7295,0,[],0,[]
7296,0,[],0,[]
7297,0,[],0,[]
7298,0,[],0,[]
7299,0,[],0,[]
7300,0,[],0,[]
7301,0,[],0,[]
7302,0,[],0,[]
7303,0,[],0,[]
7304,0,[],0,[]
7305,0,[],0,[]
7306,0,[],0,[]
7307,0,[],0,[]
7308,0,[],0,[]
7309,0,[],0,[]
7310,0,[],0,[]
7311,0,[],0,[]
7312,0,[],0,[]
7313,0,[],0,[]
7314,0,[],0,[]
7315,0,[],0,[]
7316,0,[],0,[]
7317,0,[],0,[]
7318,0,[],0,[]
7319,0,[],0,[]
7320,0,[],0,[]
7321,0,[],0,[]
7322,0,[],0,[]
7323,0,[],0,[]
7324,0,[],0,[]
7325,0,[],0,[]
7326,0,[],0,[]
7327,0,[],0,[]
7328,0,[],0,[]
7329,0,[],0,[]
7330,0,[],0,[]
7331,0,[],0,[]
7332,0,[],0,[]
7333,0,[],0,[]
7334,0,[],0,[]
7335,0,[],0,[]
7336,0,[],0,[]
7337,0,[],0,[]
7338,0,[],0,[]
7339,0,[],0,[]
7340,0,[],0,[]
7341,0,[],0,[]
7342,0,[],0,[]
7343,0,[],0,[]
7344,0,[],0,[]
7345,0,[],0,[]
7346,0,[],0,[]
7347,0,[],0,[]
7348,0,[],0,[]
7349,0,[],0,[]
7350,0,[],0,[]
7351,0,[],0,[]
7352,0,[],0,[]
7353,0,[],0,[]
7354,0,[],0,[]
7355,0,[],0,[]
7356,0,[],0,[]
7357,0,[],0,[]
7358,0,[],0,[]
7359,0,[],0,[]
7360,0,[],0,[]
7361,0,[],0,[]
7362,0,[],0,[]
7363,0,[],0,[]
7364,0,[],0,[]
7365,0,[],0,[]
7366,0,[],0,[]
7367,0,[],0,[]
7368,0,[],0,[]
7369,0,[],0,[]
7370,0,[],0,[]
7371,0,[],0,[]
7372,0,[],0,[]
7373,0,[],0,[]
7374,0,[],0,[]
7375,0,[],0,[]
7376,0,[],0,[]
7377,0,[],0,[]
7378,0,[],0,[]
7379,0,[],0,[]
7380,0,[],0,[]
7381,0,[],0,[]
7382,0,[],0,[]
7383,0,[],0,[]
7384,0,[],0,[]
7385,0,[],0,[]
7386,0,[],0,[]
7387,0,[],0,[]
7388,0,[],0,[]
7389,0,[],0,[]
7390,0,[],0,[]
7391,0,[],0,[]
7392,0,[],0,[]
7393,0,[],0,[]
7394,0,[],0,[]
7395,0,[],0,[]
7396,0,[],0,[]
7397,0,[],0,[]
7398,0,[],0,[]
7399,0,[],0,[]
7400,0,[],0,[]
7401,0,[],0,[]
7402,0,[],0,[]
7403,0,[],0,[]
7404,0,[],0,[]
7405,0,[],0,[]
7406,0,[],0,[]
7407,0,[],0,[]
7408,0,[],0,[]
7409,0,[],0,[]
7410,0,[],0,[]
7411,0,[],0,[]
7412,0,[],0,[]
7413,0,[],0,[]
7414,0,[],0,[]
7415,0,[],0,[]
7416,0,[],0,[]
7417,0,[],0,[]
7418,0,[],0,[]
7419,0,[],0,[]
7420,0,[],0,[]
7421,0,[],0,[]
7422,0,[],0,[]
7423,0,[],0,[]
7424,0,[],0,[]
7425,0,[],0,[]
7426,0,[],0,[]
7427,0,[],0,[]
7428,0,[],0,[]
7429,0,[],0,[]
7430,0,[],0,[]
7431,0,[],0,[]
7432,0,[],0,[]
7433,0,[],0,[]
7434,0,[],0,[]
7435,0,[],0,[]
7436,0,[],0,[]
7437,0,[],0,[]
7438,0,[],0,[]
7439,0,[],0,[]
7440,0,[],0,[]
7441,0,[],0,[]
7442,0,[],0,[]
7443,0,[],0,[]
7444,0,[],0,[]
7445,0,[],0,[]
7446,0,[],0,[]
7447,0,[],0,[]
7448,0,[],0,[]
7449,0,[],0,[]
7450,0,[],0,[]
7451,0,[],0,[]
7452,0,[],0,[]
7453,0,[],0,[]
7454,0,[],0,[]
7455,0,[],0,[]
7456,0,[],0,[]
7457,0,[],0,[]
7458,0,[],0,[]
7459,0,[],0,[]
7460,0,[],0,[]
7461,0,[],0,[]
7462,0,[],0,[]
7463,0,[],0,[]
7464,0,[],0,[]
7465,0,[],0,[]
7466,0,[],0,[]
7467,0,[],0,[]
7468,0,[],0,[]
7469,0,[],0,[]
7470,0,[],0,[]
7471,0,[],0,[]
7472,0,[],0,[]
7473,0,[],0,[]
7474,0,[],0,[]
7475,0,[],0,[]
7476,0,[],0,[]
7477,0,[],0,[]
7478,0,[],0,[]
7479,0,[],0,[]
7480,0,[],0,[]
7481,0,[],0,[]
7482,0,[],0,[]
7483,0,[],0,[]
7484,0,[],0,[]
7485,0,[],0,[]
7486,0,[],0,[]
7487,0,[],0,[]
7488,0,[],0,[]
7489,0,[],0,[]
7490,0,[],0,[]
7491,0,[],0,[]
7492,0,[],0,[]
7493,0,[],0,[]
7494,0,[],0,[]
7495,0,[],0,[]
7496,0,[],0,[]
7497,0,[],0,[]
7498,0,[],0,[]
7499,0,[],0,[]
7500,0,[],0,[]
7501,0,[],0,[]
7502,0,[],0,[]
7503,0,[],0,[]
7504,0,[],0,[]
7505,0,[],0,[]
7506,0,[],0,[]
7507,0,[],0,[]
7508,0,[],0,[]
7509,0,[],0,[]
7510,0,[],0,[]
7511,0,[],0,[]
7512,0,[],0,[]
7513,0,[],0,[]
7514,0,[],0,[]
7515,0,[],0,[]
7516,0,[],0,[]
7517,0,[],0,[]
7518,0,[],0,[]
7519,0,[],0,[]
7520,0,[],0,[]
7521,0,[],0,[]
7522,0,[],0,[]
7523,0,[],0,[]
7524,0,[],0,[]
7525,0,[],0,[]
7526,0,[],0,[]
7527,0,[],0,[]
7528,0,[],0,[]
7529,0,[],0,[]
7530,0,[],0,[]
7531,0,[],0,[]
7532,0,[],0,[]
7533,0,[],0,[]
7534,0,[],0,[]
7535,0,[],0,[]
7536,0,[],0,[]
7537,0,[],0,[]
7538,0,[],0,[]
7539,0,[],0,[]
7540,0,[],0,[]
7541,0,[],0,[]
7542,0,[],0,[]
7543,0,[],0,[]
7544,0,[],0,[]
7545,0,[],0,[]
7546,0,[],0,[]
7547,0,[],0,[]
7548,0,[],0,[]
7549,0,[],0,[]
7550,0,[],0,[]
7551,0,[],0,[]
7552,0,[],0,[]
7553,0,[],0,[]
7554,0,[],0,[]
7555,0,[],0,[]
7556,0,[],0,[]
7557,0,[],0,[]
7558,0,[],0,[]
7559,0,[],0,[]
7560,0,[],0,[]
7561,0,[],0,[]
7562,0,[],0,[]
7563,0,[],0,[]
7564,0,[],0,[]
7565,0,[],0,[]
7566,0,[],0,[]
7567,0,[],0,[]
7568,0,[],0,[]
7569,0,[],0,[]
7570,0,[],0,[]
7571,0,[],0,[]
7572,0,[],0,[]
7573,0,[],0,[]
7574,0,[],0,[]
7575,0,[],0,[]
7576,0,[],0,[]
7577,0,[],0,[]
7578,0,[],0,[]
7579,0,[],0,[]
7580,0,[],0,[]
7581,0,[],0,[]
7582,0,[],0,[]
7583,0,[],0,[]
7584,0,[],0,[]
7585,0,[],0,[]
7586,0,[],0,[]
7587,0,[],0,[]
7588,0,[],0,[]
7589,0,[],0,[]
7590,0,[],0,[]
7591,0,[],0,[]
7592,0,[],0,[]
7593,0,[],0,[]
7594,0,[],0,[]
7595,0,[],0,[]
7596,0,[],0,[]
7597,0,[],0,[]
7598,0,[],0,[]
7599,0,[],0,[]
7600,0,[],0,[]
7601,0,[],0,[]
7602,0,[],0,[]
7603,0,[],0,[]
7604,0,[],0,[]
7605,0,[],0,[]
7606,0,[],0,[]
7607,0,[],0,[]
7608,0,[],0,[]
7609,0,[],0,[]
7610,0,[],0,[]
7611,0,[],0,[]
7612,0,[],0,[]
7613,0,[],0,[]
7614,0,[],0,[]
7615,0,[],0,[]
7616,0,[],0,[]
7617,0,[],0,[]
7618,0,[],0,[]
7619,0,[],0,[]
7620,0,[],0,[]
7621,0,[],0,[]
7622,0,[],0,[]
7623,0,[],0,[]
7624,0,[],0,[]
7625,0,[],0,[]
7626,0,[],0,[]
7627,0,[],0,[]
7628,0,[],0,[]
7629,0,[],0,[]
7630,0,[],0,[]
7631,0,[],0,[]
7632,0,[],0,[]
7633,0,[],0,[]
7634,0,[],0,[]
7635,0,[],0,[]
7636,0,[],0,[]
7637,0,[],0,[]
7638,0,[],0,[]
7639,0,[],0,[]
7640,0,[],0,[]
7641,0,[],0,[]
7642,0,[],0,[]
7643,0,[],0,[]
7644,0,[],0,[]
7645,0,[],0,[]
7646,0,[],0,[]
7647,0,[],0,[]
7648,0,[],0,[]
7649,0,[],0,[]
7650,0,[],0,[]
7651,0,[],0,[]
7652,0,[],0,[]
7653,0,[],0,[]
7654,0,[],0,[]
7655,0,[],0,[]
7656,0,[],0,[]
7657,0,[],0,[]
7658,0,[],0,[]
7659,0,[],0,[]
7660,0,[],0,[]
7661,0,[],0,[]
7662,0,[],0,[]
7663,0,[],0,[]
7664,0,[],0,[]
7665,0,[],0,[]
7666,0,[],0,[]
7667,0,[],0,[]
7668,0,[],0,[]
7669,0,[],0,[]
7670,0,[],0,[]
7671,0,[],0,[]
7672,0,[],0,[]
7673,0,[],0,[]
7674,0,[],0,[]
7675,0,[],0,[]
7676,0,[],0,[]
7677,0,[],0,[]
7678,0,[],0,[]
7679,0,[],0,[]
7680,0,[],0,[]
7681,0,[],0,[]
7682,0,[],0,[]
7683,0,[],0,[]
7684,0,[],0,[]
7685,0,[],0,[]
7686,0,[],0,[]
7687,0,[],0,[]
7688,0,[],0,[]
7689,0,[],0,[]
7690,0,[],0,[]
7691,0,[],0,[]
7692,0,[],0,[]
7693,0,[],0,[]
7694,0,[],0,[]
7695,0,[],0,[]
7696,0,[],0,[]
7697,0,[],0,[]
7698,0,[],0,[]
7699,0,[],0,[]
7700,0,[],0,[]
7701,0,[],0,[]
7702,0,[],0,[]
7703,0,[],0,[]
7704,0,[],0,[]
7705,0,[],0,[]
7706,0,[],0,[]
7707,0,[],0,[]
7708,0,[],0,[]
7709,0,[],0,[]
7710,0,[],0,[]
7711,0,[],0,[]
7712,0,[],0,[]
7713,0,[],0,[]
7714,0,[],0,[]
7715,0,[],0,[]
7716,0,[],0,[]
7717,0,[],0,[]
7718,0,[],0,[]
7719,0,[],0,[]
7720,0,[],0,[]
7721,0,[],0,[]
7722,0,[],0,[]
7723,0,[],0,[]
7724,0,[],0,[]
7725,0,[],0,[]
7726,0,[],0,[]
7727,0,[],0,[]
7728,0,[],0,[]
7729,0,[],0,[]
7730,0,[],0,[]
7731,0,[],0,[]
7732,0,[],0,[]
7733,0,[],0,[]
7734,0,[],0,[]
7735,0,[],0,[]
7736,0,[],0,[]
7737,0,[],0,[]
7738,0,[],0,[]
7739,0,[],0,[]
7740,0,[],0,[]
7741,0,[],0,[]
7742,0,[],0,[]
7743,0,[],0,[]
7744,0,[],0,[]
7745,0,[],0,[]
7746,0,[],0,[]
7747,0,[],0,[]
7748,0,[],0,[]
7749,0,[],0,[]
7750,0,[],0,[]
7751,0,[],0,[]
7752,0,[],0,[]
7753,0,[],0,[]
7754,0,[],0,[]
7755,0,[],0,[]
7756,0,[],0,[]
7757,0,[],0,[]
7758,0,[],0,[]
7759,0,[],0,[]
7760,0,[],0,[]
7761,0,[],0,[]
7762,0,[],0,[]
7763,0,[],0,[]
7764,0,[],0,[]
7765,0,[],0,[]
7766,0,[],0,[]
7767,0,[],0,[]
7768,0,[],0,[]
7769,0,[],0,[]
7770,0,[],0,[]
7771,0,[],0,[]
7772,0,[],0,[]
7773,0,[],0,[]
7774,0,[],0,[]
7775,0,[],0,[]
7776,0,[],0,[]
7777,0,[],0,[]
7778,0,[],0,[]
7779,0,[],0,[]
7780,0,[],0,[]
7781,0,[],0,[]
7782,0,[],0,[]
7783,0,[],0,[]
7784,0,[],0,[]
7785,0,[],0,[]
7786,0,[],0,[]
7787,0,[],0,[]
7788,0,[],0,[]
7789,0,[],0,[]
7790,0,[],0,[]
7791,0,[],0,[]
7792,0,[],0,[]
7793,0,[],0,[]
7794,0,[],0,[]
7795,0,[],0,[]
7796,0,[],0,[]
7797,0,[],0,[]
7798,0,[],0,[]
7799,0,[],0,[]
7800,0,[],0,[]
7801,0,[],0,[]
7802,0,[],0,[]
7803,0,[],0,[]
7804,0,[],0,[]
7805,0,[],0,[]
7806,0,[],0,[]
7807,0,[],0,[]
7808,0,[],0,[]
7809,0,[],0,[]
7810,0,[],0,[]
7811,0,[],0,[]
7812,0,[],0,[]
7813,0,[],0,[]
7814,0,[],0,[]
7815,0,[],0,[]
7816,0,[],0,[]
7817,0,[],0,[]
7818,0,[],0,[]
7819,0,[],0,[]
7820,0,[],0,[]
7821,0,[],0,[]
7822,0,[],0,[]
7823,0,[],0,[]
7824,0,[],0,[]
7825,0,[],0,[]
7826,0,[],0,[]
7827,0,[],0,[]
7828,0,[],0,[]
7829,0,[],0,[]
7830,0,[],0,[]
7831,0,[],0,[]
7832,0,[],0,[]
7833,0,[],0,[]
7834,0,[],0,[]
7835,0,[],0,[]
7836,0,[],0,[]
7837,0,[],0,[]
7838,0,[],0,[]
7839,0,[],0,[]
7840,0,[],0,[]
7841,0,[],0,[]
7842,0,[],0,[]
7843,0,[],0,[]
7844,0,[],0,[]
7845,0,[],0,[]
7846,0,[],0,[]
7847,0,[],0,[]
7848,0,[],0,[]
7849,0,[],0,[]
7850,0,[],0,[]
7851,0,[],0,[]
7852,0,[],0,[]
7853,0,[],0,[]
7854,0,[],0,[]
7855,0,[],0,[]
7856,0,[],0,[]
7857,0,[],0,[]
7858,0,[],0,[]
7859,0,[],0,[]
7860,0,[],0,[]
7861,0,[],0,[]
7862,0,[],0,[]
7863,0,[],0,[]
7864,0,[],0,[]
7865,0,[],0,[]
7866,0,[],0,[]
7867,0,[],0,[]
7868,0,[],0,[]
7869,0,[],0,[]
7870,0,[],0,[]
7871,0,[],0,[]
7872,0,[],0,[]
7873,0,[],0,[]
7874,0,[],0,[]
7875,0,[],0,[]
7876,0,[],0,[]
7877,0,[],0,[]
7878,0,[],0,[]
7879,0,[],0,[]
7880,0,[],0,[]
7881,0,[],0,[]
7882,0,[],0,[]
7883,0,[],0,[]
7884,0,[],0,[]
7885,0,[],0,[]
7886,0,[],0,[]
7887,0,[],0,[]
7888,0,[],0,[]
7889,0,[],0,[]
7890,0,[],0,[]
7891,0,[],0,[]
7892,0,[],0,[]
7893,0,[],0,[]
7894,0,[],0,[]
7895,0,[],0,[]
7896,0,[],0,[]
7897,0,[],0,[]
7898,0,[],0,[]
7899,0,[],0,[]
7900,0,[],0,[]
7901,0,[],0,[]
7902,0,[],0,[]
7903,0,[],0,[]
7904,0,[],0,[]
7905,0,[],0,[]
7906,0,[],0,[]
7907,0,[],0,[]
7908,0,[],0,[]
7909,0,[],0,[]
7910,0,[],0,[]
7911,0,[],0,[]
7912,0,[],0,[]
7913,0,[],0,[]
7914,0,[],0,[]
7915,0,[],0,[]
7916,0,[],0,[]
7917,0,[],0,[]
7918,0,[],0,[]
7919,0,[],0,[]
7920,0,[],0,[]
7921,0,[],0,[]
7922,0,[],0,[]
7923,0,[],0,[]
7924,0,[],0,[]
7925,0,[],0,[]
7926,0,[],0,[]
7927,0,[],0,[]
7928,0,[],0,[]
7929,0,[],0,[]
7930,0,[],0,[]
7931,0,[],0,[]
7932,0,[],0,[]
7933,0,[],0,[]
7934,0,[],0,[]
7935,0,[],0,[]
7936,0,[],0,[]
7937,0,[],0,[]
7938,0,[],0,[]
7939,0,[],0,[]
7940,0,[],0,[]
7941,0,[],0,[]
7942,0,[],0,[]
7943,0,[],0,[]
7944,0,[],0,[]
7945,0,[],0,[]
7946,0,[],0,[]
7947,0,[],0,[]
7948,0,[],0,[]
7949,0,[],0,[]
7950,0,[],0,[]
7951,0,[],0,[]
7952,0,[],0,[]
7953,0,[],0,[]
7954,0,[],0,[]
7955,0,[],0,[]
7956,0,[],0,[]
7957,0,[],0,[]
7958,0,[],0,[]
7959,0,[],0,[]
7960,0,[],0,[]
7961,0,[],0,[]
7962,0,[],0,[]
7963,0,[],0,[]
7964,0,[],0,[]
7965,0,[],0,[]
7966,0,[],0,[]
7967,0,[],0,[]
7968,0,[],0,[]
7969,0,[],0,[]
7970,0,[],0,[]
7971,0,[],0,[]
7972,0,[],0,[]
7973,0,[],0,[]
7974,0,[],0,[]
7975,0,[],0,[]
7976,0,[],0,[]
7977,0,[],0,[]
7978,0,[],0,[]
7979,0,[],0,[]
7980,0,[],0,[]
7981,0,[],0,[]
7982,0,[],0,[]
7983,0,[],0,[]
7984,0,[],0,[]
7985,0,[],0,[]
7986,0,[],0,[]
7987,0,[],0,[]
7988,0,[],0,[]
7989,0,[],0,[]
7990,0,[],0,[]
7991,0,[],0,[]
7992,0,[],0,[]
7993,0,[],0,[]
7994,0,[],0,[]
7995,0,[],0,[]
7996,0,[],0,[]
7997,0,[],0,[]
7998,0,[],0,[]
7999,0,[],0,[]
8000,0,[],0,[]
8001,0,[],0,[]
8002,0,[],0,[]
8003,0,[],0,[]
8004,0,[],0,[]
8005,0,[],0,[]
8006,0,[],0,[]
8007,0,[],0,[]
8008,0,[],0,[]
8009,0,[],0,[]
8010,0,[],0,[]
8011,0,[],0,[]
8012,0,[],0,[]
8013,0,[],0,[]
8014,0,[],0,[]
8015,0,[],0,[]
8016,0,[],0,[]
8017,0,[],0,[]
8018,0,[],0,[]
8019,0,[],0,[]
8020,0,[],0,[]
8021,0,[],0,[]
8022,0,[],0,[]
8023,0,[],0,[]
8024,0,[],0,[]
8025,0,[],0,[]
8026,0,[],0,[]
8027,0,[],0,[]
8028,0,[],0,[]
8029,0,[],0,[]
8030,0,[],0,[]
8031,0,[],0,[]
8032,0,[],0,[]
8033,0,[],0,[]
8034,0,[],0,[]
8035,0,[],0,[]
8036,0,[],0,[]
8037,0,[],0,[]
8038,0,[],0,[]
8039,0,[],0,[]
8040,0,[],0,[]
8041,0,[],0,[]
8042,0,[],0,[]
8043,0,[],0,[]
8044,0,[],0,[]
8045,0,[],0,[]
8046,0,[],0,[]
8047,0,[],0,[]
8048,0,[],0,[]
8049,0,[],0,[]
8050,0,[],0,[]
8051,0,[],0,[]
8052,0,[],0,[]
8053,0,[],0,[]
8054,0,[],0,[]
8055,0,[],0,[]
8056,0,[],0,[]
8057,0,[],0,[]
8058,0,[],0,[]
8059,0,[],0,[]
8060,0,[],0,[]
8061,0,[],0,[]
8062,0,[],0,[]
8063,0,[],0,[]
8064,0,[],0,[]
8065,0,[],0,[]
8066,0,[],0,[]
8067,0,[],0,[]
8068,0,[],0,[]
8069,0,[],0,[]
8070,0,[],0,[]
8071,0,[],0,[]
8072,0,[],0,[]
8073,0,[],0,[]
8074,0,[],0,[]
8075,0,[],0,[]
8076,0,[],0,[]
8077,0,[],0,[]
8078,0,[],0,[]
8079,0,[],0,[]
8080,0,[],0,[]
8081,0,[],0,[]
8082,0,[],0,[]
8083,0,[],0,[]
8084,0,[],0,[]
8085,0,[],0,[]
8086,0,[],0,[]
8087,0,[],0,[]
8088,0,[],0,[]
8089,0,[],0,[]
8090,0,[],0,[]
8091,0,[],0,[]
8092,0,[],0,[]
8093,0,[],0,[]
8094,0,[],0,[]
8095,0,[],0,[]
8096,0,[],0,[]
8097,0,[],0,[]
8098,0,[],0,[]
8099,0,[],0,[]
8100,0,[],0,[]
8101,0,[],0,[]
8102,0,[],0,[]
8103,0,[],0,[]
8104,0,[],0,[]
8105,0,[],0,[]
8106,0,[],0,[]
8107,0,[],0,[]
8108,0,[],0,[]
8109,0,[],0,[]
8110,0,[],0,[]
8111,0,[],0,[]
8112,0,[],0,[]
8113,0,[],0,[]
8114,0,[],0,[]
8115,0,[],0,[]
8116,0,[],0,[]
8117,0,[],0,[]
8118,0,[],0,[]
8119,0,[],0,[]
8120,0,[],0,[]
8121,0,[],0,[]
8122,0,[],0,[]
8123,0,[],0,[]
8124,0,[],0,[]
8125,0,[],0,[]
8126,0,[],0,[]
8127,0,[],0,[]
8128,0,[],0,[]
8129,0,[],0,[]
8130,0,[],0,[]
8131,0,[],0,[]
8132,0,[],0,[]
8133,0,[],0,[]
8134,0,[],0,[]
8135,0,[],0,[]
8136,0,[],0,[]
8137,0,[],0,[]
8138,0,[],0,[]
8139,0,[],0,[]
8140,0,[],0,[]
8141,0,[],0,[]
8142,0,[],0,[]
8143,0,[],0,[]
8144,0,[],0,[]
8145,0,[],0,[]
8146,0,[],0,[]
8147,0,[],0,[]
8148,0,[],0,[]
8149,0,[],0,[]
8150,0,[],0,[]
8151,0,[],0,[]
8152,0,[],0,[]
8153,0,[],0,[]
8154,0,[],0,[]
8155,0,[],0,[]
8156,0,[],0,[]
8157,0,[],0,[]
8158,0,[],0,[]
8159,0,[],0,[]
8160,0,[],0,[]
8161,0,[],0,[]
8162,0,[],0,[]
8163,0,[],0,[]
8164,0,[],0,[]
8165,0,[],0,[]
8166,0,[],0,[]
8167,0,[],0,[]
8168,0,[],0,[]
8169,0,[],0,[]
8170,0,[],0,[]
8171,0,[],0,[]
8172,0,[],0,[]
8173,0,[],0,[]
8174,0,[],0,[]
8175,0,[],0,[]
8176,0,[],0,[]
8177,0,[],0,[]
8178,0,[],0,[]
8179,0,[],0,[]
8180,0,[],0,[]
8181,0,[],0,[]
8182,0,[],0,[]
8183,0,[],0,[]
8184,0,[],0,[]
8185,0,[],0,[]
8186,0,[],0,[]
8187,0,[],0,[]
8188,0,[],0,[]
8189,0,[],0,[]
8190,0,[],0,[]
8191,0,[],0,[]
8192,0,[],0,[]
8193,0,[],0,[]
8194,0,[],0,[]
8195,0,[],0,[]
8196,0,[],0,[]
8197,0,[],0,[]
8198,0,[],0,[]
8199,0,[],0,[]
8200,0,[],0,[]
8201,0,[],0,[]
8202,0,[],0,[]
8203,0,[],0,[]
8204,0,[],0,[]
8205,0,[],0,[]
8206,0,[],0,[]
8207,0,[],0,[]
8208,0,[],0,[]
8209,0,[],0,[]
8210,0,[],0,[]
8211,0,[],0,[]
8212,0,[],0,[]
8213,0,[],0,[]
8214,0,[],0,[]
8215,0,[],0,[]
8216,0,[],0,[]
8217,0,[],0,[]
8218,0,[],0,[]
8219,0,[],0,[]
8220,0,[],0,[]
8221,0,[],0,[]
8222,0,[],0,[]
8223,0,[],0,[]
8224,0,[],0,[]
8225,0,[],0,[]
8226,0,[],0,[]
8227,0,[],0,[]
8228,0,[],0,[]
8229,0,[],0,[]
8230,0,[],0,[]
8231,0,[],0,[]
8232,0,[],0,[]
8233,0,[],0,[]
8234,0,[],0,[]
8235,0,[],0,[]
8236,0,[],0,[]
8237,0,[],0,[]
8238,0,[],0,[]
8239,0,[],0,[]
8240,0,[],0,[]
8241,0,[],0,[]
8242,0,[],0,[]
8243,0,[],0,[]
8244,0,[],0,[]
8245,0,[],0,[]
8246,0,[],0,[]
8247,0,[],0,[]
8248,0,[],0,[]
8249,0,[],0,[]
8250,0,[],0,[]
8251,0,[],0,[]
8252,0,[],0,[]
8253,0,[],0,[]
8254,0,[],0,[]
8255,0,[],0,[]
8256,0,[],0,[]
8257,0,[],0,[]
8258,0,[],0,[]
8259,0,[],0,[]
8260,0,[],0,[]
8261,0,[],0,[]
8262,0,[],0,[]
8263,0,[],0,[]
8264,0,[],0,[]
8265,0,[],0,[]
8266,0,[],0,[]
8267,0,[],0,[]
8268,0,[],0,[]
8269,0,[],0,[]
8270,0,[],0,[]
8271,0,[],0,[]
8272,0,[],0,[]
8273,0,[],0,[]
8274,0,[],0,[]
8275,0,[],0,[]
8276,0,[],0,[]
8277,0,[],0,[]
8278,0,[],0,[]
8279,0,[],0,[]
8280,0,[],0,[]
8281,0,[],0,[]
8282,0,[],0,[]
8283,0,[],0,[]
8284,0,[],0,[]
8285,0,[],0,[]
8286,0,[],0,[]
8287,0,[],0,[]
8288,0,[],0,[]
8289,0,[],0,[]
8290,0,[],0,[]
8291,0,[],0,[]
8292,0,[],0,[]
8293,0,[],0,[]
8294,0,[],0,[]
8295,0,[],0,[]
8296,0,[],0,[]
8297,0,[],0,[]
8298,0,[],0,[]
8299,0,[],0,[]
8300,0,[],0,[]
8301,0,[],0,[]
8302,0,[],0,[]
8303,0,[],0,[]
8304,0,[],0,[]
8305,0,[],0,[]
8306,0,[],0,[]
8307,0,[],0,[]
8308,0,[],0,[]
8309,0,[],0,[]
8310,0,[],0,[]
8311,0,[],0,[]
8312,0,[],0,[]
8313,0,[],0,[]
8314,0,[],0,[]
8315,0,[],0,[]
8316,0,[],0,[]
8317,0,[],0,[]
8318,0,[],0,[]
8319,0,[],0,[]
8320,0,[],0,[]
8321,0,[],0,[]
8322,0,[],0,[]
8323,0,[],0,[]
8324,0,[],0,[]
8325,0,[],0,[]
8326,0,[],0,[]
8327,0,[],0,[]
8328,0,[],0,[]
8329,0,[],0,[]
8330,0,[],0,[]
8331,0,[],0,[]
8332,0,[],0,[]
8333,0,[],0,[]
8334,0,[],0,[]
8335,0,[],0,[]
8336,0,[],0,[]
8337,0,[],0,[]
8338,0,[],0,[]
8339,0,[],0,[]
8340,0,[],0,[]
8341,0,[],0,[]
8342,0,[],0,[]
8343,0,[],0,[]
8344,0,[],0,[]
8345,0,[],0,[]
8346,0,[],0,[]
8347,0,[],0,[]
8348,0,[],0,[]
8349,0,[],0,[]
8350,0,[],0,[]
8351,0,[],0,[]
8352,0,[],0,[]
8353,0,[],0,[]
8354,0,[],0,[]
8355,0,[],0,[]
8356,0,[],0,[]
8357,0,[],0,[]
8358,0,[],0,[]
8359,0,[],0,[]
8360,0,[],0,[]
8361,0,[],0,[]
8362,0,[],0,[]
8363,0,[],0,[]
8364,0,[],0,[]
8365,0,[],0,[]
8366,0,[],0,[]
8367,0,[],0,[]
8368,0,[],0,[]
8369,0,[],0,[]
8370,0,[],0,[]
8371,0,[],0,[]
8372,0,[],0,[]
8373,0,[],0,[]
8374,0,[],0,[]
8375,0,[],0,[]
8376,0,[],0,[]
8377,0,[],0,[]
8378,0,[],0,[]
8379,0,[],0,[]
8380,0,[],0,[]
8381,0,[],0,[]
8382,0,[],0,[]
8383,0,[],0,[]
8384,0,[],0,[]
8385,0,[],0,[]
8386,0,[],0,[]
8387,0,[],0,[]
8388,0,[],0,[]
8389,0,[],0,[]
8390,0,[],0,[]
8391,0,[],0,[]
8392,0,[],0,[]
8393,0,[],0,[]
8394,0,[],0,[]
8395,0,[],0,[]
8396,0,[],0,[]
8397,0,[],0,[]
8398,0,[],0,[]
8399,0,[],0,[]
8400,0,[],0,[]
8401,0,[],0,[]
8402,0,[],0,[]
8403,0,[],0,[]
8404,0,[],0,[]
8405,0,[],0,[]
8406,0,[],0,[]
8407,0,[],0,[]
8408,0,[],0,[]
8409,0,[],0,[]
8410,0,[],0,[]
8411,0,[],0,[]
8412,0,[],0,[]
8413,0,[],0,[]
8414,0,[],0,[]
8415,0,[],0,[]
8416,0,[],0,[]
8417,0,[],0,[]
8418,0,[],0,[]
8419,0,[],0,[]
8420,0,[],0,[]
8421,0,[],0,[]
8422,0,[],0,[]
8423,0,[],0,[]
8424,0,[],0,[]
8425,0,[],0,[]
8426,0,[],0,[]
8427,0,[],0,[]
8428,0,[],0,[]
8429,0,[],0,[]
8430,0,[],0,[]
8431,0,[],0,[]
8432,0,[],0,[]
8433,0,[],0,[]
8434,0,[],0,[]
8435,0,[],0,[]
8436,0,[],0,[]
8437,0,[],0,[]
8438,0,[],0,[]
8439,0,[],0,[]
8440,0,[],0,[]
8441,0,[],0,[]
8442,0,[],0,[]
8443,0,[],0,[]
8444,0,[],0,[]
8445,0,[],0,[]
8446,0,[],0,[]
8447,0,[],0,[]
8448,0,[],0,[]
8449,0,[],0,[]
8450,0,[],0,[]
8451,0,[],0,[]
8452,0,[],0,[]
8453,0,[],0,[]
8454,0,[],0,[]
8455,0,[],0,[]
8456,0,[],0,[]
8457,0,[],0,[]
8458,0,[],0,[]
8459,0,[],0,[]
8460,0,[],0,[]
8461,0,[],0,[]
8462,0,[],0,[]
8463,0,[],0,[]
8464,0,[],0,[]
8465,0,[],0,[]
8466,0,[],0,[]
8467,0,[],0,[]
8468,0,[],0,[]
8469,0,[],0,[]
8470,0,[],0,[]
8471,0,[],0,[]
8472,0,[],0,[]
8473,0,[],0,[]
8474,0,[],0,[]
8475,0,[],0,[]
8476,0,[],0,[]
8477,0,[],0,[]
8478,0,[],0,[]
8479,0,[],0,[]
8480,0,[],0,[]
8481,0,[],0,[]
8482,0,[],0,[]
8483,0,[],0,[]
8484,0,[],0,[]
8485,0,[],0,[]
8486,0,[],0,[]
8487,0,[],0,[]
8488,0,[],0,[]
8489,0,[],0,[]
8490,0,[],0,[]
8491,0,[],0,[]
8492,0,[],0,[]
8493,0,[],0,[]
8494,0,[],0,[]
8495,0,[],0,[]
8496,0,[],0,[]
8497,0,[],0,[]
8498,0,[],0,[]
8499,0,[],0,[]
8500,0,[],0,[]
8501,0,[],0,[]
8502,0,[],0,[]
8503,0,[],0,[]
8504,0,[],0,[]
8505,0,[],0,[]
8506,0,[],0,[]
8507,0,[],0,[]
8508,0,[],0,[]
8509,0,[],0,[]
8510,0,[],0,[]
8511,0,[],0,[]
8512,0,[],0,[]
8513,0,[],0,[]
8514,0,[],0,[]
8515,0,[],0,[]
8516,0,[],0,[]
8517,0,[],0,[]
8518,0,[],0,[]
8519,0,[],0,[]
8520,0,[],0,[]
8521,0,[],0,[]
8522,0,[],0,[]
8523,0,[],0,[]
8524,0,[],0,[]
8525,0,[],0,[]
8526,0,[],0,[]
8527,0,[],0,[]
8528,0,[],0,[]
8529,0,[],0,[]
8530,0,[],0,[]
8531,0,[],0,[]
8532,0,[],0,[]
8533,0,[],0,[]
8534,0,[],0,[]
8535,0,[],0,[]
8536,0,[],0,[]
8537,0,[],0,[]
8538,0,[],0,[]
8539,0,[],0,[]
8540,0,[],0,[]
8541,0,[],0,[]
8542,0,[],0,[]
8543,0,[],0,[]
8544,0,[],0,[]
8545,0,[],0,[]
8546,0,[],0,[]
8547,0,[],0,[]
8548,0,[],0,[]
8549,0,[],0,[]
8550,0,[],0,[]
8551,0,[],0,[]
8552,0,[],0,[]
8553,0,[],0,[]
8554,0,[],0,[]
8555,0,[],0,[]
8556,0,[],0,[]
8557,0,[],0,[]
8558,0,[],0,[]
8559,0,[],0,[]
8560,0,[],0,[]
8561,0,[],0,[]
8562,0,[],0,[]
8563,0,[],0,[]
8564,0,[],0,[]
8565,0,[],0,[]
8566,0,[],0,[]
8567,0,[],0,[]
8568,0,[],0,[]
8569,0,[],0,[]
8570,0,[],0,[]
8571,0,[],0,[]
8572,0,[],0,[]
8573,0,[],0,[]
8574,0,[],0,[]
8575,0,[],0,[]
8576,0,[],0,[]
8577,0,[],0,[]
8578,0,[],0,[]
8579,0,[],0,[]
8580,0,[],0,[]
8581,0,[],0,[]
8582,0,[],0,[]
8583,0,[],0,[]
8584,0,[],0,[]
8585,0,[],0,[]
8586,0,[],0,[]
8587,0,[],0,[]
8588,0,[],0,[]
8589,0,[],0,[]
8590,0,[],0,[]
8591,0,[],0,[]
8592,0,[],0,[]
8593,0,[],0,[]
8594,0,[],0,[]
8595,0,[],0,[]
8596,0,[],0,[]
8597,0,[],0,[]
8598,0,[],0,[]
8599,0,[],0,[]
8600,0,[],0,[]
8601,0,[],0,[]
8602,0,[],0,[]
8603,0,[],0,[]
8604,0,[],0,[]
8605,0,[],0,[]
8606,0,[],0,[]
8607,0,[],0,[]
8608,0,[],0,[]
8609,0,[],0,[]
8610,0,[],0,[]
8611,0,[],0,[]
8612,0,[],0,[]
8613,0,[],0,[]
8614,0,[],0,[]
8615,0,[],0,[]
8616,0,[],0,[]
8617,0,[],0,[]
8618,0,[],0,[]
8619,0,[],0,[]
8620,0,[],0,[]
8621,0,[],0,[]
8622,0,[],0,[]
8623,0,[],0,[]
8624,0,[],0,[]
8625,0,[],0,[]
8626,0,[],0,[]
8627,0,[],0,[]
8628,0,[],0,[]
8629,0,[],0,[]
8630,0,[],0,[]
8631,0,[],0,[]
8632,0,[],0,[]
8633,0,[],0,[]
8634,0,[],0,[]
8635,0,[],0,[]
8636,0,[],0,[]
8637,0,[],0,[]
8638,0,[],0,[]
8639,0,[],0,[]
8640,0,[],0,[]
8641,0,[],0,[]
8642,0,[],0,[]
8643,0,[],0,[]
8644,0,[],0,[]
8645,0,[],0,[]
8646,0,[],0,[]
8647,0,[],0,[]
8648,0,[],0,[]
8649,0,[],0,[]
8650,0,[],0,[]
8651,0,[],0,[]
8652,0,[],0,[]
8653,0,[],0,[]
8654,0,[],0,[]
8655,0,[],0,[]
8656,0,[],0,[]
8657,0,[],0,[]
8658,0,[],0,[]
8659,0,[],0,[]
8660,0,[],0,[]
8661,0,[],0,[]
8662,0,[],0,[]
8663,0,[],0,[]
8664,0,[],0,[]
8665,0,[],0,[]
8666,0,[],0,[]
8667,0,[],0,[]
8668,0,[],0,[]
8669,0,[],0,[]
8670,0,[],0,[]
8671,0,[],0,[]
8672,0,[],0,[]
8673,0,[],0,[]
8674,0,[],0,[]
8675,0,[],0,[]
8676,0,[],0,[]
8677,0,[],0,[]
8678,0,[],0,[]
8679,0,[],0,[]
8680,0,[],0,[]
8681,0,[],0,[]
8682,0,[],0,[]
8683,0,[],0,[]
8684,0,[],0,[]
8685,0,[],0,[]
8686,0,[],0,[]
8687,0,[],0,[]
8688,0,[],0,[]
8689,0,[],0,[]
8690,0,[],0,[]
8691,0,[],0,[]
8692,0,[],0,[]
8693,0,[],0,[]
8694,0,[],0,[]
8695,0,[],0,[]
8696,0,[],0,[]
8697,0,[],0,[]
8698,0,[],0,[]
8699,0,[],0,[]
8700,0,[],0,[]
8701,0,[],0,[]
8702,0,[],0,[]
8703,0,[],0,[]
8704,0,[],0,[]
8705,0,[],0,[]
8706,0,[],0,[]
8707,0,[],0,[]
8708,0,[],0,[]
8709,0,[],0,[]
8710,0,[],0,[]
8711,0,[],0,[]
8712,0,[],0,[]
8713,0,[],0,[]
8714,0,[],0,[]
8715,0,[],0,[]
8716,0,[],0,[]
8717,0,[],0,[]
8718,0,[],0,[]
8719,0,[],0,[]
8720,0,[],0,[]
8721,0,[],0,[]
8722,0,[],0,[]
8723,0,[],0,[]
8724,0,[],0,[]
8725,0,[],0,[]
8726,0,[],0,[]
8727,0,[],0,[]
8728,0,[],0,[]
8729,0,[],0,[]
8730,0,[],0,[]
8731,0,[],0,[]
8732,0,[],0,[]
8733,0,[],0,[]
8734,0,[],0,[]
8735,0,[],0,[]
8736,0,[],0,[]
8737,0,[],0,[]
8738,0,[],0,[]
8739,0,[],0,[]
8740,0,[],0,[]
8741,0,[],0,[]
8742,0,[],0,[]
8743,0,[],0,[]
8744,0,[],0,[]
8745,0,[],0,[]
8746,0,[],0,[]
8747,0,[],0,[]
8748,0,[],0,[]
8749,0,[],0,[]
8750,0,[],0,[]
8751,0,[],0,[]
8752,0,[],0,[]
8753,0,[],0,[]
8754,0,[],0,[]
8755,0,[],0,[]
8756,0,[],0,[]
8757,0,[],0,[]
8758,0,[],0,[]
8759,0,[],0,[]
8760,0,[],0,[]
8761,0,[],0,[]
8762,0,[],0,[]
8763,0,[],0,[]
8764,0,[],0,[]
8765,0,[],0,[]
8766,0,[],0,[]
8767,0,[],0,[]
8768,0,[],0,[]
8769,0,[],0,[]
8770,0,[],0,[]
8771,0,[],0,[]
8772,0,[],0,[]
8773,0,[],0,[]
8774,0,[],0,[]
8775,0,[],0,[]
8776,0,[],0,[]
8777,0,[],0,[]
8778,0,[],0,[]
8779,0,[],0,[]
8780,0,[],0,[]
8781,0,[],0,[]
8782,0,[],0,[]
8783,0,[],0,[]
8784,0,[],0,[]
8785,0,[],0,[]
8786,0,[],0,[]
8787,0,[],0,[]
8788,0,[],0,[]
8789,0,[],0,[]
8790,0,[],0,[]
8791,0,[],0,[]
8792,0,[],0,[]
8793,0,[],0,[]
8794,0,[],0,[]
8795,0,[],0,[]
8796,0,[],0,[]
8797,0,[],0,[]
8798,0,[],0,[]
8799,0,[],0,[]
8800,0,[],0,[]
8801,0,[],0,[]
8802,0,[],0,[]
8803,0,[],0,[]
8804,0,[],0,[]
8805,0,[],0,[]
8806,0,[],0,[]
8807,0,[],0,[]
8808,0,[],0,[]
8809,0,[],0,[]
8810,0,[],0,[]
8811,0,[],0,[]
8812,0,[],0,[]
8813,0,[],0,[]
8814,0,[],0,[]
8815,0,[],0,[]
8816,0,[],0,[]
8817,0,[],0,[]
8818,0,[],0,[]
8819,0,[],0,[]
8820,0,[],0,[]
8821,0,[],0,[]
8822,0,[],0,[]
8823,0,[],0,[]
8824,0,[],0,[]
8825,0,[],0,[]
8826,0,[],0,[]
8827,0,[],0,[]
8828,0,[],0,[]
8829,0,[],0,[]
8830,0,[],0,[]
8831,0,[],0,[]
8832,0,[],0,[]
8833,0,[],0,[]
8834,0,[],0,[]
8835,0,[],0,[]
8836,0,[],0,[]
8837,0,[],0,[]
8838,0,[],0,[]
8839,0,[],0,[]
8840,0,[],0,[]
8841,0,[],0,[]
8842,0,[],0,[]
8843,0,[],0,[]
8844,0,[],0,[]
8845,0,[],0,[]
8846,0,[],0,[]
8847,0,[],0,[]
8848,0,[],0,[]
8849,0,[],0,[]
8850,0,[],0,[]
8851,0,[],0,[]
8852,0,[],0,[]
8853,0,[],0,[]
8854,0,[],0,[]
8855,0,[],0,[]
8856,0,[],0,[]
8857,0,[],0,[]
8858,0,[],0,[]
8859,0,[],0,[]
8860,0,[],0,[]
8861,0,[],0,[]
8862,0,[],0,[]
8863,0,[],0,[]
8864,0,[],0,[]
8865,0,[],0,[]
8866,0,[],0,[]
8867,0,[],0,[]
8868,0,[],0,[]
8869,0,[],0,[]
8870,0,[],0,[]
8871,0,[],0,[]
8872,0,[],0,[]
8873,0,[],0,[]
8874,0,[],0,[]
8875,0,[],0,[]
8876,0,[],0,[]
8877,0,[],0,[]
8878,0,[],0,[]
8879,0,[],0,[]
8880,0,[],0,[]
8881,0,[],0,[]
8882,0,[],0,[]
8883,0,[],0,[]
8884,0,[],0,[]
8885,0,[],0,[]
8886,0,[],0,[]
8887,0,[],0,[]
8888,0,[],0,[]
8889,0,[],0,[]
8890,0,[],0,[]
8891,0,[],0,[]
8892,0,[],0,[]
8893,0,[],0,[]
8894,0,[],0,[]
8895,0,[],0,[]
8896,0,[],0,[]
8897,0,[],0,[]
8898,0,[],0,[]
8899,0,[],0,[]
8900,0,[],0,[]
8901,0,[],0,[]
8902,0,[],0,[]
8903,0,[],0,[]
8904,0,[],0,[]
8905,0,[],0,[]
8906,0,[],0,[]
8907,0,[],0,[]
8908,0,[],0,[]
8909,0,[],0,[]
8910,0,[],0,[]
8911,0,[],0,[]
8912,0,[],0,[]
8913,0,[],0,[]
8914,0,[],0,[]
8915,0,[],0,[]
8916,0,[],0,[]
8917,0,[],0,[]
8918,0,[],0,[]
8919,0,[],0,[]
8920,0,[],0,[]
8921,0,[],0,[]
8922,0,[],0,[]
8923,0,[],0,[]
8924,0,[],0,[]
8925,0,[],0,[]
8926,0,[],0,[]
8927,0,[],0,[]
8928,0,[],0,[]
8929,0,[],0,[]
8930,0,[],0,[]
8931,0,[],0,[]
8932,0,[],0,[]
8933,0,[],0,[]
8934,0,[],0,[]
8935,0,[],0,[]
8936,0,[],0,[]
8937,0,[],0,[]
8938,0,[],0,[]
8939,0,[],0,[]
8940,0,[],0,[]
8941,0,[],0,[]
8942,0,[],0,[]
8943,0,[],0,[]
8944,0,[],0,[]
8945,0,[],0,[]
8946,0,[],0,[]
8947,0,[],0,[]
8948,0,[],0,[]
8949,0,[],0,[]
8950,0,[],0,[]
8951,0,[],0,[]
8952,0,[],0,[]
8953,0,[],0,[]
8954,0,[],0,[]
8955,0,[],0,[]
8956,0,[],0,[]
8957,0,[],0,[]
8958,0,[],0,[]
8959,0,[],0,[]
8960,0,[],0,[]
8961,0,[],0,[]
8962,0,[],0,[]
8963,0,[],0,[]
8964,0,[],0,[]
8965,0,[],0,[]
8966,0,[],0,[]
8967,0,[],0,[]
8968,0,[],0,[]
8969,0,[],0,[]
8970,0,[],0,[]
8971,0,[],0,[]
8972,0,[],0,[]
8973,0,[],0,[]
8974,0,[],0,[]
8975,0,[],0,[]
8976,0,[],0,[]
8977,0,[],0,[]
8978,0,[],0,[]
8979,0,[],0,[]
8980,0,[],0,[]
8981,0,[],0,[]
8982,0,[],0,[]
8983,0,[],0,[]
8984,0,[],0,[]
8985,0,[],0,[]
8986,0,[],0,[]
8987,0,[],0,[]
8988,0,[],0,[]
8989,0,[],0,[]
8990,0,[],0,[]
8991,0,[],0,[]
8992,0,[],0,[]
8993,0,[],0,[]
8994,0,[],0,[]
8995,0,[],0,[]
8996,0,[],0,[]
8997,0,[],0,[]
8998,0,[],0,[]
8999,0,[],0,[]
9000,0,[],0,[]
9001,0,[],0,[]
9002,0,[],0,[]
9003,0,[],0,[]
9004,0,[],0,[]
9005,0,[],0,[]
9006,0,[],0,[]
9007,0,[],0,[]
9008,0,[],0,[]
9009,0,[],0,[]
9010,0,[],0,[]
9011,0,[],0,[]
9012,0,[],0,[]
9013,0,[],0,[]
9014,0,[],0,[]
9015,0,[],0,[]
9016,0,[],0,[]
9017,0,[],0,[]
9018,0,[],0,[]
9019,0,[],0,[]
9020,0,[],0,[]
9021,0,[],0,[]
9022,0,[],0,[]
9023,0,[],0,[]
9024,0,[],0,[]
9025,0,[],0,[]
9026,0,[],0,[]
9027,0,[],0,[]
9028,0,[],0,[]
9029,0,[],0,[]
9030,0,[],0,[]
9031,0,[],0,[]
9032,0,[],0,[]
9033,0,[],0,[]
9034,0,[],0,[]
9035,0,[],0,[]
9036,0,[],0,[]
9037,0,[],0,[]
9038,0,[],0,[]
9039,0,[],0,[]
9040,0,[],0,[]
9041,0,[],0,[]
9042,0,[],0,[]
9043,0,[],0,[]
9044,0,[],0,[]
9045,0,[],0,[]
9046,0,[],0,[]
9047,0,[],0,[]
9048,0,[],0,[]
9049,0,[],0,[]
9050,0,[],0,[]
9051,0,[],0,[]
9052,0,[],0,[]
9053,0,[],0,[]
9054,0,[],0,[]
9055,0,[],0,[]
9056,0,[],0,[]
9057,0,[],0,[]
9058,0,[],0,[]
9059,0,[],0,[]
9060,0,[],0,[]
9061,0,[],0,[]
9062,0,[],0,[]
9063,0,[],0,[]
9064,0,[],0,[]
9065,0,[],0,[]
9066,0,[],0,[]
9067,0,[],0,[]
9068,0,[],0,[]
9069,0,[],0,[]
9070,0,[],0,[]
9071,0,[],0,[]
9072,0,[],0,[]
9073,0,[],0,[]
9074,0,[],0,[]
9075,0,[],0,[]
9076,0,[],0,[]
9077,0,[],0,[]
9078,0,[],0,[]
9079,0,[],0,[]
9080,0,[],0,[]
9081,0,[],0,[]
9082,0,[],0,[]
9083,0,[],0,[]
9084,0,[],0,[]
9085,0,[],0,[]
9086,0,[],0,[]
9087,0,[],0,[]
9088,0,[],0,[]
9089,0,[],0,[]
9090,0,[],0,[]
9091,0,[],0,[]
9092,0,[],0,[]
9093,0,[],0,[]
9094,0,[],0,[]
9095,0,[],0,[]
9096,0,[],0,[]
9097,0,[],0,[]
9098,0,[],0,[]
9099,0,[],0,[]
9100,0,[],0,[]
9101,0,[],0,[]
9102,0,[],0,[]
9103,0,[],0,[]
9104,0,[],0,[]
9105,0,[],0,[]
9106,0,[],0,[]
9107,0,[],0,[]
9108,0,[],0,[]
9109,0,[],0,[]
9110,0,[],0,[]
9111,0,[],0,[]
9112,0,[],0,[]
9113,0,[],0,[]
9114,0,[],0,[]
9115,0,[],0,[]
9116,0,[],0,[]
9117,0,[],0,[]
9118,0,[],0,[]
9119,0,[],0,[]
9120,0,[],0,[]
9121,0,[],0,[]
9122,0,[],0,[]
9123,0,[],0,[]
9124,0,[],0,[]
9125,0,[],0,[]
9126,0,[],0,[]
9127,0,[],0,[]
9128,0,[],0,[]
9129,0,[],0,[]
9130,0,[],0,[]
9131,0,[],0,[]
9132,0,[],0,[]
9133,0,[],0,[]
9134,0,[],0,[]
9135,0,[],0,[]
9136,0,[],0,[]
9137,0,[],0,[]
9138,0,[],0,[]
9139,0,[],0,[]
9140,0,[],0,[]
9141,0,[],0,[]
9142,0,[],0,[]
9143,0,[],0,[]
9144,0,[],0,[]
9145,0,[],0,[]
9146,0,[],0,[]
9147,0,[],0,[]
9148,0,[],0,[]
9149,0,[],0,[]
9150,0,[],0,[]
9151,0,[],0,[]
9152,0,[],0,[]
9153,0,[],0,[]
9154,0,[],0,[]
9155,0,[],0,[]
9156,0,[],0,[]
9157,0,[],0,[]
9158,0,[],0,[]
9159,0,[],0,[]
9160,0,[],0,[]
9161,0,[],0,[]
9162,0,[],0,[]
9163,0,[],0,[]
9164,0,[],0,[]
9165,0,[],0,[]
9166,0,[],0,[]
9167,0,[],0,[]
9168,0,[],0,[]
9169,0,[],0,[]
9170,0,[],0,[]
9171,0,[],0,[]
9172,0,[],0,[]
9173,0,[],0,[]
9174,0,[],0,[]
9175,0,[],0,[]
9176,0,[],0,[]
9177,0,[],0,[]
9178,0,[],0,[]
9179,0,[],0,[]
9180,0,[],0,[]
9181,0,[],0,[]
9182,0,[],0,[]
9183,0,[],0,[]
9184,0,[],0,[]
9185,0,[],0,[]
9186,0,[],0,[]
9187,0,[],0,[]
9188,0,[],0,[]
9189,0,[],0,[]
9190,0,[],0,[]
9191,0,[],0,[]
9192,0,[],0,[]
9193,0,[],0,[]
9194,0,[],0,[]
9195,0,[],0,[]
9196,0,[],0,[]
9197,0,[],0,[]
9198,0,[],0,[]
9199,0,[],0,[]
9200,0,[],0,[]
9201,0,[],0,[]
9202,0,[],0,[]
9203,0,[],0,[]
9204,0,[],0,[]
9205,0,[],0,[]
9206,0,[],0,[]
9207,0,[],0,[]
9208,0,[],0,[]
9209,0,[],0,[]
9210,0,[],0,[]
9211,0,[],0,[]
9212,0,[],0,[]
9213,0,[],0,[]
9214,0,[],0,[]
9215,0,[],0,[]
9216,0,[],0,[]
9217,0,[],0,[]
9218,0,[],0,[]
9219,0,[],0,[]
9220,0,[],0,[]
9221,0,[],0,[]
9222,0,[],0,[]
9223,0,[],0,[]
9224,0,[],0,[]
9225,0,[],0,[]
9226,0,[],0,[]
9227,0,[],0,[]
9228,0,[],0,[]
9229,0,[],0,[]
9230,0,[],0,[]
9231,0,[],0,[]
9232,0,[],0,[]
9233,0,[],0,[]
9234,0,[],0,[]
9235,0,[],0,[]
9236,0,[],0,[]
9237,0,[],0,[]
9238,0,[],0,[]
9239,0,[],0,[]
9240,0,[],0,[]
9241,0,[],0,[]
9242,0,[],0,[]
9243,0,[],0,[]
9244,0,[],0,[]
9245,0,[],0,[]
9246,0,[],0,[]
9247,0,[],0,[]
9248,0,[],0,[]
9249,0,[],0,[]
9250,0,[],0,[]
9251,0,[],0,[]
9252,0,[],0,[]
9253,0,[],0,[]
9254,0,[],0,[]
9255,0,[],0,[]
9256,0,[],0,[]
9257,0,[],0,[]
9258,0,[],0,[]
9259,0,[],0,[]
9260,0,[],0,[]
9261,0,[],0,[]
9262,0,[],0,[]
9263,0,[],0,[]
9264,0,[],0,[]
9265,0,[],0,[]
9266,0,[],0,[]
9267,0,[],0,[]
9268,0,[],0,[]
9269,0,[],0,[]
9270,0,[],0,[]
9271,0,[],0,[]
9272,0,[],0,[]
9273,0,[],0,[]
9274,0,[],0,[]
9275,0,[],0,[]
9276,0,[],0,[]
9277,0,[],0,[]
9278,0,[],0,[]
9279,0,[],0,[]
9280,0,[],0,[]
9281,0,[],0,[]
9282,0,[],0,[]
9283,0,[],0,[]
9284,0,[],0,[]
9285,0,[],0,[]
9286,0,[],0,[]
9287,0,[],0,[]
9288,0,[],0,[]
9289,0,[],0,[]
9290,0,[],0,[]
9291,0,[],0,[]
9292,0,[],0,[]
9293,0,[],0,[]
9294,0,[],0,[]
9295,0,[],0,[]
9296,0,[],0,[]
9297,0,[],0,[]
9298,0,[],0,[]
9299,0,[],0,[]
9300,0,[],0,[]
9301,0,[],0,[]
9302,0,[],0,[]
9303,0,[],0,[]
9304,0,[],0,[]
9305,0,[],0,[]
9306,0,[],0,[]
9307,0,[],0,[]
9308,0,[],0,[]
9309,0,[],0,[]
9310,0,[],0,[]
9311,0,[],0,[]
9312,0,[],0,[]
9313,0,[],0,[]
9314,0,[],0,[]
9315,0,[],0,[]
9316,0,[],0,[]
9317,0,[],0,[]
9318,0,[],0,[]
9319,0,[],0,[]
9320,0,[],0,[]
9321,0,[],0,[]
9322,0,[],0,[]
9323,0,[],0,[]
9324,0,[],0,[]
9325,0,[],0,[]
9326,0,[],0,[]
9327,0,[],0,[]
9328,0,[],0,[]
9329,0,[],0,[]
9330,0,[],0,[]
9331,0,[],0,[]
9332,0,[],0,[]
9333,0,[],0,[]
9334,0,[],0,[]
9335,0,[],0,[]
9336,0,[],0,[]
9337,0,[],0,[]
9338,0,[],0,[]
9339,0,[],0,[]
9340,0,[],0,[]
9341,0,[],0,[]
9342,0,[],0,[]
9343,0,[],0,[]
9344,0,[],0,[]
9345,0,[],0,[]
9346,0,[],0,[]
9347,0,[],0,[]
9348,0,[],0,[]
9349,0,[],0,[]
9350,0,[],0,[]
9351,0,[],0,[]
9352,0,[],0,[]
9353,0,[],0,[]
9354,0,[],0,[]
9355,0,[],0,[]
9356,0,[],0,[]
9357,0,[],0,[]
9358,0,[],0,[]
9359,0,[],0,[]
9360,0,[],0,[]
9361,0,[],0,[]
9362,0,[],0,[]
9363,0,[],0,[]
9364,0,[],0,[]
9365,0,[],0,[]
9366,0,[],0,[]
9367,0,[],0,[]
9368,0,[],0,[]
9369,0,[],0,[]
9370,0,[],0,[]
9371,0,[],0,[]
9372,0,[],0,[]
9373,0,[],0,[]
9374,0,[],0,[]
9375,0,[],0,[]
9376,0,[],0,[]
9377,0,[],0,[]
9378,0,[],0,[]
9379,0,[],0,[]
9380,0,[],0,[]
9381,0,[],0,[]
9382,0,[],0,[]
9383,0,[],0,[]
9384,0,[],0,[]
9385,0,[],0,[]
9386,0,[],0,[]
9387,0,[],0,[]
9388,0,[],0,[]
9389,0,[],0,[]
9390,0,[],0,[]
9391,0,[],0,[]
9392,0,[],0,[]
9393,0,[],0,[]
9394,0,[],0,[]
9395,0,[],0,[]
9396,0,[],0,[]
9397,0,[],0,[]
9398,0,[],0,[]
9399,0,[],0,[]
9400,0,[],0,[]
9401,0,[],0,[]
9402,0,[],0,[]
9403,0,[],0,[]
9404,0,[],0,[]
9405,0,[],0,[]
9406,0,[],0,[]
9407,0,[],0,[]
9408,0,[],0,[]
9409,0,[],0,[]
9410,0,[],0,[]
9411,0,[],0,[]
9412,0,[],0,[]
9413,0,[],0,[]
9414,0,[],0,[]
9415,0,[],0,[]
9416,0,[],0,[]
9417,0,[],0,[]
9418,0,[],0,[]
9419,0,[],0,[]
9420,0,[],0,[]
9421,0,[],0,[]
9422,0,[],0,[]
9423,0,[],0,[]
9424,0,[],0,[]
9425,0,[],0,[]
9426,0,[],0,[]
9427,0,[],0,[]
9428,0,[],0,[]
9429,0,[],0,[]
9430,0,[],0,[]
9431,0,[],0,[]
9432,0,[],0,[]
9433,0,[],0,[]
9434,0,[],0,[]
9435,0,[],0,[]
9436,0,[],0,[]
9437,0,[],0,[]
9438,0,[],0,[]
9439,0,[],0,[]
9440,0,[],0,[]
9441,0,[],0,[]
9442,0,[],0,[]
9443,0,[],0,[]
9444,0,[],0,[]
9445,0,[],0,[]
